"Time (s)","X (m/s^2)","Y (m/s^2)","Z (m/s^2)"
9.729166632E-4,6.125262451E-1,5.439688110E0,8.121960297E0
1.101891667E-2,6.932084656E-1,5.528303833E0,8.081544342E0
2.106591666E-2,7.945477295E-1,5.558840332E0,8.096213837E0
3.111191667E-2,8.324189758E-1,5.575904846E0,8.126450958E0
4.115791668E-2,8.161029053E-1,5.574557648E0,8.062234497E0
5.120391666E-2,7.685018921E-1,5.566324768E0,7.934849396E0
6.124991667E-2,6.993457031E-1,5.545817413E0,7.834557953E0
7.129591668E-2,6.454577637E-1,5.483247528E0,7.794740753E0
8.134191667E-2,6.074368286E-1,5.472769318E0,7.833360443E0
9.138791668E-2,4.941224670E-1,5.351521454E0,7.906558228E0
1.014339167E-1,3.884422302E-1,5.281018066E0,7.945776672E0
1.114809167E-1,3.059637451E-1,5.221142578E0,8.029602356E0
1.215269167E-1,2.329156494E-1,5.144951019E0,8.104147339E0
1.315729167E-1,1.887574768E-1,5.129682770E0,8.160130920E0
1.416189167E-1,2.351609802E-1,5.126988373E0,8.171357574E0
1.516649167E-1,3.019221497E-1,5.127437439E0,8.220455475E0
1.617105833E-1,3.278182983E-1,5.115013275E0,8.227790222E0
1.717565834E-1,3.465293884E-1,5.110372925E0,8.231831818E0
1.818025833E-1,4.282594299E-1,5.120402069E0,8.119265900E0
1.918485833E-1,3.616479492E-1,5.126389618E0,8.046966248E0
2.018955833E-1,2.338137817E-1,5.060526581E0,7.993677063E0
2.119415833E-1,1.516346741E-1,5.026098175E0,7.942633209E0
2.219875834E-1,1.104702759E-1,5.038672028E0,7.994874573E0
2.320335833E-1,3.420387268E-1,5.292843475E0,8.411009216E0
2.420795833E-1,3.661386108E-1,5.317093048E0,8.421936493E0
2.521255833E-1,3.318598938E-1,5.257966003E0,8.261619873E0
2.621715833E-1,4.417314148E-1,5.376818848E0,8.318501587E0
2.722175833E-1,6.111790466E-1,5.437891846E0,8.340356140E0
2.822635833E-1,7.280859375E-1,5.500162354E0,8.367898865E0
2.923105833E-1,7.441026306E-1,5.552703094E0,8.331374817E0
3.023565833E-1,7.557783508E-1,5.547014923E0,8.234077148E0
3.124025833E-1,7.494914246E-1,5.585035858E0,8.217461700E0
3.224485833E-1,6.873706055E-1,5.550607452E0,8.153694305E0
3.324945833E-1,5.809419250E-1,5.488037567E0,7.950566711E0
3.425405833E-1,6.191125488E-1,5.496120758E0,7.961493988E0
3.525865834E-1,6.477030945E-1,5.528752899E0,8.139922943E0
3.626325833E-1,7.053332520E-1,5.408103790E0,8.147856445E0
3.726785833E-1,7.722441101E-1,5.438640289E0,8.127498779E0
3.827245834E-1,5.110372925E-1,5.329816589E0,8.147108002E0
3.927715833E-1,5.873785400E-1,5.297184448E0,8.317603455E0
4.028175834E-1,4.867877197E-1,5.317542114E0,8.303233337E0
4.128635833E-1,3.900888062E-1,5.234015808E0,8.247998199E0
4.229095833E-1,2.285746765E-1,5.188809814E0,8.298742676E0
4.329555834E-1,5.463638306E-2,5.088817749E0,8.381670227E0
4.430015833E-1,4.445755005E-2,5.128185883E0,8.284522247E0
4.530475833E-1,4.191284180E-2,5.081333313E0,8.135581970E0
4.630935833E-1,1.044827271E-1,5.156776428E0,8.115523682E0
4.731395833E-1,2.306703186E-1,5.207820282E0,8.179440765E0
4.831865834E-1,3.475772095E-1,5.267845459E0,8.273145905E0
4.932325833E-1,3.995191956E-1,5.319937134E0,8.321495361E0
5.032785833E-1,4.263134766E-1,5.321434021E0,8.329877930E0
5.133245833E-1,4.655319214E-1,5.372926941E0,8.289911041E0
5.233705833E-1,5.236111450E-1,5.433550873E0,8.223000183E0
5.334165833E-1,5.547463989E-1,5.447771301E0,8.208181000E0
5.434625833E-1,5.233117676E-1,5.446424103E0,8.201295319E0
5.535085833E-1,4.400848389E-1,5.410648499E0,8.158783722E0
5.635545834E-1,3.261717224E-1,5.370232544E0,8.054450684E0
5.736005833E-1,2.719844055E-1,5.312752075E0,8.011789398E0
5.836475833E-1,2.734812927E-1,5.240452423E0,8.025411072E0
5.936935833E-1,3.079096985E-1,5.250481567E0,8.034242706E0
6.037395833E-1,3.742218018E-1,5.238057404E0,8.140372009E0
6.137855834E-1,3.457809448E-1,5.208718414E0,8.218808899E0
6.238315833E-1,3.162922668E-1,5.203479309E0,8.258476410E0
6.338775833E-1,3.239263916E-1,5.216352539E0,8.192164307E0
6.439235834E-1,3.679348755E-1,5.288053436E0,8.057743835E0
6.539695833E-1,4.587959290E-1,5.338348846E0,7.968679047E0
6.640155833E-1,5.086422729E-1,5.356610870E0,7.992180176E0
6.740625833E-1,5.501060486E-1,5.370531921E0,8.062234497E0
6.841085833E-1,5.189707947E-1,5.311704254E0,8.168663177E0
6.941545834E-1,5.519023132E-1,5.282365265E0,8.348589020E0
7.042005833E-1,6.288423157E-1,5.391338654E0,8.478369141E0
7.142465833E-1,6.256988525E-1,5.409001923E0,8.334218903E0
7.242925833E-1,6.276448059E-1,5.433401184E0,8.256231079E0
7.343385833E-1,5.480104065E-1,5.454058228E0,8.283624115E0
7.443845833E-1,4.116439819E-1,5.387746124E0,8.018226013E0
7.544305833E-1,2.386038208E-1,5.317841492E0,7.988587646E0
7.644765833E-1,1.672023010E-1,5.272036743E0,8.002209320E0
7.745225833E-1,5.927673340E-2,5.284161530E0,7.935747528E0
7.845695833E-1,9.370513916E-2,5.272635498E0,7.914042664E0
7.946155833E-1,1.386117554E-1,5.318140869E0,7.935448151E0
8.046615833E-1,2.302212524E-1,5.371879120E0,7.982450409E0
8.147075833E-1,3.608995056E-1,5.421875153E0,8.087232513E0
8.247535834E-1,3.619473267E-1,5.443280640E0,8.157436523E0
8.347995833E-1,3.086581421E-1,5.407654724E0,8.178842010E0
8.448455833E-1,2.582130432E-1,5.400918732E0,8.231981506E0
8.548915834E-1,2.384541321E-1,5.371280365E0,8.247399445E0
8.649375833E-1,2.559677124E-1,5.365741882E0,8.305628357E0
8.749835833E-1,2.442919922E-1,5.347180481E0,8.287066956E0
8.850305833E-1,2.522254944E-1,5.335205383E0,8.253237305E0
8.950765833E-1,2.465373230E-1,5.304668884E0,8.272397461E0
9.051225834E-1,2.094145203E-1,5.261708221E0,8.288264465E0
9.151685833E-1,2.209405518E-1,5.216053162E0,8.265511780E0
9.252145833E-1,2.450404358E-1,5.149291992E0,8.240663452E0
9.352605833E-1,2.547702026E-1,5.094356232E0,8.256380768E0
9.453065833E-1,2.501298523E-1,5.027744751E0,8.273744659E0
9.553525833E-1,2.486329651E-1,4.966222687E0,8.334069214E0
9.653985833E-1,2.796185303E-1,4.940775604E0,8.340056763E0
9.754445833E-1,2.829116821E-1,4.916675720E0,8.353079681E0
9.854905833E-1,2.787203979E-1,4.900659027E0,8.338260498E0
9.955375833E-1,2.903961182E-1,4.913532257E0,8.334667969E0
1.005583583E0,3.432362366E-1,4.983436890E0,8.275241547E0
1.015629583E0,2.871029663E-1,4.990771637E0,8.157885590E0
1.025675583E0,1.999841309E-1,4.983885956E0,7.998916168E0
1.035721583E0,1.324745178E-1,5.037025452E0,7.847131805E0
1.045767583E0,1.351689148E-1,5.067711639E0,7.780670013E0
1.055813583E0,1.402583313E-1,5.064717865E0,7.825426941E0
1.065859583E0,1.715432739E-1,5.132077789E0,7.962691498E0
1.075905583E0,1.868115234E-1,5.123395844E0,8.066126404E0
1.085951583E0,1.631607056E-1,5.130431213E0,8.168214111E0
1.095997583E0,1.188528442E-1,5.121599579E0,8.239615631E0
1.106044583E0,6.481521606E-2,5.088218994E0,8.272098083E0
1.116090583E0,-3.517684937E-2,5.076393585E0,8.233478394E0
1.126136583E0,-8.831634521E-2,5.091661835E0,8.140072632E0
1.136182583E0,-1.847158813E-1,5.091961212E0,8.052953796E0
1.146228583E0,-3.415896606E-1,5.097948761E0,7.974516907E0
1.156274583E0,-5.056484985E-1,5.160818024E0,7.770790558E0
1.166320917E0,-6.170169067E-1,5.254373474E0,7.497159576E0
1.176366917E0,-6.851252747E-1,5.364544373E0,7.325616302E0
1.186412917E0,-7.053332520E-1,5.467979279E0,7.233108673E0
1.196458917E0,-6.544390869E-1,5.594166870E0,7.274722137E0
1.206504917E0,-5.881269836E-1,5.647006989E0,7.489525452E0
1.216550917E0,-4.986131287E-1,5.706283722E0,7.651788025E0
1.226597917E0,-4.462220764E-1,5.673052826E0,7.852969666E0
1.236643917E0,-3.104544067E-1,5.610183563E0,8.182733917E0
1.246689917E0,-4.535568237E-2,5.523813171E0,8.693322144E0
1.256735917E0,1.757345581E-1,5.400619354E0,9.199868774E0
1.266781917E0,2.595602417E-1,5.254822540E0,9.572144623E0
1.276827917E0,2.091151428E-1,5.091362457E0,9.756261749E0
1.286873917E0,1.281335449E-1,4.972958679E0,9.667795715E0
1.296919917E0,8.696914673E-2,5.016069031E0,9.336085510E0
1.306965917E0,9.894424438E-2,5.100643158E0,8.866811371E0
1.317011917E0,9.789642334E-2,5.214855652E0,8.417445831E0
1.327057917E0,1.176553345E-1,5.339246979E0,7.994126129E0
1.337104917E0,1.661544800E-1,5.457650757E0,7.652536469E0
1.347150917E0,1.290316772E-1,5.547314301E0,7.365732880E0
1.357196917E0,6.466552734E-2,5.542374573E0,7.084168396E0
1.367242917E0,2.245330811E-3,5.559738464E0,6.909331970E0
1.377288917E0,-3.921844482E-2,5.537734222E0,6.881489868E0
1.387334917E0,-7.978408813E-2,5.500162354E0,6.909182281E0
1.397380917E0,-1.416055298E-1,5.426066437E0,6.960974579E0
1.407426917E0,-1.571731567E-1,5.413642273E0,7.002138977E0
1.417472917E0,-1.631607056E-1,5.455854492E0,7.000941467E0
1.427518917E0,-1.663041687E-1,5.468877411E0,6.971153412E0
1.437564917E0,-1.996847534E-1,5.492827606E0,6.991062012E0
1.447610917E0,-2.073188782E-1,5.544769592E0,7.049889679E0
1.457656917E0,-1.651066589E-1,5.586383057E0,7.180268555E0
1.467703917E0,-1.612147522E-1,5.621110840E0,7.407945099E0
1.477749917E0,-1.710942078E-1,5.644911346E0,7.643555145E0
1.487795917E0,-1.604663086E-1,5.669011230E0,7.862549744E0
1.497841917E0,-1.675016785E-1,5.685926056E0,8.104596405E0
1.507887917E0,-1.752854919E-1,5.669310608E0,8.359216919E0
1.517933917E0,-1.785786438E-1,5.657185822E0,8.545279999E0
1.527979917E0,-1.905537415E-1,5.659431152E0,8.834179230E0
1.538025917E0,-1.661544800E-1,5.598956909E0,9.141340485E0
1.548071917E0,-1.492396545E-1,5.578150177E0,9.395960999E0
1.558117917E0,-1.431024170E-1,5.647456055E0,9.575138397E0
1.568163917E0,-2.134561157E-1,5.870791626E0,9.626032562E0
1.578209917E0,-4.320016479E-1,6.309379578E0,9.484127655E0
1.588255917E0,-6.231541443E-1,6.737938385E0,9.218280487E0
1.598302917E0,-5.804928589E-1,6.976392517E0,8.983269196E0
1.608348917E0,-2.980302429E-1,7.029981079E0,9.128916321E0
1.618394917E0,1.326242065E-1,6.879843292E0,1.000055374E1
1.628440917E0,6.703060913E-1,6.421795807E0,1.142035126E1
1.638486917E0,1.128054199E0,5.839955750E0,1.287098465E1
1.648532917E0,1.285526733E0,5.140909424E0,1.394589935E1
1.658578917E0,1.030457153E0,4.372557220E0,1.423704391E1
1.668624917E0,4.183799744E-1,3.699706421E0,1.388737106E1
1.678670917E0,-2.344125366E-1,3.156036987E0,1.307411224E1
1.688716917E0,-5.604345703E-1,2.996618500E0,1.226504471E1
1.698762917E0,-5.110372925E-1,3.050057373E0,1.163889679E1
1.708808917E0,-3.861968994E-1,3.194656677E0,1.113773895E1
1.718854917E0,-1.802252197E-1,3.355272675E0,1.057805283E1
1.728901917E0,3.068618774E-2,3.437900848E0,9.886940002E0
1.738947917E0,2.752775574E-1,3.539389801E0,9.173373871E0
1.748993917E0,5.837860107E-1,3.665727081E0,8.696166229E0
1.759039917E0,9.470805359E-1,3.780089264E0,8.521629181E0
1.769085917E0,1.360071716E0,3.855981445E0,8.533903656E0
1.779131917E0,1.700912933E0,3.919000397E0,8.685688019E0
1.789177917E0,1.958527222E0,3.968697052E0,8.785829773E0
1.799223917E0,2.036664734E0,3.936064911E0,8.861871643E0
1.809269917E0,1.963466949E0,3.884272614E0,8.859177246E0
1.819315917E0,1.764680328E0,3.788471832E0,8.812174988E0
1.829361917E0,1.484163666E0,3.655997314E0,8.721613312E0
1.839407917E0,1.134341125E0,3.522025909E0,8.622818756E0
1.849453917E0,7.822732544E-1,3.394191742E0,8.564889221E0
1.859499917E0,4.634362793E-1,3.286116486E0,8.425229645E0
1.869546917E0,1.815724182E-1,3.219654694E0,8.243208160E0
1.879592917E0,-8.053253174E-2,3.182232513E0,8.024662628E0
1.889638917E0,-2.995271301E-1,3.180436249E0,7.791896667E0
1.899684917E0,-4.519102478E-1,3.237018585E0,7.528444519E0
1.909730917E0,-5.147795105E-1,3.353775787E0,7.216493225E0
1.919776917E0,-5.316943359E-1,3.477867737E0,6.913672943E0
1.929822917E0,-5.327421570E-1,3.579955444E0,6.602320404E0
1.939868917E0,-5.852828979E-1,3.700005798E0,6.346203003E0
1.949914917E0,-5.538482666E-1,3.798351288E0,6.161636810E0
1.959960917E0,-4.754113770E-1,3.894900513E0,6.096971283E0
1.970006917E0,-3.858975220E-1,3.971990204E0,6.097869415E0
1.980052917E0,-3.270698547E-1,4.028273163E0,6.139482880E0
1.990098917E0,-2.553689575E-1,4.114942932E0,6.192472687E0
2.000144917E0,-2.197430420E-1,4.192332001E0,6.308182068E0
2.010190917E0,-2.206411743E-1,4.229454803E0,6.416856079E0
2.020237917E0,-1.914518738E-1,4.300257568E0,6.476581879E0
2.030283917E0,-1.716929626E-1,4.399052124E0,6.625971222E0
2.040329917E0,-1.836680603E-1,4.465813293E0,6.853647766E0
2.050375917E0,-2.329156494E-1,4.478387146E0,7.092700653E0
2.060421917E0,-3.132984924E-1,4.435576172E0,7.377558289E0
2.070467917E0,-4.110452271E-1,4.411775665E0,7.760012970E0
2.080513917E0,-4.453239441E-1,4.454886017E0,8.101452942E0
2.090559917E0,-4.578977966E-1,4.493206329E0,8.362061005E0
2.100605917E0,-4.589456177E-1,4.533472595E0,8.621172180E0
2.110651917E0,-4.543052673E-1,4.563260651E0,8.807235260E0
2.120697917E0,-4.592449951E-1,4.594395905E0,8.869206390E0
2.130743917E0,-5.098397827E-1,4.698728943E0,8.928034058E0
2.140789917E0,-5.866300964E-1,4.815336456E0,8.924291840E0
2.150835917E0,-7.108717346E-1,4.978048096E0,8.872050476E0
2.160881917E0,-8.511300659E-1,5.137017517E0,8.803193665E0
2.170928833E0,-9.261241150E-1,5.269192657E0,8.855135651E0
2.180974833E0,-9.843530273E-1,5.394781494E0,9.085057526E0
2.191020833E0,-1.007255402E0,5.497917023E0,9.482630768E0
2.201066833E0,-1.085692291E0,5.610333252E0,9.868378601E0
2.211112833E0,-1.283131714E0,5.824238434E0,1.005713608E1
2.221158833E0,-1.470541992E0,6.036197662E0,9.936636658E0
2.231204833E0,-1.512155457E0,6.167474670E0,9.793683929E0
2.241250833E0,-1.320553894E0,6.281537476E0,9.818681946E0
2.251296833E0,-9.964778137E-1,6.340065765E0,1.027687912E1
2.261342833E0,-6.551875305E-1,6.294261017E0,1.109747269E1
2.271388833E0,-3.863465881E-1,6.110293579E0,1.204994202E1
2.281434833E0,-1.284329224E-1,5.718258820E0,1.307740540E1
2.291480833E0,1.200503540E-1,5.110223236E0,1.396730484E1
2.301526833E0,1.898052979E-1,4.446353760E0,1.439616302E1
2.311572833E0,1.462458801E-1,3.808679810E0,1.428659088E1
2.321618833E0,2.993774414E-3,3.457210693E0,1.367256775E1
2.331665833E0,-2.031275940E-1,3.386707306E0,1.251188141E1
2.341711833E0,-3.797602844E-1,3.450325012E0,1.107876160E1
2.351757833E0,-5.831872559E-1,3.572770386E0,9.761800232E0
2.361803833E0,-8.408015442E-1,3.756438446E0,8.551716614E0
2.371849833E0,-1.081051941E0,3.954626312E0,7.649393005E0
2.381895833E0,-1.262923737E0,4.137396240E0,7.134912872E0
2.391941833E0,-1.421743469E0,4.245621185E0,6.973847809E0
2.401987833E0,-1.489402771E0,4.261338501E0,7.141948242E0
2.412033833E0,-1.412462769E0,4.138893127E0,7.538623352E0
2.422079833E0,-1.379082184E0,3.970193939E0,7.964936829E0
2.432125833E0,-1.359173584E0,3.753145294E0,8.310717773E0
2.442171833E0,-1.356778564E0,3.501817932E0,8.460556183E0
2.452217833E0,-1.256487122E0,3.316054230E0,8.505762177E0
2.462263833E0,-1.026415558E0,3.184627533E0,8.496331787E0
2.472309833E0,-7.714956665E-1,3.131787415E0,8.391849060E0
2.482355833E0,-6.140231323E-1,3.102298737E0,8.183033295E0
2.492401833E0,-5.056484985E-1,3.110681305E0,7.873027954E0
2.502448833E0,-4.475692749E-1,3.169508972E0,7.441325684E0
2.512494833E0,-4.188290405E-1,3.250789948E0,6.957681427E0
2.522540833E0,-3.360511780E-1,3.348985748E0,6.568490753E0
2.532586833E0,-2.396516418E-1,3.460803223E0,6.343807983E0
2.542632833E0,-1.508862305E-1,3.581602020E0,6.261479187E0
2.552678833E0,-8.936416626E-2,3.645519104E0,6.187233582E0
2.562724833E0,-4.206253052E-2,3.706442413E0,6.125412140E0
2.572770833E0,3.038681030E-2,3.778742065E0,6.149811401E0
2.582816833E0,7.409591675E-2,3.910019073E0,6.173462219E0
2.592862833E0,1.356179810E-1,4.024231567E0,6.185287628E0
2.602908833E0,2.305206299E-1,4.183200989E0,6.189778290E0
2.612954833E0,3.420387268E-1,4.400099945E0,6.261030121E0
2.623000833E0,3.797602844E-1,4.566404114E0,6.299500122E0
2.633046833E0,4.019142151E-1,4.706812134E0,6.358477478E0
2.643092833E0,4.011657715E-1,4.825215912E0,6.544690247E0
2.653138833E0,3.796105957E-1,4.911137238E0,6.826254730E0
2.663184833E0,3.812571716E-1,4.940326538E0,7.226821747E0
2.673231833E0,3.899391174E-1,4.983287201E0,7.675139465E0
2.683277833E0,3.963757324E-1,5.024451599E0,8.082741852E0
2.693323833E0,3.538641357E-1,5.027445374E0,8.570577393E0
2.703369833E0,3.567082214E-1,5.050796814E0,8.987460480E0
2.713415833E0,3.409909058E-1,5.139562225E0,9.163195038E0
2.723461833E0,2.026785278E-1,5.248685303E0,9.066047058E0
2.733507833E0,8.861572266E-2,5.386997681E0,8.869954834E0
2.743553833E0,7.559280396E-2,5.542973328E0,8.753347321E0
2.753599833E0,1.905537415E-1,5.737269287E0,8.686436462E0
2.763645833E0,2.754272461E-1,5.884263611E0,8.827443237E0
2.773691833E0,2.941383362E-1,5.911956024E0,9.072783051E0
2.783737833E0,2.746788025E-1,5.903573456E0,9.394464111E0
2.793783833E0,2.841091919E-1,5.862259369E0,9.780361633E0
2.803829833E0,1.559756470E-1,5.795947266E0,1.004575974E1
2.813875833E0,-1.872605896E-1,5.854774933E0,1.008722351E1
2.823921833E0,-6.598278809E-1,6.186185760E0,9.796528015E0
2.833967833E0,-8.478369141E-1,6.438860321E0,9.299112396E0
2.844013833E0,-5.704637146E-1,6.455176392E0,8.876840515E0
2.854059833E0,-1.709445190E-1,6.491999817E0,8.739725647E0
2.864106833E0,1.248403931E-1,6.371650085E0,9.533225555E0
2.874152833E0,3.926335144E-1,6.022725677E0,1.094119766E1
2.884198833E0,6.102809143E-1,5.466931458E0,1.224738144E1
2.894244833E0,7.194039917E-1,4.765639801E0,1.330298630E1
2.904290833E0,8.009843445E-1,4.098477173E0,1.427012512E1
2.914336833E0,8.186476135E-1,3.585194550E0,1.487247253E1
2.924382833E0,6.661148071E-1,3.323987732E0,1.467697906E1
2.934428833E0,3.962260437E-1,3.258573761E0,1.348545685E1
2.944474833E0,4.176315308E-2,3.318449249E0,1.186986649E1
2.954520833E0,-9.415420532E-2,3.538940735E0,1.046279251E1
2.964566833E0,-1.945953369E-3,3.858675842E0,9.358987885E0
2.974612833E0,1.257385254E-1,4.105063477E0,8.663534088E0
2.984658833E0,2.968327332E-1,4.186793518E0,8.454418945E0
2.994704833E0,4.493655396E-1,4.154311066E0,8.574918365E0
3.004750833E0,6.812333679E-1,4.050127716E0,8.799750824E0
3.014796833E0,7.840695190E-1,3.896397400E0,9.038803711E0
3.024842833E0,7.084767151E-1,3.695215759E0,9.154064026E0
3.034888833E0,5.542973328E-1,3.540737000E0,9.121132507E0
3.044934833E0,4.653822327E-1,3.432062988E0,8.963210907E0
3.054980833E0,3.959266663E-1,3.386557617E0,8.694819031E0
3.065026833E0,2.445913696E-1,3.306623840E0,8.381520538E0
3.075073833E0,4.730163574E-2,3.257975006E0,7.977810059E0
3.085119833E0,-1.092727661E-1,3.248843994E0,7.516319733E0
3.095165833E0,-1.996847534E-1,3.263663177E0,7.145989838E0
3.105211833E0,-2.589614868E-1,3.281476135E0,6.862329712E0
3.115257833E0,-3.507206726E-1,3.304827576E0,6.602170715E0
3.125303833E0,-4.255650330E-1,3.301384735E0,6.324797516E0
3.135349833E0,-5.228627014E-1,3.309018860E0,6.092330933E0
3.145395833E0,-6.538403320E-1,3.360811157E0,5.860463104E0
3.155441833E0,-7.622149658E-1,3.444636841E0,5.648503876E0
3.165487542E0,-8.184979248E-1,3.539240112E0,5.527555389E0
3.175533542E0,-7.981402588E-1,3.716172180E0,5.453758850E0
3.185579542E0,-7.273374939E-1,3.932921448E0,5.415737915E0
3.195625542E0,-6.792874146E-1,4.106710052E0,5.423222351E0
3.205671542E0,-6.092330933E-1,4.234544220E0,5.460195465E0
3.215717542E0,-5.086422729E-1,4.390070801E0,5.605842590E0
3.225763542E0,-4.186793518E-1,4.535119171E0,5.797144775E0
3.235809542E0,-3.173400879E-1,4.594695282E0,6.051016846E0
3.245855542E0,-2.821632385E-1,4.665498047E0,6.380781097E0
3.255901542E0,-2.098635864E-1,4.690795441E0,6.823859711E0
3.265947542E0,-1.942959595E-1,4.638404388E0,7.356751556E0
3.275993542E0,-2.213896179E-1,4.577481079E0,7.912096710E0
3.286039542E0,-2.243833923E-1,4.582420807E0,8.333919525E0
3.296085542E0,-2.544708252E-1,4.603975983E0,8.615184631E0
3.306132542E0,-2.558180237E-1,4.652175751E0,8.777447205E0
3.316178542E0,-1.559756470E-1,4.808151398E0,8.866511993E0
3.326224542E0,1.152603149E-2,5.055586853E0,8.877588959E0
3.336270542E0,1.440005493E-1,5.304219818E0,8.835077362E0
3.346316542E0,1.534309387E-1,5.547913055E0,8.772208099E0
3.356362542E0,1.724414062E-1,5.739065552E0,8.713081055E0
3.366408542E0,1.743873596E-1,5.929170227E0,8.792865143E0
3.376454542E0,2.258802795E-1,6.057303772E0,8.904383240E0
3.386500542E0,3.025209045E-1,6.070476379E0,9.039851532E0
3.396546542E0,3.065625000E-1,6.064937897E0,9.260043640E0
3.406592542E0,1.700463867E-1,6.066285095E0,9.498348083E0
3.416638542E0,-7.873626709E-2,6.264922028E0,9.597741394E0
3.426684542E0,-1.176553345E-1,6.392456818E0,9.520352325E0
3.436730542E0,7.753875732E-2,6.282136230E0,9.817634125E0
3.446776542E0,2.288740540E-1,6.246959381E0,1.067564987E1
3.456822542E0,2.409988403E-1,6.116580505E0,1.156944122E1
3.466868542E0,1.025367737E-1,5.886209564E0,1.235141510E1
3.476914542E0,1.437011719E-2,5.494623871E0,1.314461563E1
3.486960542E0,-1.437011719E-2,4.925956421E0,1.396206573E1
3.497006542E0,-2.499801636E-2,4.343367920E0,1.458596832E1
3.507052542E0,-2.381547546E-1,3.928879852E0,1.465272949E1
3.517098542E0,-6.996450806E-1,3.705244904E0,1.386327118E1
3.527144542E0,-1.161584473E0,3.623963928E0,1.255124954E1
3.537191542E0,-1.419498138E0,3.699107666E0,1.132080826E1
3.547237542E0,-1.644629974E0,3.853736115E0,1.010847931E1
3.557283542E0,-1.789828033E0,4.002676392E0,9.100625153E0
3.567329542E0,-1.838027802E0,4.081412659E0,8.449928284E0
3.577375542E0,-1.866169281E0,3.997886353E0,8.189918976E0
3.587421542E0,-1.783391418E0,3.896547089E0,8.077502747E0
3.597467542E0,-1.567091217E0,3.801644440E0,8.170758820E0
3.607513542E0,-1.307231598E0,3.649261322E0,8.502469025E0
3.617559542E0,-1.106499023E0,3.524121552E0,8.847800903E0
3.627605542E0,-9.686357117E-1,3.451223145E0,8.983269196E0
3.637651542E0,-8.541238403E-1,3.412154388E0,8.935219116E0
3.647697542E0,-7.464976501E-1,3.432661743E0,8.707991638E0
3.657743542E0,-5.688171387E-1,3.485801239E0,8.411158905E0
3.667789542E0,-3.736230469E-1,3.546425171E0,8.102650452E0
3.677835542E0,-1.987866211E-1,3.564687195E0,7.789501648E0
3.687881542E0,-5.852828979E-2,3.527863770E0,7.465575256E0
3.697927542E0,1.721420288E-2,3.531905365E0,7.083120575E0
3.707973542E0,8.083190918E-2,3.484154663E0,6.684499512E0
3.718019542E0,8.637039185E-2,3.382965088E0,6.351741486E0
3.728065542E0,1.170565796E-1,3.369642792E0,6.099216614E0
3.738111542E0,2.344125366E-1,3.426823883E0,5.976322174E0
3.748157542E0,3.649411011E-1,3.496728516E0,5.895041199E0
3.758203542E0,4.751119995E-1,3.650009766E0,5.769751740E0
3.768249542E0,5.734574890E-1,3.810775452E0,5.667813721E0
3.778295542E0,7.017407227E-1,3.971391449E0,5.598358154E0
3.788341542E0,7.557783508E-1,4.118236084E0,5.564229126E0
3.798387542E0,8.171507263E-1,4.287084961E0,5.557343445E0
3.808433542E0,8.741821289E-1,4.440665588E0,5.626499634E0
3.818479542E0,8.921447754E-1,4.601730652E0,5.687123566E0
3.828526542E0,9.547146606E-1,4.746629333E0,5.817652130E0
3.838572542E0,9.892927551E-1,4.846022644E0,6.087540894E0
3.848618542E0,1.030606842E0,4.932243347E0,6.427184601E0
3.858664542E0,9.949809265E-1,4.999154205E0,6.905290375E0
3.868710542E0,9.349557495E-1,5.077142029E0,7.370223541E0
3.878756542E0,8.503816223E-1,5.153782654E0,7.773634644E0
3.888802542E0,7.688012695E-1,5.262456665E0,8.161927185E0
3.898848542E0,6.999444580E-1,5.402864685E0,8.386460266E0
3.908894542E0,6.514453125E-1,5.666017456E0,8.364306335E0
3.918940542E0,6.204597473E-1,5.920787659E0,8.325387268E0
3.928986542E0,6.086343384E-1,6.142626343E0,8.313112793E0
3.939032542E0,5.745053101E-1,6.332880707E0,8.391849060E0
3.949078542E0,5.266049194E-1,6.428531799E0,8.597072296E0
3.959124542E0,4.963677979E-1,6.457272034E0,8.952133942E0
3.969170542E0,4.963677979E-1,6.439309387E0,9.422755280E0
3.979216542E0,4.207749939E-1,6.472390594E0,9.866582336E0
3.989262542E0,1.558259583E-1,6.622827759E0,1.014769775E1
3.999308542E0,-4.550537109E-2,6.760242004E0,1.012359787E1
4.009354542E0,9.864486694E-2,6.735393677E0,1.004905289E1
4.019400542E0,3.761677551E-1,6.572981415E0,1.022388931E1
4.029446542E0,6.646179199E-1,6.360273743E0,1.085497696E1
4.039492542E0,9.767189026E-1,6.022575989E0,1.177825699E1
4.049538542E0,1.162033539E0,5.628146210E0,1.269315445E1
4.059584542E0,1.232237549E0,5.084776154E0,1.342947327E1
4.069630542E0,1.206042023E0,4.445305939E0,1.403810760E1
4.079676542E0,1.229842529E0,3.999981995E0,1.450842957E1
4.089722542E0,1.266965332E0,3.822301483E0,1.442565170E1
4.099768542E0,1.131197662E0,3.769611053E0,1.364277969E1
4.109814542E0,8.101153564E-1,3.660338287E0,1.232417175E1
4.119860542E0,5.607339478E-1,3.644321594E0,1.098176331E1
4.129906542E0,5.424719238E-1,3.796555023E0,9.857451324E0
4.139952542E0,6.268963623E-1,4.059707794E0,8.913963318E0
4.149999542E0,7.785310364E-1,4.275259552E0,8.267607422E0
4.160045542E0,9.618997192E-1,4.373605042E0,7.992928619E0
4.170091042E0,1.134490814E0,4.424349518E0,7.928712158E0
4.180137042E0,1.260528717E0,4.367617493E0,8.038733368E0
4.190183042E0,1.260379028E0,4.231700134E0,8.169561310E0
4.200229042E0,1.141526184E0,4.037254486E0,8.318950653E0
4.210275042E0,1.082249451E0,3.805835724E0,8.490194550E0
4.220321042E0,1.058448944E0,3.595373383E0,8.582402802E0
4.230367042E0,1.006207581E0,3.428320770E0,8.651558990E0
4.240413042E0,8.090675354E-1,3.291355591E0,8.511450348E0
4.250459042E0,5.694158936E-1,3.177143097E0,8.220904541E0
4.260505042E0,3.326083374E-1,3.126099243E0,7.809260559E0
4.270551042E0,1.514849854E-1,3.133883057E0,7.335346069E0
4.280597042E0,7.304809570E-2,3.193010101E0,6.951993256E0
4.290643042E0,1.796264648E-3,3.295995941E0,6.626270599E0
4.300689042E0,-9.475296021E-2,3.357068939E0,6.318809967E0
4.310735042E0,-2.055226135E-1,3.469036102E0,6.024072876E0
4.320781042E0,-2.565664673E-1,3.552113342E0,5.796546021E0
4.330827042E0,-2.603086853E-1,3.705843658E0,5.646258545E0
4.340873042E0,-3.251239014E-1,3.872447205E0,5.531447296E0
4.350919042E0,-3.803590393E-1,4.038302307E0,5.434149628E0
4.360965042E0,-3.875440979E-1,4.208199005E0,5.365741882E0
4.371011042E0,-3.655398560E-1,4.405339050E0,5.311105499E0
4.381057042E0,-3.167413330E-1,4.608616333E0,5.357808380E0
4.391103042E0,-2.682421875E-1,4.754562836E0,5.531447296E0
4.401149042E0,-2.219883728E-1,4.885540466E0,5.773044891E0
4.411195042E0,-1.469943237E-1,4.959935760E0,6.036497040E0
4.421241042E0,-7.274871826E-2,5.009183350E0,6.372548218E0
4.431287042E0,4.999603271E-2,5.007985840E0,6.748566284E0
4.441333042E0,1.817221069E-1,4.977898407E0,7.167844391E0
4.451379042E0,2.381547546E-1,4.979994049E0,7.654332733E0
4.461425042E0,2.106120300E-1,5.043013000E0,8.084687805E0
4.471471042E0,1.429527283E-1,5.060975647E0,8.287665710E0
4.481517042E0,1.393601990E-1,5.232518921E0,8.357121277E0
4.491563042E0,1.883084106E-1,5.507946167E0,8.250991974E0
4.501609042E0,2.698887634E-1,5.781577148E0,8.089028778E0
4.511655042E0,3.478765869E-1,6.094127197E0,8.046068115E0
4.521701042E0,3.956272888E-1,6.366410980E0,8.120912476E0
4.531747042E0,3.939807129E-1,6.584058380E0,8.335715790E0
4.541794042E0,3.700305176E-1,6.689738617E0,8.626860352E0
4.551840042E0,3.299139404E-1,6.672524414E0,9.046138458E0
4.561886042E0,2.432441711E-1,6.577771454E0,9.592053223E0
4.571932042E0,4.954696655E-2,6.590644684E0,1.015233810E1
4.581978042E0,-2.136058044E-1,6.819967804E0,1.045755341E1
4.592024042E0,-1.646575928E-1,6.846163330E0,1.051787796E1
4.602070042E0,6.631210327E-2,6.780000916E0,1.091006241E1
4.612116042E0,1.923500061E-1,6.802304535E0,1.165177002E1
4.622162042E0,2.010319519E-1,6.636000366E0,1.243583954E1
4.632208042E0,6.406677246E-2,6.289021912E0,1.309327240E1
4.642254042E0,-1.323248291E-1,5.752088470E0,1.355940308E1
4.652300042E0,-3.360511780E-1,5.166805573E0,1.378124176E1
4.662346042E0,-4.909790039E-1,4.706812134E0,1.373244324E1
4.672392042E0,-6.719526672E-1,4.268822937E0,1.328382614E1
4.682438042E0,-1.012045441E0,3.989204407E0,1.246188538E1
4.692484042E0,-1.290915527E0,3.868106232E0,1.139924515E1
4.702530042E0,-1.463207245E0,3.933819580E0,1.007824219E1
4.712576042E0,-1.587299194E0,4.061354370E0,8.792416077E0
4.722622042E0,-1.579814758E0,4.168381805E0,7.836354218E0
4.732668042E0,-1.535057831E0,4.254752197E0,7.316036224E0
4.742714042E0,-1.447489929E0,4.262835388E0,7.116501160E0
4.752760042E0,-1.275796967E0,4.211641846E0,7.160210266E0
4.762806042E0,-1.076411591E0,4.146527252E0,7.390581207E0
4.772852042E0,-8.839118958E-1,4.062402191E0,7.674989777E0
4.782898042E0,-7.565267944E-1,4.001778259E0,7.835605774E0
4.792944042E0,-6.333329773E-1,3.974235535E0,7.884254608E0
4.802990042E0,-4.882846069E-1,3.952680359E0,7.850574646E0
4.813036042E0,-2.963836670E-1,3.989803162E0,7.892188110E0
4.823082042E0,-1.667532349E-1,3.987857208E0,7.872279510E0
4.833128042E0,-6.855743408E-2,3.961062927E0,7.751181335E0
4.843174042E0,-6.691085815E-2,3.882326660E0,7.490273895E0
4.853220042E0,-9.580078125E-2,3.794609070E0,7.111561432E0
4.863266042E0,-1.303788757E-1,3.705843658E0,6.866071930E0
4.873312042E0,-5.628295898E-2,3.706592102E0,6.707401886E0
4.883358042E0,1.055305481E-1,3.778292999E0,6.395749969E0
4.893404042E0,2.082170105E-1,3.868106232E0,6.091283112E0
4.903450042E0,2.505789185E-1,3.910917206E0,5.825885010E0
4.913496042E0,3.155438232E-1,3.995940399E0,5.647755432E0
4.923542042E0,4.080514526E-1,4.124672699E0,5.578000488E0
4.933588042E0,5.343887329E-1,4.256698151E0,5.534441071E0
4.943634042E0,6.164181519E-1,4.391417999E0,5.557942200E0
4.953680042E0,6.315367126E-1,4.529730377E0,5.543572083E0
4.963726042E0,6.719526672E-1,4.658911743E0,5.558990021E0
4.973772042E0,7.788304138E-1,4.805906067E0,5.665119324E0
4.983818042E0,8.466394043E-1,4.977449341E0,5.834417267E0
4.993864042E0,8.946894836E-1,5.081333313E0,6.065985718E0
5.003910042E0,9.087602234E-1,5.107379150E0,6.473139038E0
5.013956042E0,8.656498718E-1,5.153782654E0,6.999594269E0
5.024002042E0,7.970924377E-1,5.229674835E0,7.405849457E0
5.034048042E0,7.216493225E-1,5.298831024E0,7.672894135E0
5.044094042E0,6.656657410E-1,5.408253479E0,7.805069275E0
5.054140042E0,5.990542603E-1,5.512885895E0,7.908953247E0
5.064186042E0,5.165757751E-1,5.723348236E0,8.008047180E0
5.074232042E0,4.105961609E-1,5.954467621E0,8.101303253E0
5.084279042E0,3.917353821E-1,6.150410156E0,8.219707031E0
5.094324042E0,3.815565491E-1,6.388564911E0,8.384514313E0
5.104371042E0,4.195774841E-1,6.561605072E0,8.630901947E0
5.114417042E0,5.400769043E-1,6.630012817E0,9.072783051E0
5.124463042E0,6.990463257E-1,6.588698730E0,9.593699799E0
5.134509042E0,8.777746582E-1,6.548731842E0,1.016221756E1
5.144555042E0,8.367599487E-1,6.591093750E0,1.058448944E1
5.154601042E0,5.051994324E-1,6.756050720E0,1.053823563E1
5.164647042E0,2.547702026E-1,6.814129944E0,1.020098694E1
5.174693708E0,4.321513367E-1,6.718628540E0,1.017763550E1
5.184739708E0,7.197033691E-1,6.584058380E0,1.062415695E1
5.194785708E0,8.158035278E-1,6.290818176E0,1.136646332E1
5.204831708E0,6.803352356E-1,5.928571472E0,1.228719864E1
5.214877708E0,3.326083374E-1,5.491031342E0,1.291289749E1
5.224923708E0,7.858657837E-2,5.019511871E0,1.310150528E1
5.234969708E0,9.580078125E-3,4.585264893E0,1.306917252E1
5.245015708E0,3.323089600E-2,4.237987061E0,1.304641983E1
5.255061708E0,-3.278182983E-2,4.099674683E0,1.279778687E1
5.265107708E0,-6.152206421E-2,4.067042542E0,1.210248276E1
5.275153708E0,1.332229614E-2,4.032614136E0,1.122440872E1
5.285199708E0,2.766247559E-1,4.263284454E0,1.050605255E1
5.295245708E0,5.490582275E-1,4.519850922E0,9.841284943E0
5.305291708E0,8.229885864E-1,4.667294312E0,9.181157684E0
5.315337708E0,1.113833771E0,4.745132446E0,8.753347321E0
5.325383708E0,1.403182068E0,4.738695831E0,8.510851593E0
5.335429708E0,1.764680328E0,4.668940887E0,8.552764435E0
5.345475708E0,2.007026367E0,4.495152283E0,8.722212067E0
5.355521708E0,2.042352905E0,4.218228149E0,8.848699036E0
5.365567708E0,2.008822632E0,3.915108490E0,8.980874176E0
5.375613708E0,1.912872162E0,3.618874512E0,8.926686859E0
5.385659708E0,1.759740601E0,3.352278900E0,8.675958252E0
5.395705708E0,1.600621490E0,3.179388428E0,8.325087891E0
5.405751708E0,1.399739227E0,3.127596130E0,8.001311188E0
5.415797708E0,1.128353577E0,3.059338074E0,7.614964600E0
5.425843708E0,8.951385498E-1,3.024011536E0,7.219636688E0
5.435889708E0,7.003935242E-1,3.043770447E0,6.863377533E0
5.445935708E0,5.049000549E-1,3.060984650E0,6.536307678E0
5.455981708E0,3.288661194E-1,3.132685547E0,6.283184052E0
5.466027708E0,1.758842468E-1,3.211870880E0,6.158792725E0
5.476073708E0,5.972579956E-2,3.286116486E0,6.064189453E0
5.486119708E0,-7.125183105E-2,3.406765594E0,6.011499023E0
5.496165708E0,-2.065704346E-1,3.591930542E0,5.915099487E0
5.506211708E0,-3.442840576E-1,3.795058136E0,5.790109406E0
5.516257708E0,-4.194277954E-1,4.034560089E0,5.620212708E0
5.526303708E0,-5.306465149E-1,4.246669006E0,5.467380524E0
5.536349708E0,-6.026467896E-1,4.500241699E0,5.439837799E0
5.546395708E0,-5.722599792E-1,4.734953613E0,5.439388733E0
5.556441708E0,-5.352868652E-1,4.911885681E0,5.505700836E0
5.566487708E0,-5.038522339E-1,5.041965179E0,5.688171387E0
5.576533708E0,-4.192781067E-1,5.125341797E0,6.000272369E0
5.586579708E0,-3.022215271E-1,5.126988373E0,6.440057831E0
5.596625708E0,-1.737886047E-1,5.133275299E0,6.949298859E0
5.606671708E0,-1.029858398E-1,5.097350006E0,7.487878876E0
5.616717708E0,-9.400451660E-2,5.077291718E0,7.988288269E0
5.626763708E0,-9.729766846E-2,5.139711914E0,8.359516296E0
5.636809708E0,-5.313949585E-2,5.220094757E0,8.547375641E0
5.646855708E0,4.116439819E-2,5.382656708E0,8.667575684E0
5.656901708E0,1.480421448E-1,5.577102356E0,8.733738098E0
5.666947708E0,1.902543640E-1,5.818999329E0,8.672964478E0
5.676993708E0,2.351609802E-1,6.057752838E0,8.523575134E0
5.687039708E0,3.367996216E-1,6.224805450E0,8.401279449E0
5.697085708E0,4.165837097E-1,6.364614716E0,8.383167114E0
5.707131708E0,3.721261597E-1,6.513554993E0,8.360264740E0
5.717177708E0,3.881428528E-1,6.599176941E0,8.398135986E0
5.727223708E0,3.778143311E-1,6.609655151E0,8.599317627E0
5.737269708E0,1.927990723E-1,6.646029510E0,8.942703552E0
5.747315708E0,-1.233435059E-1,6.831194458E0,9.144034882E0
5.757361708E0,-1.799258423E-1,6.880741425E0,9.055718536E0
5.767407708E0,-7.185058594E-2,6.774761810E0,9.040450287E0
5.777453708E0,-1.362167358E-2,6.734495544E0,9.368867340E0
5.787499708E0,5.239105225E-3,6.480773163E0,1.013452515E1
5.797545708E0,-1.107696533E-1,6.102360077E0,1.122635468E1
5.807591708E0,-2.716850281E-1,5.629493408E0,1.237551498E1
5.817637708E0,-4.501139832E-1,4.985682220E0,1.343680801E1
5.827683708E0,-5.566923523E-1,4.252357178E0,1.424452835E1
5.837729708E0,-7.267387390E-1,3.685336304E0,1.465362762E1
5.847775708E0,-9.669891357E-1,3.320095825E0,1.426922699E1
5.857821708E0,-1.205742645E0,3.241808624E0,1.307950104E1
5.867867708E0,-1.230890350E0,3.378773804E0,1.155806488E1
5.877913708E0,-1.046174469E0,3.671265564E0,1.040680893E1
5.887959708E0,-9.059161377E-1,4.017495575E0,9.349557495E0
5.898005708E0,-7.665559387E-1,4.352349243E0,8.447383575E0
5.908051708E0,-6.125262451E-1,4.606071625E0,7.886799316E0
5.918097708E0,-5.514532471E-1,4.755460968E0,7.656278687E0
5.928143708E0,-5.245092773E-1,4.722978516E0,7.610773315E0
5.938189708E0,-5.523513794E-1,4.552782440E0,7.737559662E0
5.948235708E0,-6.056405640E-1,4.360582123E0,7.956554260E0
5.958281708E0,-6.643185425E-1,4.155358887E0,8.137677612E0
5.968327708E0,-6.764433289E-1,3.967349854E0,8.188422089E0
5.978373708E0,-6.156697083E-1,3.885919189E0,8.125253448E0
5.988419708E0,-4.885839844E-1,3.872746582E0,7.972421265E0
5.998465708E0,-3.869453430E-1,3.861819305E0,7.777825928E0
6.008511708E0,-2.803669739E-1,3.857927399E0,7.489375763E0
6.018557708E0,-1.395098877E-1,3.907474365E0,7.156468048E0
6.028603708E0,1.511856079E-2,3.946094055E0,6.889722748E0
6.038649708E0,1.588197327E-1,4.019591217E0,6.615792389E0
6.048695708E0,2.941383362E-1,4.097728729E0,6.354884949E0
6.058741708E0,3.924838257E-1,4.139342194E0,6.160738678E0
6.068787708E0,4.517605591E-1,4.196672974E0,5.993237000E0
6.078833708E0,5.818400574E-1,4.279600525E0,5.874384155E0
6.088879708E0,6.572831726E-1,4.385729828E0,5.757177887E0
6.098925708E0,7.167095947E-1,4.510121155E0,5.689967651E0
6.108971708E0,7.050338745E-1,4.630470886E0,5.658083954E0
6.119017708E0,6.505471802E-1,4.777764587E0,5.635480957E0
6.129063708E0,6.342311096E-1,4.932692413E0,5.628894653E0
6.139109708E0,6.409671021E-1,5.093158722E0,5.669160919E0
6.149155708E0,6.611750793E-1,5.240751801E0,5.792504425E0
6.159201708E0,6.882687378E-1,5.310357056E0,6.069727936E0
6.169247917E0,6.746470642E-1,5.310955811E0,6.531517639E0
6.179293917E0,6.147715759E-1,5.267246704E0,6.970854034E0
6.189339917E0,5.324427795E-1,5.247487793E0,7.300169220E0
6.199385917E0,4.180805969E-1,5.217250671E0,7.700436859E0
6.209431917E0,3.082090759E-1,5.206922150E0,8.060138855E0
6.219477917E0,1.811233521E-1,5.246589661E0,8.362510071E0
6.229523917E0,4.655319214E-2,5.337600403E0,8.566835175E0
6.239569917E0,-4.086502075E-2,5.467979279E0,8.691076813E0
6.249615917E0,-3.487747192E-2,5.605393524E0,8.830137634E0
6.259661917E0,-2.574645996E-2,5.771997070E0,8.992100830E0
6.269707917E0,-4.176315308E-2,5.900130615E0,9.135652313E0
6.279753917E0,-8.771759033E-2,5.935606842E0,9.312734070E0
6.289799917E0,-6.316864014E-2,5.905519409E0,9.559870148E0
6.299845917E0,8.187973022E-2,5.841153259E0,9.877060547E0
6.309891917E0,1.636097717E-1,5.801186371E0,1.018631744E1
6.319937917E0,-2.080673218E-2,5.981261902E0,1.017868332E1
6.329983917E0,-1.437011719E-1,6.182892609E0,9.786498871E0
6.340029917E0,1.751358032E-2,6.233038330E0,9.386380920E0
6.350075917E0,3.736230469E-1,6.226302338E0,9.447004852E0
6.360121917E0,6.074368286E-1,6.092630310E0,1.012928604E1
6.370167917E0,6.788383484E-1,5.878425751E0,1.108998825E1
6.380213917E0,7.090754700E-1,5.592969360E0,1.182211578E1
6.390259917E0,6.746470642E-1,5.134023743E0,1.228180984E1
6.400305917E0,6.468049622E-1,4.587510223E0,1.261771133E1
6.410351917E0,6.352789307E-1,4.168681183E0,1.278745834E1
6.420397917E0,5.499563599E-1,3.858226776E0,1.254840546E1
6.430443917E0,5.150788879E-1,3.690425720E0,1.180669785E1
6.440489917E0,5.894741821E-1,3.667074280E0,1.074181229E1
6.450535917E0,7.309300232E-1,3.809128876E0,9.607171783E0
6.460581917E0,1.035995636E0,4.080514526E0,8.651858368E0
6.470627917E0,1.450483704E0,4.378844147E0,8.110733643E0
6.480673917E0,1.758692780E0,4.509672089E0,7.913593597E0
6.490719917E0,1.985770569E0,4.527934113E0,8.018974457E0
6.500765917E0,2.128573608E0,4.388274536E0,8.324040070E0
6.510811917E0,2.108964386E0,4.124223633E0,8.726253662E0
6.520857917E0,1.965861969E0,3.882626038E0,9.094787292E0
6.530903917E0,1.738784180E0,3.653602295E0,9.308542786E0
6.540949917E0,1.488504639E0,3.398532715E0,9.317973175E0
6.550995917E0,1.282383270E0,3.219954071E0,9.147777100E0
6.561041917E0,1.089733887E0,3.132535858E0,9.008716278E0
6.571087917E0,9.196875000E-1,3.085234222E0,8.815168762E0
6.581133917E0,7.370672607E-1,3.026107178E0,8.502768402E0
6.591179917E0,4.893324280E-1,3.000061340E0,8.129295044E0
6.601225917E0,2.489323425E-1,3.002606049E0,7.684270477E0
6.611271917E0,4.685256958E-2,3.026855621E0,7.231911163E0
6.621317917E0,-1.086740112E-1,3.079246674E0,6.846163330E0
6.631363917E0,-2.052232361E-1,3.228785706E0,6.520590363E0
6.641409917E0,-2.562670898E-1,3.400029602E0,6.173911285E0
6.651455917E0,-2.980302429E-1,3.586242371E0,5.863456879E0
6.661501917E0,-3.219804382E-1,3.778742065E0,5.648204498E0
6.671547917E0,-3.652404785E-1,4.002227325E0,5.579647064E0
6.681593917E0,-4.246669006E-1,4.185596008E0,5.592071228E0
6.691639917E0,-4.117936707E-1,4.383185120E0,5.702391815E0
6.701685917E0,-3.468287659E-1,4.556674347E0,5.945486298E0
6.711731917E0,-2.538720703E-1,4.684209137E0,6.245911560E0
6.721777917E0,-1.537303162E-1,4.772375793E0,6.611750793E0
6.731823917E0,-8.876541138E-2,4.807552643E0,6.979985046E0
6.741869917E0,1.646575928E-3,4.797373810E0,7.317233734E0
6.751915917E0,7.274871826E-2,4.789440308E0,7.671097870E0
6.761961917E0,1.193019104E-1,4.800816650E0,8.112529907E0
6.772007917E0,1.938468933E-1,4.820725250E0,8.495583344E0
6.782053917E0,2.896476746E-1,4.952151947E0,8.813821564E0
6.792099917E0,3.456312561E-1,5.116360474E0,9.080417175E0
6.802145917E0,3.126997375E-1,5.272336121E0,9.121282196E0
6.812191917E0,2.496807861E-1,5.493426361E0,8.987161102E0
6.822237917E0,2.252815247E-1,5.717360687E0,8.771759033E0
6.832283917E0,1.817221069E-1,5.863905945E0,8.611741791E0
6.842329917E0,1.463955688E-1,5.913602600E0,8.577313385E0
6.852375917E0,6.271957397E-2,5.889353027E0,8.754245453E0
6.862421917E0,-7.110214233E-2,5.828130341E0,9.058862000E0
6.872467917E0,-2.517764282E-1,5.760321350E0,9.372459869E0
6.882513917E0,-4.668791199E-1,5.787864075E0,9.638007660E0
6.892559917E0,-7.351213074E-1,6.001170502E0,9.690398712E0
6.902605917E0,-7.723937988E-1,6.181545410E0,9.541907501E0
6.912651917E0,-6.520440674E-1,6.282285919E0,9.541907501E0
6.922697917E0,-5.837860107E-1,6.271807709E0,9.940977631E0
6.932742917E0,-5.554948425E-1,6.024072876E0,1.090826614E1
6.942788917E0,-5.634283447E-1,5.620661774E0,1.226384720E1
6.952834917E0,-5.614823914E-1,5.059628448E0,1.353844666E1
6.962880917E0,-6.426136780E-1,4.480333099E0,1.432985092E1
6.972926917E0,-6.938072205E-1,3.857777710E0,1.453941513E1
6.982972917E0,-7.246430969E-1,3.326083374E0,1.435769302E1
6.993018917E0,-7.659571838E-1,3.021017761E0,1.368169876E1
7.003064917E0,-7.828720093E-1,2.878364410E0,1.248134491E1
7.013110917E0,-8.565188599E-1,2.890489197E0,1.097876953E1
7.023156917E0,-8.765771484E-1,3.037333832E0,9.463171234E0
7.033202917E0,-7.455995178E-1,3.293301544E0,8.155640259E0
7.043248917E0,-6.905140686E-1,3.501817932E0,7.088659058E0
7.053294917E0,-6.334826660E-1,3.727997589E0,6.430477753E0
7.063340917E0,-5.310955811E-1,3.932472382E0,6.250102844E0
7.073386917E0,-3.432362366E-1,4.023483124E0,6.425088959E0
7.083432917E0,-2.053729248E-1,4.049379272E0,6.902446289E0
7.093478917E0,-1.972897339E-1,3.983216858E0,7.304360504E0
7.103524917E0,-3.125500488E-1,3.838168488E0,7.659422150E0
7.113570917E0,-3.689826965E-1,3.709735565E0,8.093519440E0
7.123616917E0,-3.706292725E-1,3.676504669E0,8.465346222E0
7.133662917E0,-4.287084961E-1,3.697760468E0,8.728049927E0
7.143708917E0,-5.285508728E-1,3.703448639E0,8.845705261E0
7.153754917E0,-6.203100586E-1,3.780388641E0,8.762478333E0
7.163800917E0,-7.182064819E-1,3.885170746E0,8.533604279E0
7.173846333E0,-7.536827087E-1,3.964206390E0,8.288264465E0
7.183892333E0,-7.041357422E-1,4.040697327E0,8.083190918E0
7.193938333E0,-6.426136780E-1,4.104015656E0,7.892337799E0
7.203984333E0,-5.957611084E-1,4.108057251E0,7.739206238E0
7.214030333E0,-5.691165161E-1,4.113146667E0,7.580835571E0
7.224076333E0,-5.101391602E-1,4.127516785E0,7.313790894E0
7.234122333E0,-3.866459656E-1,4.203109589E0,7.054530029E0
7.244168333E0,-2.324665833E-1,4.333039398E0,6.817273407E0
7.254214333E0,-8.936416626E-2,4.430187378E0,6.622977448E0
7.264260333E0,5.583389282E-2,4.537813568E0,6.498436432E0
7.274306333E0,2.233355713E-1,4.645589447E0,6.482868805E0
7.284352333E0,3.724255371E-1,4.769531708E0,6.562952271E0
7.294398333E0,4.191284180E-1,4.826712799E0,6.619384918E0
7.304444333E0,4.793032837E-1,4.876259766E0,6.666985931E0
7.314490333E0,5.013075256E-1,4.930147705E0,6.762187958E0
7.324536333E0,5.334906006E-1,4.929548950E0,6.903943176E0
7.334582333E0,5.804928589E-1,4.927453308E0,7.174879761E0
7.344628333E0,5.927673340E-1,4.946014709E0,7.567513275E0
7.354674333E0,5.954617310E-1,4.958738251E0,7.878416748E0
7.364720333E0,4.879852295E-1,4.944368134E0,8.043224030E0
7.374766333E0,3.339555359E-1,4.984335022E0,8.150700531E0
7.384812333E0,2.231858826E-1,5.096751251E0,8.217611389E0
7.394858333E0,5.733078003E-2,5.138065338E0,8.459957428E0
7.404904333E0,-2.380050659E-2,5.235063629E0,8.598269806E0
7.414950333E0,5.388793945E-2,5.436394958E0,8.812773743E0
7.424996333E0,-8.577163696E-2,5.313051453E0,9.272318115E0
7.435042333E0,-2.257305908E-1,5.248385925E0,9.556277618E0
7.445088333E0,-2.704875183E-1,5.257217560E0,9.768236847E0
7.455134333E0,-3.252735901E-1,5.191354523E0,9.900861053E0
7.465180333E0,-5.152285767E-1,5.229974213E0,1.002390518E1
7.475226333E0,-8.904981995E-1,5.488786011E0,1.004441254E1
7.485272333E0,-1.427281952E0,5.972280579E0,9.731563110E0
7.495318333E0,-1.816322937E0,6.299350433E0,9.113498383E0
7.505364333E0,-1.994003448E0,6.219865723E0,8.067174225E0
7.515409333E0,-1.431024170E0,6.566395111E0,7.302115173E0
7.525455333E0,-6.706054688E-2,6.585405579E0,8.524323578E0
7.535501333E0,1.617536316E0,6.297554169E0,1.085572540E1
7.545547333E0,2.171833649E0,4.924459534E0,1.398960846E1
7.555593333E0,2.291434937E0,3.383414154E0,1.703427704E1
7.565639333E0,2.026186523E0,2.577041016E0,1.826456863E1
7.575685333E0,5.005590820E-1,1.271755371E0,1.767898636E1
7.585731333E0,-5.658233643E-2,1.607956238E0,1.453223007E1
7.595777333E0,-3.793112183E-1,2.203717346E0,1.165236877E1
7.605823333E0,-6.542893982E-1,2.639610901E0,9.203161926E0
7.615869333E0,-8.840615845E-1,3.273842010E0,7.577841797E0
7.625915333E0,-8.662486267E-1,3.582350464E0,6.969207458E0
7.635961333E0,-6.327342224E-1,3.739373932E0,7.078330536E0
7.646007333E0,-3.589535522E-1,3.782484283E0,7.425458679E0
7.656053333E0,-3.906875610E-2,3.745211792E0,7.830965424E0
7.666099333E0,3.203338623E-1,3.771706696E0,8.103698273E0
7.676145333E0,5.974076843E-1,3.851640472E0,8.103847961E0
7.686191333E0,7.661068726E-1,4.040248260E0,7.827372894E0
7.696237333E0,8.009843445E-1,4.215533752E0,7.470814362E0
7.706283333E0,7.527845764E-1,4.341122589E0,7.188950500E0
7.716329333E0,6.155200195E-1,4.434827728E0,7.005132751E0
7.726375333E0,4.194277954E-1,4.443359985E0,6.920708313E0
7.736421333E0,2.371069336E-1,4.414320374E0,6.851851501E0
7.746467333E0,4.550537109E-2,4.360881500E0,6.792874146E0
7.756513333E0,-1.061293030E-1,4.308340759E0,6.739135895E0
7.766559333E0,-2.579136658E-1,4.245770874E0,6.673572235E0
7.776605333E0,-4.369413757E-1,4.148173828E0,6.703210602E0
7.786651333E0,-5.933660889E-1,4.061504059E0,6.797215118E0
7.796697333E0,-7.144642639E-1,3.979774017E0,6.900200958E0
7.806743333E0,-7.768844604E-1,3.972289581E0,6.994804230E0
7.816789333E0,-7.957452393E-1,3.996838531E0,7.107220459E0
7.826835333E0,-7.506889343E-1,4.002377014E0,7.225175171E0
7.836881333E0,-7.170089722E-1,3.991000671E0,7.354655914E0
7.846927333E0,-6.658154297E-1,3.973786469E0,7.494764557E0
7.856973333E0,-5.260061646E-1,3.998634796E0,7.623047791E0
7.867019333E0,-2.888992310E-1,4.033512268E0,7.766150208E0
7.877065333E0,5.807922363E-2,4.113895111E0,7.955656128E0
7.887111333E0,5.104385376E-1,4.268523560E0,8.118966522E0
7.897157333E0,9.680369568E-1,4.357139282E0,8.326435089E0
7.907203333E0,1.311273193E0,4.374054108E0,8.596922607E0
7.917249333E0,1.471140747E0,4.356690216E0,8.828341370E0
7.927294333E0,1.496138763E0,4.306694183E0,8.913663940E0
7.937340333E0,1.395547943E0,4.188440094E0,8.967102814E0
7.947386333E0,1.246457977E0,4.102518768E0,8.956175537E0
7.957432333E0,1.068927155E0,4.102518768E0,8.815168762E0
7.967478333E0,9.020242310E-1,4.117787018E0,8.609197083E0
7.977524333E0,7.453001404E-1,4.198618927E0,8.425678711E0
7.987570333E0,6.336323547E-1,4.255949707E0,8.418643341E0
7.997616333E0,5.538482666E-1,4.309238892E0,8.513995056E0
8.007662333E0,5.319937134E-1,4.398153992E0,8.606203308E0
8.017708333E0,5.593867493E-1,4.454886017E0,8.769663391E0
8.027754333E0,6.084846497E-1,4.507277069E0,9.004674683E0
8.037800333E0,6.581813049E-1,4.641547852E0,9.264384613E0
8.047846333E0,5.917195129E-1,4.911137238E0,9.478738861E0
8.057892333E0,4.601431274E-1,5.112917633E0,9.570797424E0
8.067938333E0,3.844006348E-1,5.273533630E0,9.573192444E0
8.077984333E0,4.763095093E-1,5.430108032E0,9.733958130E0
8.088030333E0,8.153544617E-1,5.553451538E0,1.009410919E1
8.098076333E0,1.339414673E0,5.652545471E0,1.053344559E1
8.108122333E0,1.985770569E0,5.494773560E0,1.104298599E1
8.118168333E0,2.392325134E0,5.055437164E0,1.165416504E1
8.128214333E0,2.481240234E0,4.425996094E0,1.213511490E1
8.138260333E0,2.401156769E0,3.766018524E0,1.250200195E1
8.148306333E0,2.140099640E0,3.360062714E0,1.256247620E1
8.158352333E0,1.629810791E0,3.192111969E0,1.185609512E1
8.168398333E0,8.906478882E-1,3.204985199E0,1.034304153E1
8.178444708E0,1.519340515E-1,3.292104034E0,8.556356964E0
8.188490708E0,-5.001100159E-1,3.548071747E0,6.891668701E0
8.198536708E0,-1.023272095E0,3.979324951E0,5.624104614E0
8.208582708E0,-1.338666229E0,4.379143524E0,4.863386536E0
8.218628708E0,-1.458267517E0,4.768334198E0,4.745581512E0
8.228674708E0,-1.305285645E0,5.063071289E0,5.245392151E0
8.238720708E0,-9.563612366E-1,5.228477325E0,6.264922028E0
8.248766708E0,-5.990542603E-1,5.234614563E0,7.342980194E0
8.258812708E0,-3.126997375E-1,5.089715881E0,8.144862671E0
8.268858708E0,-5.448669434E-2,4.960983582E0,8.683442688E0
8.278903708E0,2.103126526E-1,4.847519531E0,9.013955383E0
8.288949708E0,4.872367859E-1,4.703818359E0,9.268875275E0
8.298995708E0,7.728428650E-1,4.637955322E0,9.628577271E0
8.309041708E0,1.046024780E0,4.507127380E0,1.017628830E1
8.319087708E0,1.245709534E0,4.279750214E0,1.074779984E1
8.329133708E0,1.350192261E0,4.001329193E0,1.113264954E1
8.339179708E0,1.301992493E0,3.732188873E0,1.113968491E1
8.349225708E0,1.196911011E0,3.513643341E0,1.090572144E1
8.359271708E0,1.102607117E0,3.370690613E0,1.035232224E1
8.369317708E0,1.042881317E0,3.330723724E0,9.667945404E0
8.379363708E0,9.960287476E-1,3.316952362E0,9.015302582E0
8.389409708E0,9.577084351E-1,3.298091583E0,8.323890381E0
8.399455708E0,8.845106506E-1,3.335214386E0,7.664661255E0
8.409501708E0,8.922944641E-1,3.418591003E0,7.226672058E0
8.419547708E0,9.601034546E-1,3.534599762E0,7.036717072E0
8.429593708E0,1.055006104E0,3.663781128E0,6.940616913E0
8.439639708E0,1.092278595E0,3.777394867E0,6.889273682E0
8.449685708E0,1.110091553E0,3.860621796E0,6.831942902E0
8.459731708E0,1.188079376E0,3.964056702E0,6.846462708E0
8.469777708E0,1.327589264E0,4.071233826E0,6.953939209E0
8.479823708E0,1.492396545E0,4.190835114E0,7.140451355E0
8.489869708E0,1.648970947E0,4.285737762E0,7.364535370E0
8.499915708E0,1.738335114E0,4.386328583E0,7.637118530E0
8.509961708E0,1.802102509E0,4.463717651E0,7.717351685E0
8.520007708E0,1.826202393E0,4.535867615E0,7.771389313E0
8.530053708E0,1.889670410E0,4.664749603E0,7.841293945E0
8.540099708E0,1.962119751E0,4.760400696E0,7.936645660E0
8.550145708E0,2.059567108E0,4.890031128E0,8.128546600E0
8.560191708E0,2.150727539E0,5.037923584E0,8.299042053E0
8.570237708E0,2.160157928E0,5.315596161E0,8.388855286E0
8.580282708E0,2.125280457E0,5.660778351E0,8.294551392E0
8.590328708E0,2.238445129E0,5.997877350E0,8.180338898E0
8.600374708E0,2.496209106E0,6.253545685E0,8.132588196E0
8.610420708E0,2.795586548E0,6.335575104E0,8.563092957E0
8.620466708E0,3.033142548E0,6.230792999E0,9.505084076E0
8.630512708E0,3.156486053E0,5.870641937E0,1.063104263E1
8.640558708E0,3.269650726E0,5.230872345E0,1.164024399E1
8.650604708E0,3.428320770E0,4.432881775E0,1.280242722E1
8.660650708E0,3.444786530E0,3.518732758E0,1.394006149E1
8.670696708E0,3.201392670E0,2.660267944E0,1.448013840E1
8.680742708E0,2.738854523E0,1.987417145E0,1.438822952E1
8.690788708E0,2.106719055E0,1.522034912E0,1.358709549E1
8.700834708E0,1.435664520E0,1.296304321E0,1.202883591E1
8.710880708E0,8.310717773E-1,1.245260468E0,1.042611877E1
8.720926708E0,2.857557678E-1,1.321901093E0,8.819809113E0
8.730972708E0,-3.818559265E-1,1.462309113E0,7.235952759E0
8.741018708E0,-9.821076965E-1,1.627415771E0,5.950575714E0
8.751064708E0,-1.459614716E0,1.821412354E0,5.213358765E0
8.761110708E0,-1.809437256E0,2.026036835E0,4.940625916E0
8.771156708E0,-1.984573059E0,2.207010498E0,4.872966614E0
8.781202708E0,-1.899250488E0,2.417023773E0,5.035378876E0
8.791248708E0,-1.628613281E0,2.643951874E0,5.483397217E0
8.801294708E0,-1.205443268E0,2.859952698E0,6.191574554E0
8.811340708E0,-7.068301392E-1,3.002007294E0,7.064409485E0
8.821386708E0,-2.845582581E-1,3.063529358E0,7.857759705E0
8.831432708E0,4.954696655E-2,3.045716400E0,8.510103149E0
8.841478708E0,3.767665100E-1,2.909649353E0,9.310339050E0
8.851523708E0,6.942562866E-1,2.675685883E0,1.059975769E1
8.861569708E0,1.046024780E0,2.395767975E0,1.234288284E1
8.871615708E0,1.298998718E0,2.069745941E0,1.380743729E1
8.881661708E0,1.242865448E0,1.764231262E0,1.441637100E1
8.891707708E0,8.779243469E-1,1.505868530E0,1.413854874E1
8.901753708E0,4.459226990E-1,1.307830353E0,1.322724380E1
8.911799708E0,1.683998108E-1,1.242865448E0,1.210233307E1
8.921845708E0,8.247848511E-2,1.319805450E0,1.116662888E1
8.931891708E0,8.382568359E-2,1.350641327E0,1.036729111E1
8.941937708E0,3.697311401E-2,1.368603973E0,9.643845520E0
8.951983708E0,-4.655319214E-2,1.393003235E0,9.068891144E0
8.962029708E0,-6.496490479E-2,1.382674713E0,8.647667084E0
8.972075708E0,4.879852295E-2,1.457968140E0,8.362510071E0
8.982121708E0,2.902464294E-1,1.607507172E0,8.176596680E0
8.992167708E0,6.098318481E-1,1.795366516E0,8.122858429E0
9.002213708E0,9.357041931E-1,1.975142670E0,8.199948120E0
9.012259708E0,1.241967316E0,2.124981079E0,8.398884430E0
9.022305708E0,1.400787048E0,2.213297424E0,8.732989655E0
9.032351708E0,1.445993042E0,2.193239136E0,9.142537994E0
9.042397708E0,1.449435883E0,2.098486176E0,9.554481354E0
9.052443708E0,1.440753937E0,2.022144928E0,9.860894165E0
9.062489708E0,1.429976349E0,1.977088623E0,1.024050476E1
9.072535708E0,1.389710083E0,1.882485352E0,1.061457687E1
9.082581708E0,1.302890625E0,1.795366516E0,1.095676529E1
9.092627708E0,1.220711517E0,1.711989899E0,1.113968491E1
9.102672708E0,1.140927429E0,1.651515656E0,1.120105728E1
9.112718708E0,1.118174744E0,1.629361725E0,1.119282440E1
9.122764708E0,1.171613617E0,1.618733826E0,1.113474518E1
9.132810708E0,1.249601440E0,1.653461609E0,1.097143478E1
9.142856708E0,1.306183777E0,1.696871338E0,1.074061478E1
9.152902708E0,1.323547668E0,1.747915192E0,1.043914169E1
9.162948708E0,1.266965332E0,1.799857178E0,1.007075775E1
9.172994958E0,1.151255951E0,1.844464417E0,9.642797699E0
9.183040958E0,9.345066833E-1,1.946552124E0,9.158704376E0
9.193086958E0,7.162605286E-1,2.033221893E0,8.717272339E0
9.203132958E0,5.445675659E-1,2.165097656E0,8.387807465E0
9.213178958E0,4.019142151E-1,2.325563965E0,8.162825317E0
9.223224958E0,2.062710571E-1,2.489772491E0,7.920778656E0
9.233270958E0,3.787124634E-2,2.645299072E0,7.644153900E0
9.243316958E0,-8.517288208E-2,2.887196045E0,7.404053192E0
9.253362958E0,-9.505233765E-2,3.149750061E0,7.254963226E0
9.263408958E0,1.092727661E-2,3.426225128E0,7.278464355E0
9.273454958E0,2.311193848E-1,3.717519379E0,7.499255219E0
9.283500958E0,5.071453857E-1,3.955823822E0,7.984695740E0
9.293546958E0,7.601193237E-1,4.125720520E0,8.567882996E0
9.303592958E0,9.247769165E-1,4.207600250E0,9.049581299E0
9.313638958E0,1.039737854E0,4.292174377E0,9.436227264E0
9.323683958E0,1.140478363E0,4.339925079E0,9.806407471E0
9.333729958E0,1.187480621E0,4.313879242E0,1.018781433E1
9.343775958E0,1.128203888E0,4.227808228E0,1.054572006E1
9.353821958E0,1.027164001E0,4.119583282E0,1.086695206E1
9.363867958E0,9.059161377E-1,3.972588959E0,1.104807541E1
9.373913958E0,6.631210327E-1,3.851341095E0,1.100481537E1
9.383959958E0,4.138893127E-1,3.805536346E0,1.067175797E1
9.394005958E0,1.595681763E-1,3.778442688E0,1.004770569E1
9.404051958E0,-1.007405090E-1,3.855831757E0,9.455836487E0
9.414097958E0,-2.975811768E-1,3.888014832E0,8.935069427E0
9.424143958E0,-4.661306763E-1,3.940705261E0,8.559650116E0
9.434189958E0,-6.209088135E-1,3.976780243E0,8.260572052E0
9.444235958E0,-7.277865601E-1,4.011807404E0,8.051157532E0
9.454281958E0,-8.416996765E-1,4.085753632E0,7.865842896E0
9.464327958E0,-9.475296021E-1,4.159250793E0,7.741900635E0
9.474373958E0,-9.928852844E-1,4.186344452E0,7.673043823E0
9.484419958E0,-9.693841553E-1,4.249363403E0,7.731871490E0
9.494465958E0,-9.681866455E-1,4.248315582E0,7.950716400E0
9.504511958E0,-9.536668396E-1,4.206851807E0,8.302784271E0
9.514557958E0,-9.342073059E-1,4.091142426E0,8.672665100E0
9.524603958E0,-8.943901062E-1,4.014801178E0,8.998836823E0
9.534649958E0,-7.900570679E-1,3.886967010E0,9.265731812E0
9.544694958E0,-7.084767151E-1,3.804189148E0,9.446406097E0
9.554740958E0,-5.451663208E-1,3.738924866E0,9.653126221E0
9.564786958E0,-3.817062378E-1,3.690126343E0,9.832453308E0
9.574832958E0,-2.378553772E-1,3.650309143E0,9.993069305E0
9.584878958E0,-1.904040527E-1,3.621868286E0,1.005833359E1
9.594924958E0,-1.841171265E-1,3.600163422E0,1.002809647E1
9.604970958E0,-2.246827698E-1,3.544179840E0,9.902507629E0
9.615016958E0,-3.197351074E-1,3.484454041E0,9.774823151E0
9.625062958E0,-4.457730103E-1,3.426225128E0,9.583371277E0
9.635108958E0,-5.484594727E-1,3.344046021E0,9.401798859E0
9.645154958E0,-6.798861694E-1,3.290158081E0,9.158554688E0
9.655200958E0,-8.083190918E-1,3.265758820E0,8.889114990E0
9.665246958E0,-8.842112732E-1,3.223097534E0,8.653055878E0
9.675292958E0,-9.621990967E-1,3.220253448E0,8.513396301E0
9.685338958E0,-1.021924896E0,3.225791931E0,8.436755676E0
9.695384958E0,-1.006057892E0,3.252885590E0,8.466244354E0
9.705430958E0,-9.496252441E-1,3.287613373E0,8.539741516E0
9.715476958E0,-9.045689392E-1,3.290307770E0,8.639583893E0
9.725522958E0,-8.496331787E-1,3.339705048E0,8.725056152E0
9.735568958E0,-8.360115051E-1,3.377725983E0,8.750802612E0
9.745613958E0,-8.249345398E-1,3.407064972E0,8.786578217E0
9.755659958E0,-7.891589355E-1,3.424279175E0,8.842262421E0
9.765705958E0,-7.613168335E-1,3.474574585E0,8.830586700E0
9.775751958E0,-6.927593994E-1,3.528911591E0,8.904981995E0
9.785797958E0,-6.315367126E-1,3.573668518E0,8.968749390E0
9.795843958E0,-5.267546082E-1,3.641327820E0,8.982520752E0
9.805889958E0,-4.317022705E-1,3.680995331E0,8.986262970E0
9.815935958E0,-3.360511780E-1,3.721261597E0,8.943751373E0
9.825981958E0,-3.350033569E-1,3.697161713E0,8.891809387E0
9.836027958E0,-4.296066284E-1,3.700305176E0,8.876990204E0
9.846073958E0,-5.408253479E-1,3.675307159E0,8.813522186E0
9.856119958E0,-6.891668701E-1,3.635190582E0,8.686885529E0
9.866165958E0,-7.506889343E-1,3.645219727E0,8.557554474E0
9.876211958E0,-6.981481934E-1,3.656745758E0,8.493188324E0
9.886257958E0,-5.397775269E-1,3.733236694E0,8.544980621E0
9.896303958E0,-3.354524231E-1,3.847000122E0,8.718469849E0
9.906349958E0,-2.213896179E-1,3.993545380E0,8.922794952E0
9.916395958E0,-2.139051819E-1,4.150568848E0,8.955427094E0
9.926441958E0,-2.981799316E-1,4.413721619E0,8.674012299E0
9.936486958E0,-3.022215271E-1,4.712500305E0,8.292006683E0
9.946532958E0,-1.242416382E-2,4.939428406E0,8.052205353E0
9.956578958E0,6.114784241E-1,4.935237122E0,7.936046906E0
9.966624958E0,1.400936737E0,4.838388519E0,8.465346222E0
9.976670958E0,2.128573608E0,4.652774506E0,9.764494629E0
9.986716958E0,2.584076385E0,4.244573364E0,1.129820526E1
9.996762958E0,2.514770508E0,3.683540039E0,1.234258347E1
1.000680896E1,2.092348938E0,3.057990875E0,1.295106812E1
1.001685496E1,1.700912933E0,2.570305023E0,1.322290283E1
1.002690096E1,1.559906158E0,2.427352295E0,1.312829956E1
1.003694696E1,1.620530090E0,2.459086304E0,1.294942154E1
1.004699296E1,1.733994141E0,2.351909180E0,1.268297562E1
1.005703896E1,1.767225037E0,2.128573608E0,1.249586472E1
1.006708496E1,1.648821259E0,1.764231262E0,1.237955658E1
1.007713096E1,1.493893433E0,1.389710083E0,1.218481155E1
1.008717696E1,1.366208954E0,1.178948364E0,1.180565002E1
1.009722296E1,1.302441559E0,1.122366028E0,1.123638382E1
1.010726896E1,1.271306305E0,1.219813385E0,1.056233551E1
1.011731496E1,1.319955139E0,1.407822418E0,9.850715332E0
1.012735996E1,1.405277710E0,1.701511688E0,9.118737488E0
1.013740596E1,1.449585571E0,2.046544189E0,8.386460266E0
1.014745196E1,1.372795258E0,2.321971436E0,7.729027405E0
1.015749796E1,1.216969299E0,2.499202881E0,7.290888519E0
1.016754396E1,1.086291046E0,2.703228607E0,7.012766876E0
1.017758958E1,1.086590424E0,2.847678223E0,6.908284149E0
1.018763558E1,1.120869141E0,2.897524567E0,7.108717346E0
1.019768158E1,1.181193695E0,2.950065308E0,7.450157318E0
1.020772758E1,1.254541168E0,2.955454102E0,7.934550018E0
1.021777358E1,1.220112762E0,2.937341766E0,8.367749176E0
1.022781958E1,1.101409607E0,2.839744720E0,8.673114166E0
1.023786558E1,9.743238831E-1,2.692451019E0,8.910071411E0
1.024791158E1,8.605604553E-1,2.637215881E0,9.126221924E0
1.025795758E1,7.867639160E-1,2.575693817E0,9.309291229E0
1.026800358E1,7.613168335E-1,2.547252960E0,9.391021271E0
1.027804958E1,7.668553162E-1,2.627486115E0,9.351353760E0
1.028809558E1,7.560777283E-1,2.688858490E0,9.302555237E0
1.029814158E1,7.740403748E-1,2.757715302E0,9.315727844E0
1.030818658E1,8.484356689E-1,2.853366394E0,9.363777924E0
1.031823258E1,9.150471497E-1,2.913690948E0,9.433682556E0
1.032827858E1,8.967851257E-1,2.974015503E0,9.548344116E0
1.033832458E1,7.767347717E-1,2.969973907E0,9.455986176E0
1.034837058E1,6.222560120E-1,2.992427216E0,9.269324341E0
1.035841658E1,4.457730103E-1,3.065625000E0,9.046886902E0
1.036846258E1,3.579057312E-1,3.168910217E0,8.792715454E0
1.037850858E1,2.779719543E-1,3.331472168E0,8.631800079E0
1.038855458E1,2.133064270E-1,3.458707581E0,8.546028442E0
1.039860058E1,8.173004150E-2,3.561992798E0,8.499325562E0
1.040864658E1,-4.326004028E-2,3.639681244E0,8.511749725E0
1.041869258E1,-8.532257080E-2,3.712729340E0,8.554111633E0
1.042873858E1,-5.897735596E-2,3.814367981E0,8.596623230E0
1.043878458E1,2.694396973E-3,3.919000397E0,8.616681519E0
1.044883058E1,1.273851013E-1,4.074077911E0,8.716224518E0
1.045887658E1,1.441502380E-1,4.129911804E0,8.804540863E0
1.046892258E1,-2.409988403E-2,4.137545929E0,8.748108215E0
1.047896758E1,-1.954934692E-1,4.179009705E0,8.703950043E0
1.048901358E1,-3.387455750E-1,4.203408966E0,8.724008331E0
1.049905958E1,-3.999682617E-1,4.224066010E0,8.807235260E0
1.050910558E1,-3.586541748E-1,4.267775116E0,9.011111298E0
1.051915158E1,-3.333567810E-1,4.296066284E0,9.269324341E0
1.052919758E1,-3.336561584E-1,4.265679474E0,9.480984192E0
1.053924358E1,-3.591032410E-1,4.213138733E0,9.659113770E0
1.054928958E1,-3.251239014E-1,4.214336243E0,9.750573578E0
1.055933558E1,-2.580633545E-1,4.250560913E0,9.702224121E0
1.056938158E1,-1.266366577E-1,4.308640137E0,9.619745636E0
1.057942758E1,6.721023560E-2,4.393363953E0,9.594148865E0
1.058947358E1,2.953358459E-1,4.464466095E0,9.650282135E0
1.059951958E1,5.111869812E-1,4.456682281E0,9.830058289E0
1.060956558E1,6.104306030E-1,4.398004303E0,9.916578369E0
1.061961158E1,6.307882690E-1,4.326303406E0,9.807904358E0
1.062965758E1,6.035449219E-1,4.224365387E0,9.583820343E0
1.063970258E1,6.081852722E-1,4.183650055E0,9.297765198E0
1.064974858E1,6.231541443E-1,4.149820404E0,8.921447754E0
1.065979458E1,6.007008362E-1,4.139491882E0,8.459658051E0
1.066984058E1,5.245092773E-1,4.163591766E0,7.951614532E0
1.067988658E1,4.067042542E-1,4.115391998E0,7.526199188E0
1.068993258E1,2.856060791E-1,4.068090363E0,7.248825989E0
1.069997858E1,1.657054138E-1,4.024231567E0,7.066654816E0
1.071002458E1,1.440005493E-1,3.991000671E0,7.021748199E0
1.072007058E1,1.718426514E-1,3.992497559E0,7.026538239E0
1.073011658E1,2.112107849E-1,4.018543396E0,6.996301117E0
1.074016258E1,2.710862732E-1,4.071832581E0,7.016209717E0
1.075020858E1,3.077600098E-1,4.104913788E0,6.966812439E0
1.076025458E1,3.263214111E-1,4.136498108E0,6.966812439E0
1.077030058E1,3.674858093E-1,4.170178070E0,6.980284424E0
1.078034658E1,3.968247986E-1,4.192332001E0,7.006330261E0
1.079039258E1,4.808001709E-1,4.222868500E0,7.089856567E0
1.080043758E1,5.936654663E-1,4.243974609E0,7.185657349E0
1.081048358E1,6.465055847E-1,4.243076477E0,7.302564240E0
1.082052958E1,6.858737183E-1,4.213138733E0,7.463030548E0
1.083057558E1,7.331753540E-1,4.135001221E0,7.555238800E0
1.084062158E1,7.511380005E-1,4.077221375E0,7.726033630E0
1.085066758E1,7.831713867E-1,4.017196198E0,7.833959198E0
1.086071358E1,8.348139954E-1,3.943399658E0,7.902816010E0
1.087075958E1,8.961863708E-1,3.903133392E0,7.898325348E0
1.088080558E1,9.617500305E-1,3.853736115E0,7.888745270E0
1.089085158E1,1.015338593E0,3.812571716E0,7.879464569E0
1.090089758E1,1.066681824E0,3.750899963E0,7.716004486E0
1.091094358E1,1.115630035E0,3.740122375E0,7.485783234E0
1.092098958E1,1.132395172E0,3.705394592E0,7.248975677E0
1.093103558E1,1.148262177E0,3.711980896E0,7.013964386E0
1.094108158E1,1.122515717E0,3.781885529E0,6.763834534E0
1.095112758E1,1.068777466E0,3.881278839E0,6.542444916E0
1.096117258E1,9.882449341E-1,4.029171295E0,6.293213196E0
1.097121858E1,9.151968384E-1,4.198918304E0,6.090834045E0
1.098126458E1,8.424481201E-1,4.340972900E0,5.975723419E0
1.099131058E1,8.065228271E-1,4.480632477E0,6.041287079E0
1.100135658E1,7.949967957E-1,4.568499756E0,6.384523315E0
1.101140258E1,7.554789734E-1,4.579726410E0,6.846013641E0
1.102144858E1,5.375321960E-1,4.564907227E0,7.281458130E0
1.103149458E1,2.016307068E-1,4.427642670E0,7.705825653E0
1.104154058E1,-1.800755310E-1,4.264631653E0,8.040080566E0
1.105158658E1,-4.787045288E-1,4.030069427E0,8.221652985E0
1.106163258E1,-5.481600952E-1,3.786226501E0,8.365503845E0
1.107167858E1,-4.602928162E-1,3.554508362E0,8.645721130E0
1.108172458E1,-2.893482971E-1,3.306474152E0,8.978030090E0
1.109177058E1,3.757186890E-2,3.049458618E0,9.476343842E0
1.110181658E1,3.851490784E-1,2.801125031E0,1.031085846E1
1.111186158E1,7.002438354E-1,2.479144592E0,1.129311584E1
1.112190758E1,8.196954346E-1,2.130220184E0,1.210128525E1
1.113195358E1,7.979905701E-1,1.840422821E0,1.245410156E1
1.114199958E1,6.671626282E-1,1.657503204E0,1.215996323E1
1.115204558E1,4.984634399E-1,1.623523865E0,1.138053406E1
1.116209158E1,3.881428528E-1,1.640289001E0,1.068882248E1
1.117213758E1,3.068618774E-1,1.634451141E0,1.019470001E1
1.118218329E1,2.514770508E-1,1.617386627E0,9.842183075E0
1.119222929E1,3.032693481E-1,1.589544525E0,9.568103027E0
1.120227529E1,3.668870544E-1,1.601968689E0,9.237740021E0
1.121232129E1,4.358935547E-1,1.660347290E0,8.890911255E0
1.122236729E1,5.119354248E-1,1.728156281E0,8.435408478E0
1.123241329E1,5.676196289E-1,1.863474884E0,7.919431458E0
1.124245929E1,5.935157776E-1,2.064806213E0,7.351213074E0
1.125250429E1,5.795947266E-1,2.240840149E0,6.835236053E0
1.126255029E1,5.812413025E-1,2.447859650E0,6.453529816E0
1.127259629E1,6.578819275E-1,2.698438568E0,6.347849579E0
1.128264229E1,7.872129822E-1,2.903661804E0,6.502328339E0
1.129268829E1,8.909472656E-1,3.040177917E0,6.723119202E0
1.130273429E1,9.297166443E-1,3.175197144E0,6.959477692E0
1.131278029E1,9.198371887E-1,3.257226562E0,7.148983612E0
1.132282629E1,9.324110413E-1,3.371588745E0,7.285948792E0
1.133287229E1,1.047222290E0,3.520379333E0,7.411238251E0
1.134291829E1,1.162931671E0,3.653302917E0,7.581733704E0
1.135296429E1,1.190773773E0,3.720363464E0,7.840695190E0
1.136301029E1,1.207089844E0,3.777694244E0,8.215066681E0
1.137305629E1,1.205143890E0,3.866759033E0,8.708291016E0
1.138310229E1,1.154848480E0,3.924389191E0,9.264983368E0
1.139314729E1,1.127605133E0,4.010160828E0,9.953701172E0
1.140319329E1,1.079854431E0,4.117038574E0,1.080587906E1
1.141323929E1,1.025667114E0,4.297563171E0,1.163769928E1
1.142328529E1,1.023122406E0,4.528532867E0,1.243030106E1
1.143333129E1,1.053060150E0,4.833748169E0,1.308563828E1
1.144337729E1,1.133143616E0,5.086572418E0,1.347243393E1
1.145342329E1,1.142124939E0,5.247338104E0,1.358006012E1
1.146346929E1,1.077758789E0,5.310656433E0,1.359218491E1
1.147351529E1,8.800199890E-1,5.175038452E0,1.352003494E1
1.148356129E1,6.500981140E-1,5.002597046E0,1.353230942E1
1.149360729E1,5.539979553E-1,4.758155365E0,1.397838181E1
1.150365329E1,6.884184265E-1,4.437222748E0,1.468476288E1
1.151369929E1,9.318122864E-1,4.292922821E0,1.508293488E1
1.152374529E1,1.145867157E0,4.234843597E0,1.504715927E1
1.153379129E1,1.297202454E0,4.190386047E0,1.464015564E1
1.154383629E1,1.516646118E0,4.232298889E0,1.424931839E1
1.155388229E1,1.626367950E0,4.328848114E0,1.344114899E1
1.156392829E1,1.576072540E0,4.332141266E0,1.241667938E1
1.157397429E1,1.429826660E0,4.252506866E0,1.145882126E1
1.158402029E1,1.218466187E0,4.193978577E0,1.051114197E1
1.159406629E1,1.071621552E0,4.198469238E0,9.692793732E0
1.160411229E1,1.070573730E0,4.299060059E0,9.116043091E0
1.161415829E1,1.267564087E0,4.469405823E0,8.844507751E0
1.162420429E1,1.820813599E0,4.827610931E0,9.030421143E0
1.163425029E1,2.617157593E0,5.388644257E0,9.554780731E0
1.164429629E1,2.869682465E0,5.647306366E0,9.499994659E0
1.165434229E1,2.444716187E0,5.736520844E0,8.981622620E0
1.166438829E1,1.399290161E0,5.621559906E0,8.106242981E0
1.167443329E1,3.143463135E-1,5.434449005E0,6.951244812E0
1.168447929E1,-3.448828125E-1,5.462590485E0,5.993686066E0
1.169452529E1,-4.776567078E-1,5.604196014E0,5.434598694E0
1.170457129E1,-1.875599670E-1,5.858517151E0,5.422324219E0
1.171461729E1,4.581971741E-1,6.168073425E0,6.084547119E0
1.172466329E1,1.049317932E0,6.433022461E0,6.947053528E0
1.173470929E1,1.296454010E0,6.586453400E0,7.640561371E0
1.174475529E1,1.294208679E0,6.633006592E0,8.281977539E0
1.175480129E1,1.114731903E0,6.613996124E0,8.698860626E0
1.176484729E1,8.216413879E-1,6.505172424E0,8.902437286E0
1.177489329E1,5.718109131E-1,6.381080475E0,9.016799469E0
1.178493929E1,4.824467468E-1,6.259383545E0,8.986861725E0
1.179498529E1,4.775070190E-1,6.171665955E0,8.721313934E0
1.180503029E1,3.591032410E-1,6.117179260E0,8.359815674E0
1.181507629E1,2.031275940E-1,6.066883850E0,7.881260834E0
1.182512229E1,5.613327026E-2,5.951024780E0,7.366331635E0
1.183516829E1,-1.056802368E-1,5.917344818E0,6.945856018E0
1.184521429E1,-2.776725769E-1,5.920338593E0,6.622378693E0
1.185526029E1,-4.498146057E-1,6.001918945E0,6.318660278E0
1.186530629E1,-6.077362061E-1,6.107150116E0,5.975424042E0
1.187535229E1,-8.479866028E-1,6.199508057E0,5.606291656E0
1.188539829E1,-1.070124664E0,6.350244598E0,5.227429504E0
1.189544429E1,-1.217717743E0,6.560856628E0,4.920867004E0
1.190549029E1,-1.300196228E0,6.745572510E0,4.851561127E0
1.191553629E1,-1.202748871E0,6.978188782E0,5.079537048E0
1.192558229E1,-8.828640747E-1,7.306905212E0,5.523513794E0
1.193562829E1,-6.030958557E-1,7.531737671E0,5.997278595E0
1.194567329E1,-5.917195129E-1,7.588918762E0,6.231541443E0
1.195571929E1,-8.464897156E-1,7.449408875E0,6.370452576E0
1.196576529E1,-1.186881866E0,7.248526611E0,6.502927094E0
1.197581129E1,-1.483864288E0,7.059170380E0,6.677164764E0
1.198585729E1,-1.638941803E0,7.038513336E0,6.889573059E0
1.199590329E1,-1.666634216E0,7.054230652E0,7.229516144E0
1.200594929E1,-1.507964172E0,7.042405243E0,7.319928131E0
1.201599529E1,-1.129700775E0,7.257507935E0,7.219636688E0
1.202604129E1,-1.338067474E0,6.971303101E0,7.829468536E0
1.203608729E1,-1.472188568E0,6.726262665E0,7.790549469E0
1.204613329E1,-1.398691406E0,6.756499786E0,7.829019470E0
1.205617929E1,-1.356329498E0,6.782246246E0,7.913144531E0
1.206622429E1,-1.271306305E0,6.790778503E0,7.970026245E0
1.207627029E1,-1.244362335E0,6.767127686E0,7.900870056E0
1.208631629E1,-1.281634827E0,6.775210876E0,7.741152191E0
1.209636229E1,-1.258882141E0,6.771169281E0,7.469766541E0
1.210640829E1,-1.169817352E0,6.798712006E0,7.131769409E0
1.211645429E1,-1.024768982E0,6.893315277E0,6.796316986E0
1.212650029E1,-8.310717773E-1,7.018005981E0,6.476282501E0
1.213654629E1,-6.650669861E-1,7.104675751E0,6.161636810E0
1.214659229E1,-5.798941040E-1,7.161856842E0,5.970184937E0
1.215663829E1,-6.370751953E-1,7.162006531E0,6.214027863E0
1.216668429E1,-6.102809143E-1,7.204518127E0,6.234086151E0
1.217673054E1,-4.941224670E-1,7.262447662E0,6.268065491E0
1.218677654E1,-3.996688843E-1,7.241191864E0,6.345005493E0
1.219682154E1,-3.373983765E-1,7.259753265E0,6.420897675E0
1.220686754E1,-3.094065857E-1,7.221882019E0,6.530170441E0
1.221691354E1,-3.281176758E-1,7.171885986E0,6.600224762E0
1.222695954E1,-3.242257690E-1,7.113357697E0,6.647825775E0
1.223700554E1,-2.718347168E-1,7.077881470E0,6.731501770E0
1.224705154E1,-2.339634705E-1,7.044351196E0,6.926845551E0
1.225709754E1,-1.529818726E-1,7.028783569E0,7.149582367E0
1.226714354E1,-1.130149841E-1,6.985224152E0,7.279512177E0
1.227718954E1,-6.017486572E-2,6.925947418E0,7.404352570E0
1.228723554E1,8.083190918E-3,6.890471191E0,7.609575806E0
1.229728154E1,-2.110610962E-2,6.771618347E0,7.839647369E0
1.230732754E1,-9.864486694E-2,6.637347565E0,7.737709351E0
1.231737254E1,-1.046324158E-1,6.663842468E0,7.245083771E0
1.232741854E1,-3.697311401E-2,6.652615814E0,6.878945160E0
1.233746454E1,2.335144043E-2,6.685397644E0,6.650071106E0
1.234751054E1,-1.496887207E-3,6.646029510E0,6.741081848E0
1.235755654E1,-4.535568237E-2,6.583609314E0,6.899901581E0
1.236760254E1,-3.293151855E-3,6.537654877E0,7.068750458E0
1.237764854E1,2.245330811E-2,6.507717133E0,7.167844391E0
1.238769454E1,1.047821045E-2,6.433920593E0,7.099885712E0
1.239774054E1,6.631210327E-2,6.396199036E0,7.123087463E0
1.240778654E1,1.511856079E-1,6.319558411E0,7.180118866E0
1.241783254E1,1.555265808E-1,6.204447784E0,7.387737122E0
1.242787854E1,4.939727783E-2,6.162085876E0,7.662864990E0
1.243792354E1,-1.011895752E-1,6.071075134E0,7.918533325E0
1.244796954E1,-2.989283752E-1,5.922284546E0,8.229736176E0
1.245801554E1,-3.806584167E-1,5.763764191E0,8.602161713E0
1.246806154E1,-3.643423462E-1,5.713468781E0,8.870403900E0
1.247810754E1,-1.883084106E-1,5.710924072E0,9.054970093E0
1.248815354E1,2.574645996E-2,5.711672516E0,9.250164185E0
1.249819954E1,1.484912109E-1,5.673352203E0,9.443711700E0
1.250824554E1,2.541714478E-1,5.597160645E0,9.545050964E0
1.251829154E1,3.150947571E-1,5.521567841E0,9.452842712E0
1.252833754E1,3.128494263E-1,5.406008148E0,9.320068817E0
1.253838354E1,2.656974792E-1,5.264701996E0,9.191186829E0
1.254842954E1,2.733316040E-1,5.101541290E0,9.070837097E0
1.255847454E1,3.225791931E-1,4.975204010E0,9.020990753E0
1.256852054E1,3.685336304E-1,4.900958405E0,9.079369354E0
1.257856654E1,4.281097412E-1,4.837640076E0,9.229058075E0
1.258861254E1,4.773573303E-1,4.704267426E0,9.408684540E0
1.259865854E1,5.108876038E-1,4.564158783E0,9.574090576E0
1.260870454E1,5.489085388E-1,4.445605316E0,9.692644043E0
1.261875054E1,5.481600952E-1,4.323010254E0,9.674681396E0
1.262879654E1,5.275030518E-1,4.242926788E0,9.480684814E0
1.263884254E1,5.400769043E-1,4.196672974E0,9.170230408E0
1.264888854E1,5.243595886E-1,4.194727020E0,8.791218567E0
1.265893454E1,5.550457764E-1,4.176165619E0,8.453071747E0
1.266897954E1,5.731581116E-1,4.158801727E0,8.258177032E0
1.267902554E1,5.780978394E-1,4.161346436E0,8.277486877E0
1.268907154E1,5.640270996E-1,4.157604218E0,8.284821625E0
1.269911754E1,5.215155029E-1,4.186194763E0,8.286617889E0
1.270916354E1,4.659809875E-1,4.236639862E0,8.214168549E0
1.271920954E1,4.348457336E-1,4.280648346E0,8.159532166E0
1.272925554E1,4.775070190E-1,4.345313873E0,8.182584229E0
1.273930154E1,4.953199768E-1,4.394561462E0,8.162076874E0
1.274934754E1,4.722679138E-1,4.475093994E0,8.025710449E0
1.275939354E1,4.409829712E-1,4.595443726E0,7.798183594E0
1.276943954E1,3.691323853E-1,4.748126221E0,7.502847748E0
1.277948554E1,3.396437073E-1,4.923860779E0,7.186854858E0
1.278953054E1,3.523672485E-1,5.104834442E0,6.980134735E0
1.279957654E1,3.791615295E-1,5.301375732E0,6.879094849E0
1.280962254E1,4.854405212E-1,5.486690369E0,6.960076447E0
1.281966854E1,4.995112610E-1,5.601052551E0,7.201823730E0
1.282971454E1,4.248165894E-1,5.653742981E0,7.461533661E0
1.283976054E1,3.370989990E-1,5.651048584E0,7.669151917E0
1.284980654E1,2.179467773E-1,5.644761658E0,7.766000519E0
1.285985254E1,1.552272034E-1,5.646857300E0,7.839647369E0
1.286989854E1,2.308200073E-1,5.788762207E0,7.788004761E0
1.287994454E1,3.468287659E-1,5.811365204E0,7.881859589E0
1.288999054E1,3.652404785E-1,5.853128357E0,7.948920135E0
1.290003654E1,3.388952637E-1,5.824687500E0,7.992928619E0
1.291008154E1,3.347039795E-1,5.760770416E0,8.005502472E0
1.292012754E1,3.058140564E-1,5.702990570E0,8.110434265E0
1.293017354E1,3.233276367E-1,5.631139984E0,8.228089600E0
1.294021954E1,3.257226562E-1,5.564678192E0,8.335266724E0
1.295026554E1,2.791694641E-1,5.505850525E0,8.366701355E0
1.296031154E1,2.248324585E-1,5.414989471E0,8.370742950E0
1.297035754E1,1.998344421E-1,5.323829041E0,8.394693146E0
1.298040354E1,2.439926147E-1,5.271138611E0,8.408314819E0
1.299044954E1,2.909948730E-1,5.254373474E0,8.430768127E0
1.300049554E1,3.956272888E-1,5.198689270E0,8.441695404E0
1.301054154E1,4.824467468E-1,5.176984406E0,8.414751434E0
1.302058654E1,5.658233643E-1,5.158722382E0,8.350085907E0
1.303063254E1,6.354286194E-1,5.095553741E0,8.287665710E0
1.304067854E1,6.435118103E-1,5.029391327E0,8.238867188E0
1.305072454E1,6.571334839E-1,4.980742493E0,8.181237030E0
1.306077054E1,6.179150391E-1,4.956941986E0,8.100854187E0
1.307081654E1,5.670208740E-1,4.943020935E0,7.982001343E0
1.308086254E1,5.278024292E-1,5.010979614E0,7.920479279E0
1.309090854E1,4.643344116E-1,5.066065063E0,7.842940521E0
1.310095454E1,4.339476013E-1,5.118007050E0,7.845634918E0
1.311100054E1,4.921765137E-1,5.223537598E0,7.847880249E0
1.312104654E1,5.204676819E-1,5.215304718E0,7.871980133E0
1.313109154E1,5.477110291E-1,5.208868103E0,7.917335815E0
1.314113754E1,6.852749634E-1,5.275629272E0,8.076005859E0
1.315118354E1,8.812174988E-1,5.372627563E0,8.215066681E0
1.316122954E1,1.048120422E0,5.417683868E0,8.326285400E0
1.317127554E1,1.127605133E0,5.426365814E0,8.433163147E0
1.318132192E1,1.143621826E0,5.417384491E0,8.561296692E0
1.319136792E1,1.157842255E0,5.391787720E0,8.610095215E0
1.320141392E1,1.223705292E0,5.453908539E0,8.583600311E0
1.321145992E1,1.324894867E0,5.532944183E0,8.567583618E0
1.322150592E1,1.404229889E0,5.635331268E0,8.530161438E0
1.323155192E1,1.401535492E0,5.729335785E0,8.408165131E0
1.324159692E1,1.408271484E0,5.790259094E0,8.195008392E0
1.325164292E1,1.369651794E0,5.855822754E0,8.014034729E0
1.326168892E1,1.278790741E0,5.884113922E0,7.896229706E0
1.327173492E1,1.178050232E0,5.893095245E0,7.838749237E0
1.328178092E1,1.156495056E0,5.920488281E0,7.804620209E0
1.329182692E1,1.179247742E0,6.000871124E0,7.770042114E0
1.330187292E1,1.223405914E0,6.060447235E0,7.707023163E0
1.331191892E1,1.258882141E0,6.107898560E0,7.688611450E0
1.332196492E1,1.232985992E0,6.121370544E0,7.702682190E0
1.333201092E1,1.148262177E0,6.104755096E0,7.770640869E0
1.334205692E1,1.088536377E0,6.062842255E0,7.828420715E0
1.335210192E1,1.052162018E0,6.062991943E0,7.869435425E0
1.336214792E1,1.061742096E0,6.096372528E0,7.973020020E0
1.337219392E1,1.061891785E0,6.067781982E0,7.944728851E0
1.338223992E1,1.021475830E0,6.075865173E0,7.924969940E0
1.339228592E1,1.009650421E0,6.063441010E0,7.820636902E0
1.340233192E1,1.182690582E0,6.157295837E0,7.201075287E0
1.341237792E1,1.423090668E0,6.366710358E0,7.274123383E0
1.342242392E1,1.513652344E0,6.331533508E0,7.784861298E0
1.343246992E1,1.479822693E0,6.292764130E0,7.790549469E0
1.344251592E1,1.427132263E0,6.269712067E0,8.037835236E0
1.345256092E1,1.306782532E0,6.173312531E0,8.267158356E0
1.346260692E1,1.204545135E0,6.100414124E0,8.505762177E0
1.347265292E1,1.189725952E0,6.065836029E0,8.646768951E0
1.348269892E1,1.246158600E0,6.099216614E0,8.538993073E0
1.349274492E1,1.212628326E0,6.137387238E0,8.247249756E0
1.350279092E1,1.265169067E0,6.144572296E0,8.006101227E0