"Time (s)","w","x","y","z","Direct (°)","Yaw (°)","Pitch (°)","Roll (°)"
6.895416707E-3,6.249829831E-1,1.968233578E-1,-1.660006536E-1,-7.369535672E-1,1.026381231E2,2.949678839E1,4.738270121E0,-9.815191189E1
1.693941670E-2,6.241457464E-1,1.957514567E-1,-1.658037238E-1,-7.379922657E-1,1.027609701E2,2.938853405E1,4.700933374E0,-9.832186412E1
2.698441671E-2,6.235070268E-1,1.951149471E-1,-1.656583250E-1,-7.387330651E-1,1.028546182E2,2.932103824E1,4.686142842E0,-9.844322172E1
3.702841670E-2,6.231146554E-1,1.948055708E-1,-1.655363705E-1,-7.391729781E-1,1.029121168E2,2.928324097E1,4.685929244E0,-9.851410153E1
4.707241670E-2,6.229593653E-1,1.946727226E-1,-1.654389283E-1,-7.393607212E-1,1.029348669E2,2.926307600E1,4.688775979E0,-9.854265853E1
5.711741670E-2,6.229755497E-1,1.945618317E-1,-1.654523758E-1,-7.393731124E-1,1.029324961E2,2.925549006E1,4.678355456E0,-9.854518022E1
6.716141669E-2,6.230808009E-1,1.943524843E-1,-1.656148980E-1,-7.393031802E-1,1.029170768E2,2.925380024E1,4.645352097E0,-9.853900798E1
7.720541669E-2,6.232183683E-1,1.939477284E-1,-1.658609710E-1,-7.392383584E-1,1.028969209E2,2.924410257E1,4.589255104E0,-9.853666829E1
8.725041669E-2,6.233603399E-1,1.932766201E-1,-1.660933306E-1,-7.392422148E-1,1.028761166E2,2.921193616E1,4.512953814E0,-9.854538565E1
9.729441669E-2,6.235206718E-1,1.923593295E-1,-1.662584685E-1,-7.393091387E-1,1.028526182E2,2.915426780E1,4.421596199E0,-9.856219274E1
1.073384167E-1,6.236726165E-1,1.912858954E-1,-1.663810276E-1,-7.394318230E-1,1.028303456E2,2.908038254E1,4.321400252E0,-9.858686269E1
1.173834167E-1,6.237550188E-1,1.901218732E-1,-1.664904935E-1,-7.396378736E-1,1.028182653E2,2.899786917E1,4.217575156E0,-9.862534347E1
1.274274167E-1,6.237442450E-1,1.889093216E-1,-1.665606548E-1,-7.399419052E-1,1.028198448E2,2.890767146E1,4.116308315E0,-9.867921412E1
1.374714167E-1,6.236762727E-1,1.876579764E-1,-1.665523150E-1,-7.403192354E-1,1.028298096E2,2.880727728E1,4.019970133E0,-9.874275914E1
1.475164167E-1,6.236291420E-1,1.864102426E-1,-1.664532041E-1,-7.406964602E-1,1.028367186E2,2.869934648E1,3.929943054E0,-9.880288981E1
1.575604167E-1,6.237003227E-1,1.852541407E-1,-1.662268683E-1,-7.409773742E-1,1.028262839E2,2.858800620E1,3.852419315E0,-9.884169738E1
1.676044167E-1,6.239036075E-1,1.842249621E-1,-1.659314347E-1,-7.411290502E-1,1.027964793E2,2.848122692E1,3.785334574E0,-9.885572272E1
1.776494167E-1,6.241771775E-1,1.832882872E-1,-1.656600122E-1,-7.411916435E-1,1.027563602E2,2.838426474E1,3.721174371E0,-9.885539052E1
1.876934167E-1,6.244561791E-1,1.824263052E-1,-1.654778272E-1,-7.412099458E-1,1.027154329E2,2.830121818E1,3.655950338E0,-9.885087831E1
1.977374167E-1,6.246824813E-1,1.815964535E-1,-1.654601269E-1,-7.412270838E-1,1.026822276E2,2.823518378E1,3.582651980E0,-9.885242637E1
2.077824167E-1,6.247941810E-1,1.807485274E-1,-1.656255058E-1,-7.413031904E-1,1.026658350E2,2.818361104E1,3.498087107E0,-9.887108458E1
2.178264167E-1,6.247293960E-1,1.797872131E-1,-1.659790836E-1,-7.415123705E-1,1.026753428E2,2.813925944E1,3.396469310E0,-9.891979300E1
2.278704167E-1,6.244806558E-1,1.786409419E-1,-1.664590131E-1,-7.418912601E-1,1.027118418E2,2.809108122E1,3.277010186E0,-9.900254707E1
2.379154167E-1,6.240985209E-1,1.773461832E-1,-1.669659840E-1,-7.424093608E-1,1.027678963E2,2.803342283E1,3.148296071E0,-9.911041683E1
2.479594167E-1,6.236621430E-1,1.760662278E-1,-1.673392131E-1,-7.429965402E-1,1.028318809E2,2.796508071E1,3.032759873E0,-9.922530022E1
2.580044167E-1,6.232436142E-1,1.749163532E-1,-1.675483491E-1,-7.435719395E-1,1.028932216E2,2.789255488E1,2.939354074E0,-9.933210060E1
2.680484167E-1,6.229096321E-1,1.740023118E-1,-1.675822589E-1,-7.440584932E-1,1.029421521E2,2.782321029E1,2.875081906E0,-9.941705653E1
2.780924167E-1,6.227003361E-1,1.733828200E-1,-1.675150100E-1,-7.443933025E-1,1.029728068E2,2.776825557E1,2.837685727E0,-9.947208926E1
2.881374167E-1,6.226335544E-1,1.730530252E-1,-1.674455477E-1,-7.445415119E-1,1.029825867E2,2.773615366E1,2.818707738E0,-9.949489536E1
2.981814167E-1,6.226930974E-1,1.729764789E-1,-1.674377370E-1,-7.445113032E-1,1.029738669E2,2.772970166E1,2.810983677E0,-9.948929440E1
3.082254167E-1,6.228216400E-1,1.730214597E-1,-1.675578455E-1,-7.443663233E-1,1.029550407E2,2.774439745E1,2.800896118E0,-9.946878355E1
3.182704167E-1,6.229482333E-1,1.729815138E-1,-1.678455305E-1,-7.442048324E-1,1.029364976E2,2.776750104E1,2.771285742E0,-9.945180672E1
3.283144167E-1,6.230139508E-1,1.727568441E-1,-1.682722311E-1,-7.441056503E-1,1.029268705E2,2.778850085E1,2.718374780E0,-9.945089675E1
3.383584167E-1,6.229836630E-1,1.723315067E-1,-1.687658675E-1,-7.441178992E-1,1.029313075E2,2.779961347E1,2.647615311E0,-9.947181246E1
3.484034167E-1,6.228496149E-1,1.717338510E-1,-1.692177583E-1,-7.442655186E-1,1.029509432E2,2.779332230E1,2.569817276E0,-9.951453848E1
3.584474167E-1,6.226242716E-1,1.710015128E-1,-1.695279537E-1,-7.445520592E-1,1.029839461E2,2.776367947E1,2.495138554E0,-9.957582506E1
3.684914167E-1,6.223561965E-1,1.701859309E-1,-1.696656457E-1,-7.449315705E-1,1.030231974E2,2.771208006E1,2.428281080E0,-9.964653056E1
3.785364167E-1,6.220792548E-1,1.693686172E-1,-1.696451644E-1,-7.453537502E-1,1.030637357E2,2.764622175E1,2.373502887E0,-9.971853295E1
3.885804167E-1,6.218003375E-1,1.685837450E-1,-1.695480926E-1,-7.457863349E-1,1.031045516E2,2.757607512E1,2.327122539E0,-9.978943890E1
3.986244167E-1,6.215229533E-1,1.678000396E-1,-1.694356717E-1,-7.462198311E-1,1.031451318E2,2.750473130E1,2.281841273E0,-9.985996529E1
4.086694167E-1,6.212563587E-1,1.670416044E-1,-1.693615592E-1,-7.466286291E-1,1.031841228E2,2.743889109E1,2.235228219E0,-9.992776607E1
4.187134167E-1,6.209987150E-1,1.663499858E-1,-1.693956027E-1,-7.469896169E-1,1.032217947E2,2.738803485E1,2.185477035E0,-9.999154809E1
4.287574167E-1,6.207377944E-1,1.657487170E-1,-1.696107009E-1,-7.472912514E-1,1.032599357E2,2.736049619E1,2.129463154E0,-1.000521540E2
4.388024167E-1,6.204758412E-1,1.652222854E-1,-1.700286887E-1,-7.475303610E-1,1.032982175E2,2.735706010E1,2.064238340E0,-1.001098915E2
4.488464167E-1,6.202078241E-1,1.647257756E-1,-1.706154770E-1,-7.477285829E-1,1.033373750E2,2.737120520E1,1.988920153E0,-1.001672234E2
4.588904167E-1,6.199221949E-1,1.641534096E-1,-1.712989422E-1,-7.479350603E-1,1.033790941E2,2.738831803E1,1.900743522E0,-1.002298853E2
4.689354167E-1,6.196243010E-1,1.634226330E-1,-1.719830412E-1,-7.481849068E-1,1.034225917E2,2.739346575E1,1.800011029E0,-1.003002124E2
4.789794167E-1,6.193178460E-1,1.625117948E-1,-1.725851747E-1,-7.484982739E-1,1.034673259E2,2.737759555E1,1.691011761E0,-1.003784431E2
4.890234167E-1,6.189838902E-1,1.613998602E-1,-1.730716501E-1,-7.489026992E-1,1.035160587E2,2.733607768E1,1.575170886E0,-1.004680236E2
4.990684167E-1,6.185960654E-1,1.601188014E-1,-1.734630100E-1,-7.494073551E-1,1.035726319E2,2.727322610E1,1.454400077E0,-1.005714022E2
5.091124167E-1,6.181542874E-1,1.587750466E-1,-1.737976638E-1,-7.499800412E-1,1.036370486E2,2.720068044E1,1.334464288E0,-1.006845521E2
5.191564167E-1,6.176908091E-1,1.574784937E-1,-1.740730408E-1,-7.505711402E-1,1.037045990E2,2.712661530E1,1.223414593E0,-1.007987368E2
5.292014167E-1,6.172477983E-1,1.563048067E-1,-1.743320148E-1,-7.511207825E-1,1.037691370E2,2.706067103E1,1.122809755E0,-1.009051941E2
5.392454167E-1,6.168576765E-1,1.552883538E-1,-1.746010144E-1,-7.515893817E-1,1.038259465E2,2.700780590E1,1.032422882E0,-1.009980275E2
5.492894167E-1,6.165564425E-1,1.544396684E-1,-1.748794319E-1,-7.519465868E-1,1.038697972E2,2.696872857E1,9.519949722E-1,-1.010718305E2
5.593344167E-1,6.163568350E-1,1.537736309E-1,-1.751422504E-1,-7.521854751E-1,1.038988468E2,2.694222007E1,8.842428804E-1,-1.011243274E2
5.693784167E-1,6.162166019E-1,1.532236047E-1,-1.754145078E-1,-7.523492262E-1,1.039192519E2,2.692543433E1,8.232917304E-1,-1.011640728E2
5.794224167E-1,6.160601159E-1,1.526768139E-1,-1.757262035E-1,-7.525157431E-1,1.039420187E2,2.691251579E1,7.601998697E-1,-1.012059610E2
5.894674167E-1,6.158403570E-1,1.520539493E-1,-1.760855871E-1,-7.527377780E-1,1.039739849E2,2.689823336E1,6.894156250E-1,-1.012596038E2
5.995114167E-1,6.155441489E-1,1.513795628E-1,-1.764788119E-1,-7.530237865E-1,1.040170605E2,2.688319332E1,6.144415776E-1,-1.013259635E2
6.095564167E-1,6.151692158E-1,1.507263222E-1,-1.768422297E-1,-7.533758760E-1,1.040715663E2,2.686708094E1,5.461148881E-1,-1.014028299E2
6.196004167E-1,6.147117855E-1,1.500861050E-1,-1.771441342E-1,-7.538059951E-1,1.041380378E2,2.684640277E1,4.862428879E-1,-1.014910133E2
6.296444167E-1,6.141998014E-1,1.494104186E-1,-1.773962026E-1,-7.542980859E-1,1.042124012E2,2.681861941E1,4.289523387E-1,-1.015881715E2
6.396894167E-1,6.136721387E-1,1.486725406E-1,-1.776023560E-1,-7.548247371E-1,1.042890025E2,2.678212870E1,3.703732346E-1,-1.016896378E2
6.497334167E-1,6.131629468E-1,1.478510247E-1,-1.778014261E-1,-7.553528108E-1,1.043628847E2,2.673890526E1,3.046363019E-1,-1.017911783E2
6.597774167E-1,6.127075975E-1,1.469587101E-1,-1.779910896E-1,-7.558516556E-1,1.044289231E2,2.668972813E1,2.317610811E-1,-1.018872708E2
6.698224167E-1,6.123060540E-1,1.460059239E-1,-1.781737685E-1,-7.563185268E-1,1.044871338E2,2.663559220E1,1.524193510E-1,-1.019775222E2
6.798664167E-1,6.119403247E-1,1.449709949E-1,-1.783822611E-1,-7.567643351E-1,1.045401326E2,2.657789787E1,6.297722089E-2,-1.020652265E2
6.899104167E-1,6.115825190E-1,1.438118012E-1,-1.786598270E-1,-7.572091318E-1,1.045919649E2,2.651751659E1,-4.235510191E-2,-1.021557613E2
6.999554167E-1,6.112087344E-1,1.425337256E-1,-1.789940239E-1,-7.576735322E-1,1.046460925E2,2.645376844E1,-1.614229879E-1,-1.022523012E2
7.099994167E-1,6.108053891E-1,1.411656297E-1,-1.793488674E-1,-7.581707807E-1,1.047044787E2,2.638554852E1,-2.887260062E-1,-1.023557305E2
7.200434167E-1,6.103601656E-1,1.397326988E-1,-1.796810280E-1,-7.587159765E-1,1.047689003E2,2.631079632E1,-4.185735753E-1,-1.024669359E2
7.300884167E-1,6.098543560E-1,1.382783928E-1,-1.799495324E-1,-7.593252988E-1,1.048420546E2,2.622898632E1,-5.437135159E-1,-1.025870877E2
7.401324167E-1,6.093070633E-1,1.368831780E-1,-1.801113619E-1,-7.599788015E-1,1.049211680E2,2.614205417E1,-6.548834087E-1,-1.027108032E2
7.501764167E-1,6.087733420E-1,1.356598394E-1,-1.801401956E-1,-7.606187329E-1,1.049982793E2,2.605572454E1,-7.424748184E-1,-1.028266094E2
7.602214167E-1,6.083012130E-1,1.347255070E-1,-1.800192763E-1,-7.611910028E-1,1.050664586E2,2.597684310E1,-7.969068961E-1,-1.029240348E2
7.702654167E-1,6.079266698E-1,1.341205258E-1,-1.797673066E-1,-7.616564989E-1,1.051205236E2,2.590989975E1,-8.172454236E-1,-1.029968024E2
7.803094167E-1,6.076725769E-1,1.338689065E-1,-1.794381213E-1,-7.619810613E-1,1.051571906E2,2.586148484E1,-8.060698156E-1,-1.030410257E2
7.903544167E-1,6.075482332E-1,1.339298798E-1,-1.791017183E-1,-7.621485634E-1,1.051751308E2,2.583503480E1,-7.721948166E-1,-1.030567630E2
8.003984167E-1,6.075234877E-1,1.342074721E-1,-1.788182043E-1,-7.621861215E-1,1.051787008E2,2.582914232E1,-7.271243318E-1,-1.030514214E2
8.104424167E-1,6.075578848E-1,1.345536413E-1,-1.786289689E-1,-7.621421149E-1,1.051737383E2,2.583689238E1,-6.850952880E-1,-1.030354515E2
8.204874167E-1,6.076091196E-1,1.348073021E-1,-1.785673503E-1,-7.620707339E-1,1.051663464E2,2.584965526E1,-6.608012356E-1,-1.030200024E2
8.305314167E-1,6.076608654E-1,1.349206179E-1,-1.786157309E-1,-7.619980833E-1,1.051588804E2,2.586233092E1,-6.564563899E-1,-1.030089998E2
8.405754167E-1,6.077191914E-1,1.349197368E-1,-1.787478784E-1,-7.619207070E-1,1.051504645E2,2.587439374E1,-6.681268898E-1,-1.030007173E2
8.506204167E-1,6.077889707E-1,1.348604901E-1,-1.789008807E-1,-7.618396322E-1,1.051403954E2,2.588411355E1,-6.866394204E-1,-1.029926738E2
8.606644167E-1,6.078525440E-1,1.348097480E-1,-1.790076781E-1,-7.617728558E-1,1.051312213E2,2.589020143E1,-7.008440785E-1,-1.029852419E2
8.707084167E-1,6.079169444E-1,1.348573607E-1,-1.790070591E-1,-7.617132602E-1,1.051219272E2,2.589356357E1,-6.988865528E-1,-1.029745306E2
8.807534167E-1,6.080008429E-1,1.350643940E-1,-1.788530466E-1,-7.616457146E-1,1.051098183E2,2.589440578E1,-6.728496875E-1,-1.029558790E2
8.907974167E-1,6.081217833E-1,1.354594443E-1,-1.785428379E-1,-7.615518325E-1,1.050923616E2,2.589457094E1,-6.206859717E-1,-1.029258912E2
9.008424167E-1,6.082833375E-1,1.359696464E-1,-1.781198587E-1,-7.614309079E-1,1.050690393E2,2.589277337E1,-5.518643901E-1,-1.028863419E2
9.108864167E-1,6.084588896E-1,1.365086361E-1,-1.776756151E-1,-7.612979241E-1,1.050436922E2,2.589117533E1,-4.795215673E-1,-1.028438122E2
9.209304167E-1,6.086290628E-1,1.370397733E-1,-1.772852484E-1,-7.611574223E-1,1.050191177E2,2.589402752E1,-4.116294831E-1,-1.028022683E2
9.309754167E-1,6.087660611E-1,1.375528730E-1,-1.770076653E-1,-7.610199182E-1,1.049993309E2,2.590600261E1,-3.524609983E-1,-1.027660272E2
9.410194167E-1,6.088600644E-1,1.380437020E-1,-1.768602066E-1,-7.608901744E-1,1.049857525E2,2.592836724E1,-3.033276020E-1,-1.027366317E2
9.510634167E-1,6.089152926E-1,1.385027905E-1,-1.768090153E-1,-7.607744233E-1,1.049777744E2,2.595729323E1,-2.626829023E-1,-1.027137678E2
9.611084167E-1,6.089561908E-1,1.388978250E-1,-1.767883713E-1,-7.606745195E-1,1.049718661E2,2.598435453E1,-2.292223316E-1,-1.026950214E2
9.711524167E-1,6.089993123E-1,1.392073396E-1,-1.767422323E-1,-7.605941402E-1,1.049656363E2,2.600281203E1,-2.011786353E-1,-1.026787188E2
9.811964167E-1,6.090547196E-1,1.394069616E-1,-1.766134382E-1,-7.605431161E-1,1.049576312E2,2.600561883E1,-1.767283206E-1,-1.026642396E2
9.912414167E-1,6.091074032E-1,1.394384018E-1,-1.763790187E-1,-7.605496068E-1,1.049500193E2,2.598638670E1,-1.585885488E-1,-1.026556676E2
1.001285417E0,6.091430436E-1,1.392552632E-1,-1.760457952E-1,-7.606318089E-1,1.049448696E2,2.594233378E1,-1.506982422E-1,-1.026565565E2
1.011329417E0,6.091801803E-1,1.388707140E-1,-1.756170155E-1,-7.607714362E-1,1.049395035E2,2.587472614E1,-1.528117624E-1,-1.026637987E2
1.021374417E0,6.092301770E-1,1.382819634E-1,-1.751043426E-1,-7.609567875E-1,1.049322789E2,2.578444107E1,-1.664159384E-1,-1.026758167E2
1.031418417E0,6.093069685E-1,1.374765872E-1,-1.745148478E-1,-7.611765411E-1,1.049211817E2,2.567123030E1,-1.935638176E-1,-1.026909189E2
1.041462417E0,6.094194848E-1,1.364850707E-1,-1.738979984E-1,-7.614061730E-1,1.049049205E2,2.554189654E1,-2.356299256E-1,-1.027067756E2
1.051507417E0,6.095697699E-1,1.353954957E-1,-1.732982645E-1,-7.616170863E-1,1.048831979E2,2.540698620E1,-2.885267597E-1,-1.027201053E2
1.061551417E0,6.097247649E-1,1.342621419E-1,-1.727419301E-1,-7.618199180E-1,1.048607913E2,2.527290588E1,-3.485276540E-1,-1.027338678E2
1.071595417E0,6.098305746E-1,1.331335375E-1,-1.722951063E-1,-7.620344244E-1,1.048454932E2,2.514930503E1,-4.146514626E-1,-1.027542589E2
1.081640417E0,6.099090731E-1,1.321132624E-1,-1.719817498E-1,-7.622199338E-1,1.048341427E2,2.504594494E1,-4.805874459E-1,-1.027749240E2
1.091684417E0,6.100252562E-1,1.313289939E-1,-1.717506797E-1,-7.623145693E-1,1.048173417E2,2.496739334E1,-5.338035055E-1,-1.027826514E2
1.101728417E0,6.102440036E-1,1.308937210E-1,-1.714926369E-1,-7.622724171E-1,1.047857038E2,2.491179075E1,-5.587206572E-1,-1.027647470E2
1.111773417E0,6.106468906E-1,1.309633765E-1,-1.710094997E-1,-7.620463783E-1,1.047274158E2,2.487229079E1,-5.301370455E-1,-1.027047623E2
1.121817417E0,6.112881075E-1,1.316509378E-1,-1.701172101E-1,-7.616135355E-1,1.046346002E2,2.484040148E1,-4.266846030E-1,-1.025913607E2
1.131861417E0,6.121027165E-1,1.329012070E-1,-1.687777793E-1,-7.610399221E-1,1.045166023E2,2.480905658E1,-2.482304978E-1,-1.024353214E2
1.141906417E0,6.129329883E-1,1.344306792E-1,-1.671269662E-1,-7.604669989E-1,1.043962388E2,2.477040420E1,-2.378183438E-2,-1.022679018E2
1.151950417E0,6.136027281E-1,1.358933079E-1,-1.653781815E-1,-7.600492130E-1,1.042990759E2,2.471865524E1,2.073078541E-1,-1.021253328E2
1.161994417E0,6.140116948E-1,1.370512241E-1,-1.636987192E-1,-7.598745828E-1,1.042397134E2,2.465126030E1,4.158350717E-1,-1.020297048E2
1.172039417E0,6.140985963E-1,1.376715809E-1,-1.622236453E-1,-7.600085308E-1,1.042270963E2,2.456286650E1,5.741434611E-1,-1.019975219E2
1.182083417E0,6.138661828E-1,1.376170257E-1,-1.610418227E-1,-7.604573262E-1,1.042608375E2,2.445104113E1,6.639293009E-1,-1.020329184E2
1.192127417E0,6.134216863E-1,1.370012511E-1,-1.601066566E-1,-7.611244424E-1,1.043253470E2,2.431994031E1,6.946831487E-1,-1.021167574E2
1.202172417E0,6.129847236E-1,1.362050168E-1,-1.592477630E-1,-7.617992819E-1,1.043887356E2,2.418245972E1,7.041184464E-1,-1.022051082E2
1.212216417E0,6.127576574E-1,1.356195997E-1,-1.583271468E-1,-7.622781333E-1,1.044216645E2,2.405513535E1,7.292441243E-1,-1.022564719E2
1.222260417E0,6.128152195E-1,1.354481595E-1,-1.573186649E-1,-7.624711764E-1,1.044133176E2,2.395064615E1,7.870447716E-1,-1.022538243E2
1.232305417E0,6.131341500E-1,1.357368733E-1,-1.562855745E-1,-7.623757928E-1,1.043670619E2,2.387821807E1,8.776318814E-1,-1.021990650E2
1.242349417E0,6.136790086E-1,1.364760954E-1,-1.552927548E-1,-7.620081195E-1,1.042880054E2,2.384318816E1,9.965371809E-1,-1.020975154E2
1.252394417E0,6.144402703E-1,1.376299714E-1,-1.543979766E-1,-7.613688309E-1,1.041774788E2,2.384839460E1,1.136689442E0,-1.019514744E2
1.262438125E0,6.154063076E-1,1.392317683E-1,-1.536095295E-1,-7.604562357E-1,1.040371015E2,2.389734392E1,1.300427107E0,-1.017611136E2
1.272482125E0,6.165445992E-1,1.413757311E-1,-1.529413176E-1,-7.592724255E-1,1.038715209E2,2.399868262E1,1.495308938E0,-1.015275664E2
1.282527125E0,6.178251996E-1,1.440027096E-1,-1.524192159E-1,-7.578414452E-1,1.036850152E2,2.415078746E1,1.714865344E0,-1.012562883E2
1.292571125E0,6.192302069E-1,1.469814863E-1,-1.520781786E-1,-7.561896259E-1,1.034801163E2,2.434740410E1,1.945505174E0,-1.009533996E2
1.302615125E0,6.207325629E-1,1.501748927E-1,-1.519347289E-1,-7.543570915E-1,1.032607003E2,2.457995047E1,2.174858287E0,-1.006267571E2
1.312660125E0,6.222399555E-1,1.533974508E-1,-1.520134071E-1,-7.524483766E-1,1.030402139E2,2.483644048E1,2.388189088E0,-1.002957080E2
1.322704125E0,6.236081265E-1,1.564060795E-1,-1.523406593E-1,-7.506279699E-1,1.028397992E2,2.510006846E1,2.567928816E0,-9.998988151E1
1.332748125E0,6.247587249E-1,1.590088023E-1,-1.529097819E-1,-7.490069284E-1,1.026710386E2,2.535472449E1,2.701577256E0,-9.972813297E1
1.342793125E0,6.256570639E-1,1.610709142E-1,-1.536898005E-1,-7.476555951E-1,1.025391391E2,2.558650955E1,2.782053838E0,-9.952127595E1
1.352837125E0,6.263081116E-1,1.624865995E-1,-1.546562762E-1,-7.466040681E-1,1.024434722E2,2.578451608E1,2.802958973E0,-9.937336157E1
1.362881125E0,6.267753884E-1,1.632556366E-1,-1.557579691E-1,-7.458147893E-1,1.023747696E2,2.594399047E1,2.766536659E0,-9.927587894E1
1.372926125E0,6.271281628E-1,1.634403142E-1,-1.569161954E-1,-7.452348434E-1,1.023228800E2,2.606280335E1,2.681831672E0,-9.921680606E1
1.382970125E0,6.274248661E-1,1.631423177E-1,-1.580409867E-1,-7.448125425E-1,1.022792233E2,2.614097963E1,2.562158484E0,-9.918396388E1
1.393014125E0,6.276998532E-1,1.625728577E-1,-1.590515135E-1,-7.444901823E-1,1.022387500E2,2.618783018E1,2.429758114E0,-9.916448126E1
1.403059125E0,6.279573968E-1,1.619388760E-1,-1.599584381E-1,-7.442167915E-1,1.022008335E2,2.622038406E1,2.300533292E0,-9.914995022E1
1.413103125E0,6.281918597E-1,1.613456771E-1,-1.608168039E-1,-7.439627725E-1,1.021663063E2,2.625170366E1,2.179067816E0,-9.913725766E1
1.423147125E0,6.283985004E-1,1.608242803E-1,-1.616907591E-1,-7.437116247E-1,1.021358692E2,2.628990230E1,2.063169104E0,-9.912591033E1
1.433192125E0,6.286312248E-1,1.604484923E-1,-1.625723936E-1,-7.434038789E-1,1.021015823E2,2.634011260E1,1.957598783E0,-9.910536764E1
1.443236125E0,6.289560716E-1,1.603104639E-1,-1.634142533E-1,-7.429741707E-1,1.020537094E2,2.640534610E1,1.871171255E0,-9.906260951E1
1.453280125E0,6.294013320E-1,1.604080464E-1,-1.642133240E-1,-7.423996881E-1,1.019880646E2,2.648520350E1,1.802914267E0,-9.899359171E1
1.463325125E0,6.299533187E-1,1.606784773E-1,-1.650159728E-1,-7.416947083E-1,1.019066429E2,2.657892872E1,1.744584181E0,-9.890254928E1
1.473369125E0,6.305591375E-1,1.610334060E-1,-1.658442327E-1,-7.409177733E-1,1.018172265E2,2.668154087E1,1.689085450E0,-9.880043750E1
1.483413125E0,6.311582445E-1,1.613412914E-1,-1.666669154E-1,-7.401556424E-1,1.017287450E2,2.677994319E1,1.630224076E0,-9.870097871E1
1.493458125E0,6.317234811E-1,1.614922540E-1,-1.674220679E-1,-7.394696972E-1,1.016452148E2,2.686003135E1,1.564847917E0,-9.861226688E1
1.503502125E0,6.322530457E-1,1.614718292E-1,-1.680154159E-1,-7.388867746E-1,1.015669111E2,2.691227669E1,1.499159355E0,-9.853517203E1
1.513547125E0,6.327520960E-1,1.613034061E-1,-1.683782413E-1,-7.384136025E-1,1.014930794E2,2.693239096E1,1.440217377E0,-9.846807432E1
1.523591125E0,6.332287031E-1,1.610394638E-1,-1.685010338E-1,-7.380346075E-1,1.014225317E2,2.692363757E1,1.392769100E0,-9.840784978E1
1.533635125E0,6.336780043E-1,1.607410292E-1,-1.684589851E-1,-7.377235480E-1,1.013559933E2,2.689745863E1,1.356167484E0,-9.835289288E1
1.543680125E0,6.341024969E-1,1.604604570E-1,-1.683222192E-1,-7.374510370E-1,1.012930998E2,2.686418283E1,1.329173991E0,-9.830089510E1
1.553724125E0,6.345409347E-1,1.602036802E-1,-1.682032147E-1,-7.371568256E-1,1.012281105E2,2.683434334E1,1.302263142E0,-9.824591545E1
1.563768125E0,6.350433462E-1,1.599817172E-1,-1.682045811E-1,-7.367720038E-1,1.011536011E2,2.681798824E1,1.266666521E0,-9.818016670E1
1.573813125E0,6.356294561E-1,1.597812516E-1,-1.683954161E-1,-7.362663101E-1,1.010666286E2,2.682022409E1,1.215273386E0,-9.810119599E1
1.583857125E0,6.362736496E-1,1.595366431E-1,-1.688191276E-1,-7.356657808E-1,1.009709744E2,2.683972204E1,1.140317061E0,-9.801519225E1
1.593901125E0,6.369062633E-1,1.591958128E-1,-1.694771762E-1,-7.350405007E-1,1.008769755E2,2.687241135E1,1.039894689E0,-9.793426280E1
1.603946125E0,6.374773373E-1,1.587351336E-1,-1.703103072E-1,-7.344523150E-1,1.007920659E2,2.691112414E1,9.184248097E-1,-9.786672006E1
1.613990125E0,6.379492081E-1,1.581636091E-1,-1.712480245E-1,-7.339475697E-1,1.007218669E2,2.695028510E1,7.834015174E-1,-9.781775494E1
1.624034125E0,6.382938640E-1,1.575354979E-1,-1.721947237E-1,-7.335616099E-1,1.006705709E2,2.698567626E1,6.475887855E-1,-9.778961247E1
1.634079125E0,6.385024803E-1,1.569010805E-1,-1.730581460E-1,-7.333127854E-1,1.006395127E2,2.701307640E1,5.224889354E-1,-9.778170063E1
1.644123125E0,6.385860101E-1,1.563344925E-1,-1.737591192E-1,-7.331952010E-1,1.006270751E2,2.703128495E1,4.198164651E-1,-9.778976028E1
1.654167125E0,6.385836604E-1,1.558581535E-1,-1.742715782E-1,-7.331770673E-1,1.006274250E2,2.703977212E1,3.420167635E-1,-9.780724222E1
1.664212125E0,6.385296387E-1,1.554168253E-1,-1.746175281E-1,-7.332355566E-1,1.006354689E2,2.703621237E1,2.817445679E-1,-9.783107809E1
1.674256125E0,6.384411040E-1,1.549030295E-1,-1.748190578E-1,-7.333732346E-1,1.006486509E2,2.701422869E1,2.280450818E-1,-9.786254990E1
1.684300125E0,6.383198580E-1,1.541785120E-1,-1.749427298E-1,-7.336018707E-1,1.006667013E2,2.696903614E1,1.645796412E-1,-9.790632601E1
1.694345125E0,6.381404231E-1,1.531166037E-1,-1.750497170E-1,-7.339548663E-1,1.006934102E2,2.689631687E1,7.727781427E-2,-9.797056923E1
1.704389125E0,6.378191693E-1,1.516563214E-1,-1.751964295E-1,-7.345021115E-1,1.007412160E2,2.679650037E1,-4.030790619E-2,-9.806950621E1
1.714433125E0,6.372860801E-1,1.498141854E-1,-1.754273126E-1,-7.352873231E-1,1.008205085E2,2.667507792E1,-1.880351187E-1,-9.821251609E1
1.724478125E0,6.365060579E-1,1.476433435E-1,-1.757380876E-1,-7.363270543E-1,1.009364486E2,2.653612758E1,-3.603434602E-1,-9.840247229E1
1.734522125E0,6.355341832E-1,1.453171167E-1,-1.760663220E-1,-7.375499556E-1,1.010807698E2,2.638771950E1,-5.405975038E-1,-9.862491219E1
1.744566125E0,6.345000839E-1,1.430886798E-1,-1.764036720E-1,-7.387942834E-1,1.012341670E2,2.624853619E1,-7.122101561E-1,-9.885198430E1
1.754611125E0,6.335440300E-1,1.412265451E-1,-1.767939334E-1,-7.398789694E-1,1.013758373E2,2.614271118E1,-8.613244178E-1,-9.905437642E1
1.764655125E0,6.327730483E-1,1.399164050E-1,-1.772888691E-1,-7.406689172E-1,1.014899787E2,2.608854957E1,-9.800217237E-1,-9.921078334E1
1.774699125E0,6.322920421E-1,1.392820976E-1,-1.778190106E-1,-7.410718675E-1,1.015611432E2,2.608869447E1,-1.056078442E0,-9.930219999E1
1.784744125E0,6.321645268E-1,1.392653679E-1,-1.783237797E-1,-7.410625741E-1,1.015800029E2,2.613293790E1,-1.091621201E0,-9.932158729E1
1.794788125E0,6.323336410E-1,1.396143636E-1,-1.788122840E-1,-7.407349034E-1,1.015549901E2,2.620301014E1,-1.106082421E0,-9.928550287E1
1.804833125E0,6.326298702E-1,1.399284221E-1,-1.793368424E-1,-7.402957122E-1,1.015111656E2,2.627350366E1,-1.130568643E0,-9.923186324E1
1.814877125E0,6.327840275E-1,1.397053692E-1,-1.800436990E-1,-7.400344175E-1,1.014883540E2,2.631988424E1,-1.208113221E0,-9.921670400E1
1.824921125E0,6.325495593E-1,1.385804000E-1,-1.809931688E-1,-7.402149377E-1,1.015230482E2,2.632046623E1,-1.364670070E0,-9.928811501E1
1.834966125E0,6.318345328E-1,1.366204661E-1,-1.820125324E-1,-7.409396581E-1,1.016287978E2,2.626551983E1,-1.578616157E0,-9.945672373E1
1.845010125E0,6.306700259E-1,1.343170460E-1,-1.827902577E-1,-7.421603046E-1,1.018008537E2,2.616472570E1,-1.787409066E0,-9.970122145E1
1.855054125E0,6.291118358E-1,1.323293796E-1,-1.830291882E-1,-7.437791861E-1,1.020307485E2,2.604086930E1,-1.916556334E0,-9.999204246E1
1.865099125E0,6.272350683E-1,1.312082576E-1,-1.826251843E-1,-7.456599154E-1,1.023071516E2,2.592496332E1,-1.915431713E0,-1.003011073E2
1.875143125E0,6.251463179E-1,1.312780976E-1,-1.816108545E-1,-7.476468390E-1,1.026141448E2,2.584282846E1,-1.763120676E0,-1.006030501E2
1.885187125E0,6.229569840E-1,1.324382186E-1,-1.801488146E-1,-7.496206339E-1,1.029352158E2,2.580050868E1,-1.483730128E0,-1.008846696E2
1.895232125E0,6.207679874E-1,1.341977757E-1,-1.784833503E-1,-7.515196603E-1,1.032555226E2,2.578306019E1,-1.139628987E0,-1.011462747E2
1.905276125E0,6.186773035E-1,1.359489180E-1,-1.768336344E-1,-7.533168335E-1,1.035607833E2,2.576512480E1,-8.010609311E-1,-1.013926772E2
1.915320125E0,6.167334961E-1,1.371590515E-1,-1.754685269E-1,-7.550086027E-1,1.038440251E2,2.573188863E1,-5.341252077E-1,-1.016342324E2
1.925365125E0,6.148804572E-1,1.374733300E-1,-1.746143051E-1,-7.566590839E-1,1.041135308E2,2.567818876E1,-3.834812042E-1,-1.018910223E2
1.935409125E0,6.130085366E-1,1.367211760E-1,-1.743521952E-1,-7.583727010E-1,1.043852818E2,2.559958405E1,-3.659823137E-1,-1.021844777E2
1.945453125E0,6.110696024E-1,1.350375280E-1,-1.745862867E-1,-7.601831715E-1,1.046662351E2,2.549826477E1,-4.619369289E-1,-1.025167308E2
1.955498125E0,6.097367873E-1,1.329394276E-1,-1.749604335E-1,-7.615359642E-1,1.048590532E2,2.537993939E1,-6.235803244E-1,-1.027742045E2
1.965542125E0,6.078983681E-1,1.305603341E-1,-1.754351427E-1,-7.633060212E-1,1.051246081E2,2.525184789E1,-8.009348847E-1,-1.031116479E2
1.975586125E0,6.062730961E-1,1.284462666E-1,-1.756902391E-1,-7.648969857E-1,1.053589827E2,2.512376239E1,-9.474980027E-1,-1.034089959E2
1.985631125E0,6.049482205E-1,1.269321622E-1,-1.755794350E-1,-7.662231258E-1,1.055497681E2,2.500571508E1,-1.026578569E0,-1.036440824E2
1.995675125E0,6.039724419E-1,1.262108742E-1,-1.750770947E-1,-7.672262155E-1,1.056901285E2,2.490848437E1,-1.021001689E0,-1.038047525E2
2.005719125E0,6.033495958E-1,1.263024646E-1,-1.742602413E-1,-7.678869095E-1,1.057796533E2,2.484022309E1,-9.344023117E-1,-1.038904241E2
2.015764125E0,6.030069998E-1,1.270224618E-1,-1.732968882E-1,-7.682552150E-1,1.058288739E2,2.480324195E1,-7.922617725E-1,-1.039171598E2
2.025808125E0,6.028579580E-1,1.280734725E-1,-1.723891768E-1,-7.684018123E-1,1.058502816E2,2.479507462E1,-6.319048977E-1,-1.039062182E2
2.035853125E0,6.028054641E-1,1.292024733E-1,-1.716801482E-1,-7.684127494E-1,1.058578209E2,2.481092790E1,-4.823105336E-1,-1.038790432E2
2.045897125E0,6.027857658E-1,1.302795136E-1,-1.712228352E-1,-7.683484069E-1,1.058606499E2,2.484639357E1,-3.564543627E-1,-1.038486350E2
2.055941125E0,6.027548721E-1,1.312738671E-1,-1.710021503E-1,-7.682526071E-1,1.058650867E2,2.489784971E1,-2.544959239E-1,-1.038222133E2
2.065986125E0,6.026673595E-1,1.321817958E-1,-1.709790525E-1,-7.681706895E-1,1.058776540E2,2.496138887E1,-1.724964097E-1,-1.038063547E2
2.076030125E0,6.024843104E-1,1.330159215E-1,-1.711083828E-1,-7.681414870E-1,1.059039375E2,2.503372264E1,-1.048591605E-1,-1.038062414E2
2.086074125E0,6.021704955E-1,1.337582803E-1,-1.713073949E-1,-7.682143905E-1,1.059489868E2,2.510587793E1,-4.597679084E-2,-1.038274785E2
2.096119125E0,6.017067221E-1,1.343390796E-1,-1.714731848E-1,-7.684393598E-1,1.060155387E2,2.516325650E1,6.287453455E-3,-1.038749836E2
2.106163125E0,6.010961039E-1,1.346925112E-1,-1.715156807E-1,-7.688457345E-1,1.061031186E2,2.519274193E1,5.275284167E-2,-1.039504622E2
2.116207125E0,6.003539084E-1,1.347762965E-1,-1.714060594E-1,-7.694351898E-1,1.062095026E2,2.518859677E1,9.136705635E-2,-1.040531218E2
2.126252125E0,5.995086797E-1,1.345771211E-1,-1.711842089E-1,-7.701780859E-1,1.063305650E2,2.515356534E1,1.171046861E-1,-1.041793017E2
2.136296125E0,5.986080226E-1,1.341522743E-1,-1.709443999E-1,-7.710054918E-1,1.064594610E2,2.510057030E1,1.264462706E-1,-1.043203732E2
2.146340125E0,5.976642757E-1,1.336163942E-1,-1.708111566E-1,-7.718598031E-1,1.065944075E2,2.504949069E1,1.197938211E-1,-1.044709191E2
2.156385125E0,5.966754210E-1,1.330473393E-1,-1.708829841E-1,-7.727068758E-1,1.067356771E2,2.501513600E1,9.682045145E-2,-1.046287059E2
2.166429125E0,5.956883102E-1,1.325194751E-1,-1.711333113E-1,-7.735033985E-1,1.068765685E2,2.500044265E1,6.441780602E-2,-1.047847471E2
2.176473125E0,5.947815419E-1,1.320914132E-1,-1.714161140E-1,-7.742114023E-1,1.070058794E2,2.499604945E1,3.569958949E-2,-1.049261372E2
2.186518125E0,5.939998232E-1,1.317618117E-1,-1.716183899E-1,-7.748226792E-1,1.071172709E2,2.499130036E1,1.727429736E-2,-1.050466918E2
2.196562125E0,5.933641960E-1,1.315404169E-1,-1.716466889E-1,-7.753408009E-1,1.072077860E2,2.497811992E1,1.600301624E-2,-1.051431732E2
2.206606125E0,5.928910344E-1,1.314329214E-1,-1.714982477E-1,-7.757537768E-1,1.072751314E2,2.495660371E1,3.206405952E-2,-1.052131822E2
2.216651125E0,5.925876193E-1,1.314277861E-1,-1.711872817E-1,-7.760550846E-1,1.073183013E2,2.492722346E1,6.322452456E-2,-1.052560652E2
2.226695125E0,5.924572907E-1,1.314763182E-1,-1.707727042E-1,-7.762377596E-1,1.073368408E2,2.489200881E1,1.009952091E-1,-1.052729207E2
2.236739125E0,5.925190990E-1,1.315630669E-1,-1.703230921E-1,-7.762746592E-1,1.073280487E2,2.485627528E1,1.385860009E-1,-1.052615304E2
2.246784125E0,5.927731075E-1,1.317410662E-1,-1.698699793E-1,-7.761497886E-1,1.072919115E2,2.482677520E1,1.783557706E-1,-1.052202300E2
2.256828125E0,5.931776225E-1,1.320687804E-1,-1.694154663E-1,-7.758843583E-1,1.072343446E2,2.480790923E1,2.265065473E-1,-1.051530497E2
2.266873250E0,5.937045108E-1,1.325838623E-1,-1.689564398E-1,-7.754935200E-1,1.071593308E2,2.480212805E1,2.873653962E-1,-1.050627178E2
2.276917250E0,5.943314135E-1,1.333318016E-1,-1.685010417E-1,-7.749840384E-1,1.070700305E2,2.481352151E1,3.649256699E-1,-1.049508847E2
2.286961250E0,5.950173535E-1,1.343615531E-1,-1.680563727E-1,-7.743761544E-1,1.069722616E2,2.484635555E1,4.640922560E-1,-1.048216532E2
2.297006250E0,5.957074976E-1,1.356046270E-1,-1.676741482E-1,-7.737114670E-1,1.068738311E2,2.490061478E1,5.768759885E-1,-1.046847762E2
2.307050250E0,5.963649673E-1,1.369002830E-1,-1.674640897E-1,-7.730219656E-1,1.067800024E2,2.497494326E1,6.826620779E-1,-1.045504382E2
2.317094250E0,5.969721348E-1,1.380611297E-1,-1.675247218E-1,-7.723333704E-1,1.066933016E2,2.506488302E1,7.588047197E-1,-1.044271360E2
2.327139250E0,5.974989072E-1,1.389196162E-1,-1.678582746E-1,-7.716994607E-1,1.066180414E2,2.515835444E1,7.917448418E-1,-1.043246876E2
2.337183250E0,5.979596302E-1,1.394023952E-1,-1.684176186E-1,-7.711333706E-1,1.065521875E2,2.524553425E1,7.782039662E-1,-1.042436019E2
2.347227250E0,5.983680437E-1,1.396000613E-1,-1.691106208E-1,-7.706290309E-1,1.064937868E2,2.532437644E1,7.321990970E-1,-1.041791751E2
2.357272250E0,5.987204072E-1,1.397370557E-1,-1.697703283E-1,-7.701853773E-1,1.064433831E2,2.539566329E1,6.850993093E-1,-1.041246582E2
2.367316250E0,5.990217835E-1,1.401145676E-1,-1.701782229E-1,-7.697923738E-1,1.064002597E2,2.546104069E1,6.782446652E-1,-1.040695095E2
2.377360250E0,5.992900851E-1,1.410601599E-1,-1.700782229E-1,-7.694328664E-1,1.063618587E2,2.552069674E1,7.574872207E-1,-1.040003713E2
2.387405250E0,5.995276721E-1,1.427066067E-1,-1.693331496E-1,-7.691084569E-1,1.063278457E2,2.557186186E1,9.439275368E-1,-1.039122545E2
2.397449250E0,5.997325638E-1,1.447418056E-1,-1.680174607E-1,-7.688567822E-1,1.062985073E2,2.559907106E1,1.205612389E0,-1.038153788E2
2.407493250E0,5.998952927E-1,1.464920556E-1,-1.664148090E-1,-7.687469897E-1,1.062752022E2,2.557947750E1,1.465082810E0,-1.037336810E2
2.417538250E0,5.999333619E-1,1.471644130E-1,-1.649571925E-1,-7.689028803E-1,1.062697496E2,2.549442190E1,1.626480994E0,-1.037060372E2
2.427582250E0,5.997366836E-1,1.464768327E-1,-1.639285532E-1,-7.694075678E-1,1.062979173E2,2.534881992E1,1.648789471E0,-1.037578857E2
2.437626250E0,5.992581062E-1,1.449445767E-1,-1.633496313E-1,-7.701933958E-1,1.063664363E2,2.518237158E1,1.575461761E0,-1.038778381E2
2.447671250E0,5.984992205E-1,1.433472658E-1,-1.631807153E-1,-7.711176656E-1,1.064750246E2,2.504879069E1,1.475423735E0,-1.040389338E2
2.457715250E0,5.975626333E-1,1.423428307E-1,-1.633386310E-1,-7.719960902E-1,1.066089343E2,2.498864054E1,1.407675038E0,-1.042048226E2
2.467760250E0,5.966910944E-1,1.424249927E-1,-1.636122938E-1,-7.725968777E-1,1.067334390E2,2.501847311E1,1.422354077E0,-1.043252515E2
2.477804250E0,5.961951630E-1,1.437384775E-1,-1.638027982E-1,-7.726960387E-1,1.068042409E2,2.513070345E1,1.536595294E0,-1.043515173E2
2.487848250E0,5.962985386E-1,1.462256855E-1,-1.638202299E-1,-7.721457379E-1,1.067894851E2,2.531361559E1,1.744556612E0,-1.042531355E2
2.497893250E0,5.970333531E-1,1.495510732E-1,-1.636751380E-1,-7.709709103E-1,1.066845572E2,2.554488996E1,2.014936114E0,-1.040353992E2
2.507937250E0,5.982654952E-1,1.531659889E-1,-1.634928091E-1,-7.693430936E-1,1.065084527E2,2.579682024E1,2.295320112E0,-1.037347795E2
2.517981250E0,5.998122371E-1,1.565427467E-1,-1.634213758E-1,-7.674719053E-1,1.062870974E2,2.604424055E1,2.535595032E0,-1.033951850E2
2.528026250E0,6.014423244E-1,1.592448994E-1,-1.635959773E-1,-7.656007380E-1,1.060534670E2,2.626616609E1,2.696700945E0,-1.030656080E2
2.538070250E0,6.029155675E-1,1.609396128E-1,-1.641050594E-1,-7.639769463E-1,1.058420072E2,2.644412208E1,2.752706866E0,-1.027935081E2
2.548114250E0,6.040652387E-1,1.614966208E-1,-1.649514994E-1,-7.627680167E-1,1.056767858E2,2.656703157E1,2.698825845E0,-1.026086282E2
2.558159250E0,6.048651174E-1,1.609997132E-1,-1.660656054E-1,-7.619969664E-1,1.055617271E2,2.663419472E1,2.548669287E0,-1.025122687E2
2.568203250E0,6.054166142E-1,1.597081591E-1,-1.673372872E-1,-7.615524383E-1,1.054823458E2,2.665535355E1,2.328839618E0,-1.024804393E2
2.578247250E0,6.058678963E-1,1.579312723E-1,-1.686534879E-1,-7.612737897E-1,1.054173581E2,2.664403422E1,2.068506586E0,-1.024803273E2
2.588292250E0,6.063406628E-1,1.559472236E-1,-1.698867537E-1,-7.610321566E-1,1.053492464E2,2.660985769E1,1.796127819E0,-1.024841258E2
2.598336250E0,6.069360555E-1,1.540062993E-1,-1.709906837E-1,-7.607054922E-1,1.052634239E2,2.656745092E1,1.532618730E0,-1.024682493E2
2.608380250E0,6.077174897E-1,1.522646164E-1,-1.719931953E-1,-7.602061047E-1,1.051507101E2,2.653093609E1,1.286881794E0,-1.024181198E2
2.618425250E0,6.086576436E-1,1.508584638E-1,-1.729359221E-1,-7.595201805E-1,1.050149900E2,2.651400392E1,1.068201521E0,-1.023329689E2
2.628469250E0,6.096730034E-1,1.499197303E-1,-1.738051976E-1,-7.586926272E-1,1.048682745E2,2.652495283E1,8.914044225E-1,-1.022203042E2
2.638514250E0,6.106880681E-1,1.495284245E-1,-1.745916723E-1,-7.577724772E-1,1.047214572E2,2.656879147E1,7.663508763E-1,-1.020884516E2
2.648558250E0,6.117105453E-1,1.497808064E-1,-1.752467542E-1,-7.567459538E-1,1.045734209E2,2.664834687E1,7.042667069E-1,-1.019329782E2
2.658602250E0,6.127649225E-1,1.507415978E-1,-1.757047732E-1,-7.555950603E-1,1.044206110E2,2.676271809E1,7.143691083E-1,-1.017480228E2
2.668647250E0,6.138797383E-1,1.524384892E-1,-1.759077353E-1,-7.543014576E-1,1.042588698E2,2.690914566E1,8.019814776E-1,-1.015280710E2
2.678691250E0,6.150745803E-1,1.547775109E-1,-1.758430840E-1,-7.528654513E-1,1.040853207E2,2.708009293E1,9.591795322E-1,-1.012728674E2
2.688735250E0,6.163177807E-1,1.576125213E-1,-1.755446395E-1,-7.513286560E-1,1.039045298E2,2.726831642E1,1.172069339E0,-1.009913756E2
2.698780250E0,6.175563132E-1,1.607453538E-1,-1.750843597E-1,-7.497537073E-1,1.037241954E2,2.746590203E1,1.420504832E0,-1.006977105E2
2.708824250E0,6.187100094E-1,1.639026513E-1,-1.745697118E-1,-7.482375482E-1,1.035560128E2,2.766198002E1,1.676724129E0,-1.004131791E2
2.718868250E0,6.197240047E-1,1.668465214E-1,-1.741182588E-1,-7.468515649E-1,1.034080347E2,2.784876480E1,1.914530446E0,-1.001547420E2
2.728913250E0,6.205934046E-1,1.693932864E-1,-1.738477187E-1,-7.456183534E-1,1.032810380E2,2.802232252E1,2.110565750E0,-9.993067621E1
2.738957250E0,6.213535599E-1,1.714191495E-1,-1.738696866E-1,-7.445163029E-1,1.031699078E2,2.818266219E1,2.245400744E0,-9.974132654E1
2.749001250E0,6.220376928E-1,1.728692225E-1,-1.742660881E-1,-7.435164057E-1,1.030698185E2,2.833243397E1,2.307469540E0,-9.958471165E1
2.759046250E0,6.226390388E-1,1.737489984E-1,-1.750373939E-1,-7.426262696E-1,1.029817836E2,2.847164749E1,2.297655814E0,-9.946214337E1
2.769090250E0,6.231440054E-1,1.741270568E-1,-1.761262988E-1,-7.418562835E-1,1.029078167E2,2.860018339E1,2.226524743E0,-9.937325435E1
2.779134250E0,6.235630399E-1,1.741382553E-1,-1.774342123E-1,-7.411896784E-1,1.028464081E2,2.871960783E1,2.112178573E0,-9.931139020E1
2.789179250E0,6.239019743E-1,1.738873869E-1,-1.788530753E-1,-7.406221395E-1,1.027967188E2,2.882838707E1,1.971141513E0,-9.927159015E1
2.799223250E0,6.241771406E-1,1.734622691E-1,-1.802705406E-1,-7.401461857E-1,1.027563656E2,2.892334451E1,1.818493609E0,-9.924802863E1
2.809268250E0,6.243899558E-1,1.729099910E-1,-1.816036313E-1,-7.397699250E-1,1.027251483E2,2.900073627E1,1.664347311E0,-9.923862151E1
2.819312250E0,6.245919973E-1,1.723034017E-1,-1.828025102E-1,-7.394455734E-1,1.026955052E2,2.906187010E1,1.516452855E0,-9.923297013E1
2.829356250E0,6.248526176E-1,1.717201146E-1,-1.838620988E-1,-7.390982148E-1,1.026572584E2,2.911241459E1,1.378820391E0,-9.921788178E1
2.839401250E0,6.252063824E-1,1.712521555E-1,-1.847786268E-1,-7.386789538E-1,1.026053260E2,2.915916807E1,1.257810570E0,-9.918471995E1
2.849445250E0,6.256199484E-1,1.708519014E-1,-1.856225608E-1,-7.382096697E-1,1.025445910E2,2.920468025E1,1.145458903E0,-9.914016734E1
2.859489250E0,6.260554465E-1,1.704445699E-1,-1.864348392E-1,-7.377297488E-1,1.024806072E2,2.924677506E1,1.034071146E0,-9.909268590E1
2.869534250E0,6.265145785E-1,1.699782908E-1,-1.872256913E-1,-7.372471832E-1,1.024131199E2,2.928235404E1,9.186501042E-1,-9.904405987E1
2.879578250E0,6.269968754E-1,1.693885839E-1,-1.880024458E-1,-7.367751701E-1,1.023421933E2,2.930708110E1,7.934981852E-1,-9.899684701E1
2.889622250E0,6.274690096E-1,1.686001929E-1,-1.887637365E-1,-7.363591754E-1,1.022727269E2,2.931498447E1,6.539772519E-1,-9.895874865E1
2.899667250E0,6.278715700E-1,1.675107363E-1,-1.895429922E-1,-7.360645110E-1,1.022134704E2,2.930116663E1,4.916097966E-1,-9.894235806E1
2.909711250E0,6.281476793E-1,1.660383329E-1,-1.903939825E-1,-7.359428278E-1,1.021728130E2,2.926423309E1,2.978456574E-1,-9.895887772E1
2.919755250E0,6.282524827E-1,1.642073421E-1,-1.913324295E-1,-7.360207731E-1,1.021573775E2,2.920770546E1,7.505073560E-2,-9.901363491E1
2.929800250E0,6.282017379E-1,1.621832133E-1,-1.922743536E-1,-7.362675008E-1,1.021648514E2,2.913703761E1,-1.577760368E-1,-9.909773917E1
2.939844250E0,6.280793698E-1,1.602213724E-1,-1.930766294E-1,-7.365913308E-1,1.021828727E2,2.905905796E1,-3.723992686E-1,-9.918914278E1
2.949888250E0,6.279937274E-1,1.586160384E-1,-1.936379648E-1,-7.368644424E-1,1.021954840E2,2.898700585E1,-5.414426993E-1,-9.926128228E1
2.959933250E0,6.280743701E-1,1.576869757E-1,-1.937954031E-1,-7.369537358E-1,1.021836090E2,2.893022576E1,-6.314030903E-1,-9.928379593E1
2.969977250E0,6.283408646E-1,1.573863686E-1,-1.935271542E-1,-7.368612234E-1,1.021443593E2,2.888286222E1,-6.450618080E-1,-9.925592612E1
2.980022250E0,6.286722073E-1,1.571456165E-1,-1.929978201E-1,-7.367688534E-1,1.020955436E2,2.881646317E1,-6.362677933E-1,-9.921635053E1
2.990066250E0,6.288862238E-1,1.562929186E-1,-1.923301758E-1,-7.369421665E-1,1.020640043E2,2.869097858E1,-6.617759150E-1,-9.921618257E1
3.000110250E0,6.287559004E-1,1.541872212E-1,-1.916905960E-1,-7.376632200E-1,1.020832107E2,2.847285798E1,-7.779116480E-1,-9.931136316E1
3.010155250E0,6.281388390E-1,1.505921082E-1,-1.911640001E-1,-7.390669946E-1,1.021741149E2,2.815277808E1,-1.006151420E0,-9.952935533E1
3.020199250E0,6.270701951E-1,1.459979397E-1,-1.906509400E-1,-7.410262014E-1,1.023314078E2,2.776051295E1,-1.302241604E0,-9.984476694E1
3.030243250E0,6.256828525E-1,1.412961506E-1,-1.900502763E-1,-7.432612013E-1,1.025353508E2,2.735514004E1,-1.592025113E0,-1.002056065E2
3.040288250E0,6.241644491E-1,1.374683896E-1,-1.893268941E-1,-7.454370956E-1,1.027582270E2,2.700653844E1,-1.799048411E0,-1.005522755E2
3.050332250E0,6.227766166E-1,1.353058243E-1,-1.884975389E-1,-7.472016366E-1,1.029616351E2,2.677327250E1,-1.867156011E0,-1.008234262E2
3.060376250E0,6.217625213E-1,1.350597236E-1,-1.876840890E-1,-7.482946308E-1,1.031100847E2,2.668310940E1,-1.791411365E0,-1.009780798E2
3.070421250E0,6.212407644E-1,1.363671451E-1,-1.870825428E-1,-7.486415626E-1,1.031864032E2,2.672629088E1,-1.619759934E0,-1.010114068E2
3.080465250E0,6.211614071E-1,1.384066074E-1,-1.869144638E-1,-7.483749785E-1,1.031980075E2,2.686254739E1,-1.435295882E0,-1.009565123E2
3.090509250E0,6.213328921E-1,1.402433803E-1,-1.873939975E-1,-7.477705611E-1,1.031729304E2,2.704259010E1,-1.325275959E0,-1.008713892E2
3.100554250E0,6.214796632E-1,1.411727815E-1,-1.886034645E-1,-7.471692784E-1,1.031514640E2,2.722174359E1,-1.344655108E0,-1.008196453E2
3.110598250E0,6.212823422E-1,1.407828652E-1,-1.904443493E-1,-7.469399890E-1,1.031803230E2,2.736079070E1,-1.508584199E0,-1.008618820E2
3.120642250E0,6.204731175E-1,1.390318428E-1,-1.926419808E-1,-7.473769728E-1,1.032986155E2,2.743282014E1,-1.790208282E0,-1.010379998E2
3.130687250E0,6.189949537E-1,1.363762752E-1,-1.947324645E-1,-7.485492347E-1,1.035144445E2,2.743099592E1,-2.115159494E0,-1.013398054E2
3.140731250E0,6.169599827E-1,1.334733531E-1,-1.962751392E-1,-7.503474247E-1,1.038110509E2,2.736438939E1,-2.400538240E0,-1.017281733E2
3.150776250E0,6.146136308E-1,1.309101740E-1,-1.970401441E-1,-7.525210589E-1,1.041522972E2,2.725424105E1,-2.589607521E0,-1.021481616E2
3.160820250E0,6.122964023E-1,1.292543297E-1,-1.969208685E-1,-7.547241537E-1,1.044885327E2,2.712990340E1,-2.639125848E0,-1.025330614E2
3.170864250E0,6.102915874E-1,1.288402369E-1,-1.959841126E-1,-7.566601849E-1,1.047788208E2,2.701937169E1,-2.535498522E0,-1.028327732E2
3.180909250E0,6.087669778E-1,1.297184824E-1,-1.944631066E-1,-7.581293293E-1,1.049991985E2,2.694642268E1,-2.296953466E0,-1.030224594E2
3.190953250E0,6.077597156E-1,1.316791064E-1,-1.926850628E-1,-7.590528036E-1,1.051446170E2,2.692613184E1,-1.966183911E0,-1.031035041E2
3.200997250E0,6.071837104E-1,1.342888366E-1,-1.909587305E-1,-7.594926744E-1,1.052277114E2,2.695664245E1,-1.599406582E0,-1.031015147E2
3.211042250E0,6.069085494E-1,1.371127545E-1,-1.894834907E-1,-7.595775845E-1,1.052673899E2,2.702579904E1,-1.243573683E0,-1.030485951E2
3.221086250E0,6.067776360E-1,1.397451887E-1,-1.883418327E-1,-7.594863840E-1,1.052862640E2,2.711224352E1,-9.336237814E-1,-1.029801950E2
3.231130250E0,6.066672429E-1,1.418674195E-1,-1.875476069E-1,-7.593776978E-1,1.053021778E2,2.719401397E1,-6.930706816E-1,-1.029248887E2
3.241175250E0,6.065232008E-1,1.433555721E-1,-1.870715477E-1,-7.593307304E-1,1.053229398E2,2.725907779E1,-5.281534052E-1,-1.028951315E2
3.251219250E0,6.063232351E-1,1.442070187E-1,-1.868425046E-1,-7.593855424E-1,1.053517578E2,2.730042963E1,-4.329570099E-1,-1.028946681E2
3.261263250E0,6.060988189E-1,1.445396693E-1,-1.867509762E-1,-7.595239790E-1,1.053840929E2,2.731647112E1,-3.905541265E-1,-1.029152980E2
3.271308917E0,6.059266490E-1,1.446070358E-1,-1.866778567E-1,-7.596663932E-1,1.054088953E2,2.731473427E1,-3.735691600E-1,-1.029375016E2
3.281352917E0,6.058935111E-1,1.447028514E-1,-1.865070407E-1,-7.597166428E-1,1.054136686E2,2.730600503E1,-3.518259480E-1,-1.029389491E2
3.291397917E0,6.060325324E-1,1.450230449E-1,-1.862180569E-1,-7.596155536E-1,1.053936424E2,2.730275474E1,-3.085323952E-1,-1.029081712E2
3.301441917E0,6.063215650E-1,1.456276691E-1,-1.858722144E-1,-7.593538322E-1,1.053519985E2,2.731512116E1,-2.424080822E-1,-1.028462418E2
3.311485917E0,6.066767417E-1,1.464074701E-1,-1.855744469E-1,-7.589929235E-1,1.053008086E2,2.734487301E1,-1.674720227E-1,-1.027687865E2
3.321530917E0,6.070080370E-1,1.472178803E-1,-1.854260373E-1,-7.586074273E-1,1.052530449E2,2.739076759E1,-1.002123763E-1,-1.026935539E2
3.331574917E0,6.082262654E-1,1.481718874E-1,-1.852455092E-1,-7.574892556E-1,1.050772788E2,2.744437219E1,-4.956905616E-2,-1.024866325E2
3.341618917E0,6.083733684E-1,1.487228731E-1,-1.853293814E-1,-7.572426017E-1,1.050560408E2,2.749277083E1,-1.491577168E-2,-1.024464286E2
3.351663917E0,6.093323725E-1,1.493198042E-1,-1.851911556E-1,-7.563873631E-1,1.049175104E2,2.752420479E1,1.153327116E-2,-1.022885560E2
3.361707917E0,6.100821544E-1,1.497085246E-1,-1.849120802E-1,-7.557741370E-1,1.048091130E2,2.752739326E1,3.830460421E-2,-1.021677215E2
3.371751917E0,6.096789671E-1,1.496246800E-1,-1.846308066E-1,-7.561848264E-1,1.048674124E2,2.749533411E1,6.627899430E-2,-1.022283379E2
3.381796917E0,6.090920617E-1,1.493260577E-1,-1.841526835E-1,-7.568331820E-1,1.049522359E2,2.742925341E1,9.728572850E-2,-1.023227101E2
3.391840917E0,6.083795324E-1,1.488626795E-1,-1.835289260E-1,-7.576485496E-1,1.050551508E2,2.733756356E1,1.295287966E-1,-1.024406939E2
3.401884917E0,6.076255253E-1,1.483366710E-1,-1.828155010E-1,-7.585288287E-1,1.051639794E2,2.723298154E1,1.643562029E-1,-1.025666918E2
3.411929917E0,6.069344539E-1,1.478868996E-1,-1.820296322E-1,-7.593583946E-1,1.052636549E2,2.712734956E1,2.084543359E-1,-1.026809235E2
3.421973917E0,6.064049314E-1,1.476126711E-1,-1.812002454E-1,-7.600329022E-1,1.053399848E2,2.703066142E1,2.646804473E-1,-1.027659795E2
3.432018917E0,6.061078172E-1,1.476082523E-1,-1.803355541E-1,-7.604763503E-1,1.053827965E2,2.695064185E1,3.380236715E-1,-1.028085623E2
3.442062917E0,6.060755117E-1,1.479493586E-1,-1.794779171E-1,-7.606385524E-1,1.053874507E2,2.689683220E1,4.307325853E-1,-1.028014371E2
3.452106917E0,6.062633496E-1,1.485909904E-1,-1.787283262E-1,-7.605403187E-1,1.053603871E2,2.687530650E1,5.332028438E-1,-1.027525217E2
3.462151917E0,6.065906147E-1,1.494166669E-1,-1.782018291E-1,-7.602411234E-1,1.053132232E2,2.688810447E1,6.299382648E-1,-1.026772117E2
3.472195917E0,6.069794509E-1,1.502588715E-1,-1.779353925E-1,-7.598271676E-1,1.052571668E2,2.692622400E1,7.067780872E-1,-1.025923663E2
3.482239917E0,6.073445375E-1,1.509054582E-1,-1.779625443E-1,-7.594007996E-1,1.052045152E2,2.697691658E1,7.463727163E-1,-1.025175618E2
3.492284917E0,6.076206942E-1,1.512402793E-1,-1.782418870E-1,-7.590476827E-1,1.051646764E2,2.702762016E1,7.443073716E-1,-1.024662976E2
3.502328917E0,6.077686033E-1,1.512402543E-1,-1.786635491E-1,-7.588299785E-1,1.051433345E2,2.706644171E1,7.081415213E-1,-1.024450793E2
3.512372917E0,6.077761844E-1,1.509876182E-1,-1.791125053E-1,-7.587684493E-1,1.051422405E2,2.708892525E1,6.536817804E-1,-1.024528270E2
3.522417917E0,6.076563399E-1,1.506800160E-1,-1.794465967E-1,-7.588466528E-1,1.051595334E2,2.709671284E1,6.074799867E-1,-1.024807030E2
3.532461917E0,6.074668002E-1,1.506779521E-1,-1.794805447E-1,-7.589907582E-1,1.051868787E2,2.709954164E1,6.113232968E-1,-1.025078165E2
3.542505917E0,6.072773501E-1,1.513718908E-1,-1.790047792E-1,-7.591166508E-1,1.052142061E2,2.710711994E1,7.108726239E-1,-1.025104847E2
3.552550917E0,6.071528325E-1,1.528420018E-1,-1.778999971E-1,-7.591813199E-1,1.052321646E2,2.711463574E1,9.193279482E-1,-1.024763846E2
3.562594917E0,6.070906817E-1,1.545211007E-1,-1.763380243E-1,-7.592555247E-1,1.052411274E2,2.709607579E1,1.176689128E0,-1.024257063E2
3.572639917E0,6.070325244E-1,1.556035239E-1,-1.746840266E-1,-7.594633876E-1,1.052495139E2,2.702497939E1,1.390853424E0,-1.023956698E2
3.582683917E0,6.068678145E-1,1.557013244E-1,-1.732801585E-1,-7.598964887E-1,1.052732630E2,2.690335522E1,1.508054487E0,-1.024162202E2
3.592727917E0,6.064913009E-1,1.551170433E-1,-1.722492038E-1,-7.605505814E-1,1.053275374E2,2.676467086E1,1.547943690E0,-1.024913893E2
3.602772917E0,6.058569487E-1,1.544933450E-1,-1.715713652E-1,-7.613359879E-1,1.054189350E2,2.665494986E1,1.567079053E0,-1.026045089E2
3.612816917E0,6.050361019E-1,1.543919028E-1,-1.712462181E-1,-7.620821505E-1,1.055371204E2,2.661605426E1,1.610128101E0,-1.027252391E2
3.622860917E0,6.042694665E-1,1.553128174E-1,-1.711941187E-1,-7.625148985E-1,1.056474169E2,2.667821505E1,1.716948334E0,-1.028013959E2
3.632905917E0,6.038026639E-1,1.574636362E-1,-1.713105474E-1,-7.624173549E-1,1.057145368E2,2.684790159E1,1.904317324E0,-1.027899426E2
3.642949917E0,6.037445750E-1,1.606199844E-1,-1.716276685E-1,-7.617334064E-1,1.057228871E2,2.711228809E1,2.146840497E0,-1.026821185E2
3.652993917E0,6.041168475E-1,1.642787803E-1,-1.722431320E-1,-7.605179439E-1,1.056693647E2,2.744372999E1,2.393595085E0,-1.024917608E2
3.663038917E0,6.048206999E-1,1.678104390E-1,-1.732737644E-1,-7.589516828E-1,1.055681186E2,2.780594254E1,2.586115796E0,-1.022559492E2
3.673082917E0,6.056583527E-1,1.705579760E-1,-1.747689398E-1,-7.573268111E-1,1.054475373E2,2.815298846E1,2.672999434E0,-1.020287731E2
3.683126917E0,6.064116749E-1,1.720406967E-1,-1.767148863E-1,-7.559357228E-1,1.053390130E2,2.844562659E1,2.623887844E0,-1.018616633E2
3.693171917E0,6.069504065E-1,1.721640866E-1,-1.789829719E-1,-7.549409623E-1,1.052613547E2,2.866387446E1,2.446119283E0,-1.017784294E2
3.703215917E0,6.072482056E-1,1.712045303E-1,-1.813784924E-1,-7.543477138E-1,1.052184097E2,2.881090694E1,2.178449931E0,-1.017724126E2
3.713260917E0,6.073252606E-1,1.696532128E-1,-1.837313165E-1,-7.540666681E-1,1.052072957E2,2.890894568E1,1.873351500E0,-1.018211271E2
3.723304917E0,6.072265474E-1,1.679449970E-1,-1.859539556E-1,-7.539837284E-1,1.052215334E2,2.898339169E1,1.571432530E0,-1.019008232E2
3.733348917E0,6.070695609E-1,1.663900707E-1,-1.879839190E-1,-7.539515598E-1,1.052441732E2,2.905224494E1,1.298518111E0,-1.019826292E2
3.743393917E0,6.070073258E-1,1.651535652E-1,-1.897505055E-1,-7.538310461E-1,1.052531474E2,2.912148531E1,1.067818846E0,-1.020385168E2
3.753437917E0,6.071425118E-1,1.642716410E-1,-1.912449497E-1,-7.535371351E-1,1.052336530E2,2.919282570E1,8.791629039E-1,-1.020526395E2
3.763481917E0,6.075005915E-1,1.636440257E-1,-1.925134922E-1,-7.530618872E-1,1.051820039E2,2.926275198E1,7.198852337E-1,-1.020253094E2
3.773526917E0,6.079883780E-1,1.631486383E-1,-1.936248980E-1,-7.524906499E-1,1.051116174E2,2.932820854E1,5.782545423E-1,-1.019744858E2
3.783570917E0,6.084813802E-1,1.626895801E-1,-1.946220450E-1,-7.519339216E-1,1.050404446E2,2.938581136E1,4.478195920E-1,-1.019214836E2
3.793614917E0,6.088996824E-1,1.622810954E-1,-1.955592618E-1,-7.514403452E-1,1.049800294E2,2.944159792E1,3.287179968E-1,-1.018772373E2
3.803659917E0,6.092129494E-1,1.619883895E-1,-1.964576180E-1,-7.510151362E-1,1.049347684E2,2.950239667E1,2.258843303E-1,-1.018435639E2
3.813703917E0,6.094229566E-1,1.618316796E-1,-1.973489474E-1,-7.506448023E-1,1.049044187E2,2.957268194E1,1.385562442E-1,-1.018194912E2
3.823748917E0,6.095738107E-1,1.618825720E-1,-1.981934228E-1,-7.502887774E-1,1.048826138E2,2.965417367E1,7.392956984E-2,-1.017960118E2
3.833792917E0,6.097428143E-1,1.622629552E-1,-1.989486864E-1,-7.498692529E-1,1.048581818E2,2.975211023E1,4.222344469E-2,-1.017574468E2
3.843836917E0,6.099815815E-1,1.630440166E-1,-1.995751189E-1,-7.493389981E-1,1.048236576E2,2.986821317E1,5.020181092E-2,-1.016936280E2
3.853881917E0,6.102717994E-1,1.641845117E-1,-2.000364992E-1,-7.487304029E-1,1.047816831E2,2.999615603E1,9.778116978E-2,-1.016085395E2
3.863925917E0,6.105786917E-1,1.655566155E-1,-2.003267513E-1,-7.481001600E-1,1.047372842E2,3.012591576E1,1.762059744E-1,-1.015118301E2
3.873969917E0,6.108936024E-1,1.669872639E-1,-2.004736595E-1,-7.474855852E-1,1.046917114E2,3.024713693E1,2.695772560E-1,-1.014113157E2
3.884014917E0,6.112420936E-1,1.683001527E-1,-2.005782534E-1,-7.468779752E-1,1.046412626E2,3.035584528E1,3.549846579E-1,-1.013101824E2
3.894058917E0,6.116077755E-1,1.693702889E-1,-2.007693617E-1,-7.462849532E-1,1.045883068E2,3.045436081E1,4.132660526E-1,-1.012157624E2
3.904102917E0,6.119539961E-1,1.701404106E-1,-2.011771180E-1,-7.457160287E-1,1.045381518E2,3.055016869E1,4.314745310E-1,-1.011357793E2
3.914147917E0,6.122306901E-1,1.706273423E-1,-2.019045213E-1,-7.451808059E-1,1.044980565E2,3.065384488E1,4.052078489E-1,-1.010767964E2
3.924191917E0,6.124039400E-1,1.708533258E-1,-2.029632580E-1,-7.446988725E-1,1.044729456E2,3.076808721E1,3.367613480E-1,-1.010429222E2
3.934235917E0,6.124778287E-1,1.708555069E-1,-2.042614758E-1,-7.442825828E-1,1.044622349E2,3.088731646E1,2.359621996E-1,-1.010321774E2
3.944280917E0,6.125180263E-1,1.707423664E-1,-2.056271364E-1,-7.438993099E-1,1.044564076E2,3.100403862E1,1.220172734E-1,-1.010308694E2
3.954324917E0,6.126297154E-1,1.706567648E-1,-2.068923439E-1,-7.434759869E-1,1.044402153E2,3.111368392E1,1.498958886E-2,-1.010182702E2
3.964369917E0,6.128814691E-1,1.707042221E-1,-2.079495976E-1,-7.429625013E-1,1.044037103E2,3.121432301E1,-7.123231126E-2,-1.009803768E2
3.974413917E0,6.132548217E-1,1.708781451E-1,-2.087904022E-1,-7.423784145E-1,1.043495566E2,3.130462825E1,-1.358454968E-1,-1.009200366E2
3.984457917E0,6.137098232E-1,1.711409610E-1,-2.094646794E-1,-7.417517067E-1,1.042835331E2,3.138633400E1,-1.840838048E-1,-1.008444350E2
3.994502917E0,6.141625489E-1,1.713980778E-1,-2.100562315E-1,-7.411501184E-1,1.042178105E2,3.145999028E1,-2.265440773E-1,-1.007693421E2
4.004546917E0,6.145591823E-1,1.715237874E-1,-2.106205080E-1,-7.406319334E-1,1.041602067E2,3.152117333E1,-2.753385519E-1,-1.007075124E2
4.014590917E0,6.149009933E-1,1.714922773E-1,-2.111967239E-1,-7.401913302E-1,1.041105467E2,3.157152051E1,-3.355235276E-1,-1.006598308E2
4.024635917E0,6.151858849E-1,1.713417262E-1,-2.118539223E-1,-7.398014930E-1,1.040691435E2,3.162026280E1,-4.091730199E-1,-1.006250671E2
4.034679917E0,6.153743761E-1,1.710598941E-1,-2.126530226E-1,-7.394805763E-1,1.040417437E2,3.167210281E1,-5.002846883E-1,-1.006094049E2
4.044723917E0,6.154028832E-1,1.705672778E-1,-2.135999398E-1,-7.392977275E-1,1.040375993E2,3.172165590E1,-6.130785959E-1,-1.006251440E2
4.054768917E0,6.152541839E-1,1.697722816E-1,-2.146335294E-1,-7.393052349E-1,1.040592159E2,3.175651554E1,-7.495235623E-1,-1.006783549E2
4.064812917E0,6.149662050E-1,1.686296568E-1,-2.156291038E-1,-7.395165908E-1,1.041010706E2,3.176195782E1,-9.053319286E-1,-1.007652017E2
4.074856917E0,6.145952073E-1,1.672180219E-1,-2.164693117E-1,-7.398998953E-1,1.041549736E2,3.173325264E1,-1.067643119E0,-1.008742668E2
4.084901917E0,6.142222815E-1,1.657183869E-1,-2.170519998E-1,-7.403761652E-1,1.042091368E2,3.167461569E1,-1.217538791E0,-1.009866281E2
4.094945917E0,6.139331014E-1,1.643450635E-1,-2.173051443E-1,-7.408477569E-1,1.042511232E2,3.159530994E1,-1.335817366E0,-1.010815558E2
4.104990917E0,6.138335927E-1,1.633386442E-1,-2.171960630E-1,-7.411847209E-1,1.042655683E2,3.151000084E1,-1.404819242E0,-1.011346783E2
4.115034917E0,6.140390375E-1,1.629339870E-1,-2.167258359E-1,-7.412410923E-1,1.042357436E2,3.143599882E1,-1.410163673E0,-1.011206332E2
4.125078917E0,6.145590664E-1,1.631035385E-1,-2.159846467E-1,-7.409892860E-1,1.041602235E2,3.137955750E1,-1.361171894E0,-1.010393424E2
4.135123917E0,6.152591098E-1,1.633755701E-1,-2.151584262E-1,-7.405886538E-1,1.040584998E2,3.132280420E1,-1.304633157E0,-1.009281892E2
4.145167917E0,6.159502022E-1,1.631720956E-1,-2.143582156E-1,-7.402909601E-1,1.039580077E2,3.123287333E1,-1.288021225E0,-1.008365456E2
4.155211917E0,6.164377306E-1,1.621429987E-1,-2.135743659E-1,-7.403379380E-1,1.038870744E2,3.108277203E1,-1.331064488E0,-1.008057044E2
4.165256917E0,6.165910292E-1,1.603529140E-1,-2.127027506E-1,-7.408508968E-1,1.038647630E2,3.086806997E1,-1.415694466E0,-1.008514015E2
4.175300917E0,6.163742153E-1,1.581392061E-1,-2.116643655E-1,-7.418040162E-1,1.038963176E2,3.060716700E1,-1.507758787E0,-1.009653795E2
4.185345917E0,6.158392611E-1,1.559369253E-1,-2.105098185E-1,-7.430418955E-1,1.039741443E2,3.033739626E1,-1.578416766E0,-1.011235038E2
4.195389917E0,6.151322794E-1,1.542562960E-1,-2.093935829E-1,-7.442927402E-1,1.040769349E2,3.011073279E1,-1.603678837E0,-1.012862816E2
4.205433917E0,6.144391007E-1,1.535842381E-1,-2.084414277E-1,-7.452709158E-1,1.041776487E2,2.997434532E1,-1.560093004E0,-1.014098840E2
4.215478917E0,6.139043046E-1,1.542197468E-1,-2.077376833E-1,-7.457766306E-1,1.042553036E2,2.995771119E1,-1.434558302E0,-1.014631562E2
4.225522917E0,6.135658654E-1,1.560116727E-1,-2.073667805E-1,-7.457856500E-1,1.043044255E2,3.005743329E1,-1.247073653E0,-1.014458343E2
4.235566917E0,6.133339734E-1,1.584027846E-1,-2.073945605E-1,-7.454646596E-1,1.043380733E2,3.023859371E1,-1.044955556E0,-1.013903919E2
4.245611917E0,6.130773413E-1,1.607440552E-1,-2.078289128E-1,-7.450534328E-1,1.043753021E2,3.045382003E1,-8.769217509E-1,-1.013392575E2
4.255655917E0,6.126741329E-1,1.625348853E-1,-2.086381639E-1,-7.447704905E-1,1.044337753E2,3.066274787E1,-7.764984514E-1,-1.013290868E2
4.265699167E0,6.119390761E-1,1.632396439E-1,-2.098453128E-1,-7.448814368E-1,1.045403135E2,3.082735063E1,-7.813514536E-1,-1.014074737E2
4.275744167E0,6.106444619E-1,1.623940622E-1,-2.114741937E-1,-7.456675914E-1,1.047277673E2,3.091564021E1,-9.217633843E-1,-1.016252189E2
4.285788167E0,6.087515731E-1,1.600153731E-1,-2.133375111E-1,-7.471972586E-1,1.050014236E2,3.091319042E1,-1.181121261E0,-1.019862760E2
4.295832167E0,6.064682887E-1,1.567250002E-1,-2.150213726E-1,-7.492658470E-1,1.053308540E2,3.082959057E1,-1.486987108E0,-1.024354466E2
4.305877167E0,6.040543859E-1,1.533168348E-1,-2.162162805E-1,-7.515734555E-1,1.056783463E2,3.069512342E1,-1.762412958E0,-1.029046928E2
4.315921167E0,6.017794097E-1,1.505247826E-1,-2.168158115E-1,-7.537868973E-1,1.060051099E2,3.055236104E1,-1.949771483E0,-1.033289279E2
4.325966167E0,5.998694831E-1,1.490065899E-1,-2.167808507E-1,-7.556187679E-1,1.062788987E2,3.044326829E1,-1.999804231E0,-1.036535885E2
4.336010167E0,5.984323019E-1,1.490209699E-1,-2.162163279E-1,-7.569161059E-1,1.064845963E2,3.039456199E1,-1.901934616E0,-1.038555520E2
4.346054167E0,5.974674499E-1,1.503671560E-1,-2.153195536E-1,-7.576673577E-1,1.066225368E2,3.040968204E1,-1.686818138E0,-1.039425633E2
4.356099167E0,5.968792169E-1,1.525509370E-1,-2.142726839E-1,-7.579911614E-1,1.067065731E2,3.047052879E1,-1.405337067E0,-1.039455254E2
4.366143167E0,5.965571780E-1,1.550091546E-1,-2.131958714E-1,-7.580496138E-1,1.067525608E2,3.054833002E1,-1.109189251E0,-1.039000215E2
4.376187167E0,5.963972097E-1,1.572861776E-1,-2.121166618E-1,-7.580091317E-1,1.067753995E2,3.061300787E1,-8.344194900E-1,-1.038374425E2
4.386232167E0,5.962923273E-1,1.590676380E-1,-2.110673765E-1,-7.580128617E-1,1.067903718E2,3.064475767E1,-6.053459505E-1,-1.037849981E2
4.396276167E0,5.961551077E-1,1.601440000E-1,-2.101284975E-1,-7.581549703E-1,1.068099580E2,3.063561856E1,-4.417786152E-1,-1.037633950E2
4.406321167E0,5.959789496E-1,1.604912953E-1,-2.094411614E-1,-7.584101116E-1,1.068350986E2,3.059679562E1,-3.557291195E-1,-1.037748777E2
4.416365167E0,5.958012954E-1,1.602081817E-1,-2.092364674E-1,-7.586660746E-1,1.068604485E2,3.055702023E1,-3.573957368E-1,-1.038105860E2
4.426409167E0,5.956620896E-1,1.595042003E-1,-2.096820465E-1,-7.588006443E-1,1.068803093E2,3.054734448E1,-4.432166135E-1,-1.038568639E2
4.436454167E0,5.955646619E-1,1.586182024E-1,-2.108425889E-1,-7.587412857E-1,1.068942079E2,3.059141822E1,-5.982036002E-1,-1.039041875E2
4.446498167E0,5.954521825E-1,1.578137165E-1,-2.125993828E-1,-7.585070651E-1,1.069102522E2,3.069752586E1,-7.895548210E-1,-1.039506364E2
4.456542167E0,5.952648345E-1,1.572544700E-1,-2.146542946E-1,-7.581915169E-1,1.069369723E2,3.084979406E1,-9.794787210E-1,-1.039985311E2
4.466587167E0,5.950231223E-1,1.569860736E-1,-2.166712373E-1,-7.578629822E-1,1.069714391E2,3.101998160E1,-1.140314258E0,-1.040432078E2
4.476631167E0,5.948271500E-1,1.570157028E-1,-2.183065350E-1,-7.575414756E-1,1.069993780E2,3.117609771E1,-1.250149501E0,-1.040702566E2
4.486675167E0,5.947601945E-1,1.572464489E-1,-2.193214812E-1,-7.572528803E-1,1.070089224E2,3.128837682E1,-1.302830414E0,-1.040713810E2
4.496720167E0,5.948589182E-1,1.575655164E-1,-2.196254284E-1,-7.570209725E-1,1.069948493E2,3.133996595E1,-1.302530554E0,-1.040456469E2
4.506764167E0,5.951235899E-1,1.578712733E-1,-2.192504664E-1,-7.568578747E-1,1.069571139E2,3.132651244E1,-1.260036699E0,-1.039967994E2
4.516808167E0,5.954921377E-1,1.581115946E-1,-2.183554359E-1,-7.567765998E-1,1.069045531E2,3.125934469E1,-1.188834107E0,-1.039356304E2
4.526853167E0,5.958490530E-1,1.582724744E-1,-2.171554256E-1,-7.568073512E-1,1.068536343E2,3.115789052E1,-1.101302153E0,-1.038789839E2
4.536897167E0,5.961040731E-1,1.583784369E-1,-2.158932486E-1,-7.569453084E-1,1.068172419E2,3.104685811E1,-1.009721941E0,-1.038387009E2
4.546942167E0,5.962280480E-1,1.585198211E-1,-2.147358725E-1,-7.571473814E-1,1.067995471E2,3.094849302E1,-9.177666717E-1,-1.038156034E2
4.556986167E0,5.962419407E-1,1.587511546E-1,-2.137568960E-1,-7.573649593E-1,1.067975641E2,3.087358663E1,-8.271809440E-1,-1.038046475E2
4.567030167E0,5.962276424E-1,1.591391348E-1,-2.129324430E-1,-7.575269402E-1,1.067996050E2,3.082465658E1,-7.338674634E-1,-1.037917811E2
4.577075167E0,5.962952881E-1,1.597688904E-1,-2.121940750E-1,-7.575483929E-1,1.067899491E2,3.080143542E1,-6.299982342E-1,-1.037582731E2
4.587119167E0,5.965311050E-1,1.606995402E-1,-2.114859184E-1,-7.573639109E-1,1.067562835E2,3.080303924E1,-5.099272912E-1,-1.036896194E2
4.597163167E0,5.969607763E-1,1.619447715E-1,-2.107981635E-1,-7.569516041E-1,1.066949240E2,3.082971211E1,-3.728699031E-1,-1.035814961E2
4.607208167E0,5.975501209E-1,1.634791881E-1,-2.101478614E-1,-7.563373928E-1,1.066107225E2,3.088143592E1,-2.209854492E-1,-1.034395002E2
4.617252167E0,5.982323151E-1,1.652344305E-1,-2.095673359E-1,-7.555773955E-1,1.065131977E2,3.095643103E1,-5.988004779E-2,-1.032753756E2
4.627296167E0,5.989316261E-1,1.670988675E-1,-2.090675718E-1,-7.547513911E-1,1.064131615E2,3.104763323E1,1.032381035E-1,-1.031039340E2
4.637341167E0,5.996347357E-1,1.689372287E-1,-2.086395284E-1,-7.539017791E-1,1.063125160E2,3.114421446E1,2.583554311E-1,-1.029322639E2
4.647385167E0,6.003415647E-1,1.706277045E-1,-2.082861613E-1,-7.530558655E-1,1.062112713E2,3.123734181E1,3.952699593E-1,-1.027652932E2
4.657430167E0,6.010077957E-1,1.720987244E-1,-2.080139664E-1,-7.522644583E-1,1.061157803E2,3.132211854E1,5.094507897E-1,-1.026122501E2
4.667474167E0,6.015529494E-1,1.733148901E-1,-2.078794152E-1,-7.515864578E-1,1.060375988E2,3.140090825E1,5.971072017E-1,-1.024861632E2
4.677518167E0,6.019159918E-1,1.742997026E-1,-2.079148094E-1,-7.510580311E-1,1.059855119E2,3.147821972E1,6.602846216E-1,-1.023948610E2
4.687563167E0,6.020687056E-1,1.752323729E-1,-2.080707079E-1,-7.506753641E-1,1.059635962E2,3.156275392E1,7.184808037E-1,-1.023352018E2
4.697607167E0,6.021170902E-1,1.764715956E-1,-2.081618083E-1,-7.503209934E-1,1.059566520E2,3.166433776E1,8.104827706E-1,-1.022775243E2
4.707651167E0,6.022239377E-1,1.783391936E-1,-2.079568614E-1,-7.498502499E-1,1.059413159E2,3.178607561E1,9.730538918E-1,-1.021852605E2
4.717696167E0,6.024990934E-1,1.807740354E-1,-2.073923281E-1,-7.492021789E-1,1.059018150E2,3.191807745E1,1.201306821E0,-1.020448240E2
4.727740167E0,6.029649109E-1,1.832998091E-1,-2.065871152E-1,-7.484359387E-1,1.058349196E2,3.203587961E1,1.446686878E0,-1.018725131E2
4.737785167E0,6.035027890E-1,1.851466590E-1,-2.058325009E-1,-7.477553514E-1,1.057576390E2,3.210773073E1,1.630160720E0,-1.017178508E2
4.747829167E0,6.039319809E-1,1.858428308E-1,-2.053393083E-1,-7.473715938E-1,1.056959457E2,3.211619197E1,1.705681135E0,-1.016274018E2
4.757873167E0,6.041291175E-1,1.855891706E-1,-2.051426715E-1,-7.473293047E-1,1.056676003E2,3.207909586E1,1.692025826E0,-1.016104733E2
4.767918167E0,6.040580790E-1,1.849327671E-1,-2.051879880E-1,-7.475369833E-1,1.056778152E2,3.203305405E1,1.638724678E0,-1.016486668E2
4.777962167E0,6.038001192E-1,1.844237655E-1,-2.053913406E-1,-7.478152579E-1,1.057149026E2,3.201252335E1,1.592980887E0,-1.017068842E2
4.788006167E0,6.035429392E-1,1.844665129E-1,-2.056628400E-1,-7.479378209E-1,1.057518688E2,3.204034642E1,1.586508205E0,-1.017413735E2
4.798051167E0,6.034445526E-1,1.852592128E-1,-2.059166042E-1,-7.477513790E-1,1.057660081E2,3.212395671E1,1.635280690E0,-1.017212386E2
4.808095167E0,6.035912869E-1,1.867601774E-1,-2.060967511E-1,-7.472097288E-1,1.057449201E2,3.225536427E1,1.736421684E0,-1.016357505E2
4.818139167E0,6.039741120E-1,1.887153143E-1,-2.061862420E-1,-7.463840246E-1,1.056898883E2,3.241394467E1,1.870803938E0,-1.014966112E2
4.828184167E0,6.045517398E-1,1.908159633E-1,-2.061251633E-1,-7.453984996E-1,1.056068154E2,3.257080300E1,2.019590973E0,-1.013227187E2
4.838228167E0,6.052827716E-1,1.928240960E-1,-2.058235986E-1,-7.443711754E-1,1.055016147E2,3.269948031E1,2.172170231E0,-1.011303814E2
4.848273167E0,6.060643955E-1,1.945185824E-1,-2.052916066E-1,-7.434406046E-1,1.053890522E2,3.278359769E1,2.314585898E0,-1.009441484E2
4.858317167E0,6.067584329E-1,1.957045424E-1,-2.046332831E-1,-7.427442913E-1,1.052890324E2,3.281705135E1,2.429548991E0,-1.007926945E2
4.868361167E0,6.073136649E-1,1.962603358E-1,-2.039950504E-1,-7.423192930E-1,1.052089682E2,3.280334058E1,2.498756458E0,-1.006891307E2
4.878406167E0,6.077441160E-1,1.961640306E-1,-2.035426036E-1,-7.421167721E-1,1.051468680E2,3.275568151E1,2.507467476E0,-1.006325904E2
4.888450167E0,6.081096872E-1,1.955683257E-1,-2.033824048E-1,-7.420183276E-1,1.050941076E2,3.269573030E1,2.457191831E0,-1.006075263E2
4.898494167E0,6.084858531E-1,1.947036140E-1,-2.035680886E-1,-7.418863606E-1,1.050397987E2,3.264652651E1,2.358920934E0,-1.005927214E2
4.908539167E0,6.089330996E-1,1.937379625E-1,-2.040819680E-1,-7.416309665E-1,1.049752019E2,3.261969007E1,2.224759054E0,-1.005719550E2
4.918583167E0,6.095304996E-1,1.928314902E-1,-2.048067875E-1,-7.411766129E-1,1.048888745E2,3.261709416E1,2.072978915E0,-1.005268772E2
4.928627167E0,6.103206845E-1,1.921328284E-1,-2.055893636E-1,-7.404907836E-1,1.047746117E2,3.263625464E1,1.925173560E0,-1.004448793E2
4.938672167E0,6.113216353E-1,1.917403300E-1,-2.062672384E-1,-7.395778354E-1,1.046297455E2,3.266988435E1,1.800675646E0,-1.003191788E2
4.948716167E0,6.125017207E-1,1.916974903E-1,-2.067292705E-1,-7.384826338E-1,1.044587714E2,3.271110743E1,1.712623455E0,-1.001523368E2
4.958761167E0,6.137934478E-1,1.920420593E-1,-2.069447068E-1,-7.372592688E-1,1.042713954E2,3.276003177E1,1.669088293E0,-9.995228770E1
4.968805167E0,6.150915181E-1,1.927909324E-1,-2.069055445E-1,-7.359919658E-1,1.040828591E2,3.281728154E1,1.676339156E0,-9.973319963E1
4.978849167E0,6.162722989E-1,1.938241880E-1,-2.066621207E-1,-7.348003110E-1,1.039111479E2,3.287814134E1,1.726231576E0,-9.951794397E1
4.988894167E0,6.172552477E-1,1.950076452E-1,-2.062509203E-1,-7.337769013E-1,1.037680520E2,3.293547722E1,1.808858102E0,-9.932397207E1
4.998938167E0,6.180072740E-1,1.961789058E-1,-2.056995134E-1,-7.329860156E-1,1.036584787E2,3.297905579E1,1.910893344E0,-9.916337484E1
5.008982167E0,6.185590816E-1,1.971744282E-1,-2.050805731E-1,-7.324266216E-1,1.035780257E2,3.300259919E1,2.012796380E0,-9.903922186E1
5.019027167E0,6.189816775E-1,1.979289121E-1,-2.044698521E-1,-7.320368159E-1,1.035163815E2,3.300783886E1,2.100722894E0,-9.894441143E1
5.029071167E0,6.193490136E-1,1.984662143E-1,-2.039645815E-1,-7.317215733E-1,1.034627769E2,3.300549297E1,2.165923661E0,-9.886727856E1
5.039115167E0,6.197104492E-1,1.988327188E-1,-2.036586841E-1,-7.314011888E-1,1.034100140E2,3.300774024E1,2.202656790E0,-9.879862536E1
5.049160167E0,6.200975364E-1,1.990795951E-1,-2.035938822E-1,-7.310238797E-1,1.033534851E2,3.302240668E1,2.210317293E0,-9.873158430E1
5.059204167E0,6.205688909E-1,1.992575708E-1,-2.037824156E-1,-7.305227694E-1,1.032846204E2,3.305471192E1,2.189365006E0,-9.865540577E1
5.069249167E0,6.211513762E-1,1.994177350E-1,-2.041974715E-1,-7.298677916E-1,1.031994742E2,3.310630158E1,2.144628170E0,-9.856385139E1
5.079293167E0,6.218199253E-1,1.995602083E-1,-2.048135993E-1,-7.290865418E-1,1.031016856E2,3.317478441E1,2.079088125E0,-9.846055139E1
5.089337167E0,6.224914774E-1,1.996064452E-1,-2.055947050E-1,-7.282804570E-1,1.030033910E2,3.325042988E1,1.992979656E0,-9.836109025E1
5.099382167E0,6.231146185E-1,1.994391736E-1,-2.064850480E-1,-7.275410748E-1,1.029121223E2,3.331876428E1,1.883805072E0,-9.827833425E1
5.109426167E0,6.236530024E-1,1.989614091E-1,-2.074110021E-1,-7.269470571E-1,1.028332209E2,3.336538912E1,1.751451416E0,-9.822203054E1
5.119470167E0,6.241000698E-1,1.981637998E-1,-2.083001544E-1,-7.265268794E-1,1.027676692E2,3.338308479E1,1.601188413E0,-9.819347191E1
5.129515167E0,6.244739914E-1,1.971385839E-1,-2.090921717E-1,-7.262569763E-1,1.027128195E2,3.337386241E1,1.444080881E0,-9.818574438E1
5.139559167E0,6.247757312E-1,1.960099315E-1,-2.097875545E-1,-7.261022446E-1,1.026685428E2,3.334768080E1,1.289616692E0,-9.819292360E1
5.149604167E0,6.250295132E-1,1.949338349E-1,-2.103921544E-1,-7.259986740E-1,1.026312927E2,3.331749231E1,1.148330115E0,-9.820449149E1
5.159648167E0,6.252974776E-1,1.940644264E-1,-2.108957704E-1,-7.258547057E-1,1.025919503E2,3.329460421E1,1.030231781E0,-9.820453216E1
5.169692167E0,6.256489138E-1,1.934780676E-1,-2.113203696E-1,-7.255848657E-1,1.025403363E2,3.328703828E1,9.365295323E-1,-9.817970865E1
5.179737167E0,6.261069183E-1,1.931381289E-1,-2.117668555E-1,-7.251500420E-1,1.024730430E2,3.330096727E1,8.555069334E-1,-9.812836457E1
5.189781167E0,6.266715386E-1,1.929948559E-1,-2.123273401E-1,-7.245363628E-1,1.023900412E2,3.334073708E1,7.760710072E-1,-9.805273705E1
5.199825167E0,6.273002220E-1,1.929328171E-1,-2.130742231E-1,-7.237891624E-1,1.022975650E2,3.340369752E1,6.854084740E-1,-9.796410376E1
5.209870167E0,6.279143912E-1,1.928546446E-1,-2.140043520E-1,-7.230025283E-1,1.022071657E2,3.348179660E1,5.796120700E-1,-9.787822306E1
5.219914167E0,6.284456153E-1,1.926706512E-1,-2.150443900E-1,-7.222810533E-1,1.021289285E2,3.356130436E1,4.605091144E-1,-9.780907109E1
5.229959167E0,6.288381447E-1,1.923493829E-1,-2.160739783E-1,-7.217175763E-1,1.020710902E2,3.362890360E1,3.376311776E-1,-9.776618384E1
5.240003167E0,6.290506650E-1,1.918446454E-1,-2.170136291E-1,-7.213846847E-1,1.020397660E2,3.367384261E1,2.155725962E-1,-9.775760968E1
5.250047167E0,6.290700578E-1,1.911534595E-1,-2.177964422E-1,-7.213153900E-1,1.020369073E2,3.368995314E1,1.000054402E-1,-9.778536925E1
5.260092167E0,6.289407671E-1,1.903973819E-1,-2.183645870E-1,-7.214563132E-1,1.020559652E2,3.368167924E1,2.865055077E-3,-9.783753645E1
5.270137000E0,6.287396897E-1,1.897793010E-1,-2.186780727E-1,-7.216994531E-1,1.020855996E2,3.366138230E1,-6.050043621E-2,-9.789398036E1
5.280181000E0,6.285468047E-1,1.894841927E-1,-2.187310894E-1,-7.219289217E-1,1.021140208E2,3.364299988E1,-7.890873909E-2,-9.793499174E1
5.290226000E0,6.284477069E-1,1.896480386E-1,-2.185605844E-1,-7.220238890E-1,1.021286204E2,3.364047901E1,-4.852766242E-2,-9.794222506E1
5.300270000E0,6.285270799E-1,1.903330895E-1,-2.182056697E-1,-7.218818015E-1,1.021169269E2,3.366227123E1,2.862739382E-2,-9.790055337E1
5.310314000E0,6.287236897E-1,1.912160357E-1,-2.178399918E-1,-7.215876639E-1,1.020879574E2,3.369876867E1,1.166507449E-1,-9.783300749E1
5.320359000E0,6.288412215E-1,1.917305091E-1,-2.176280063E-1,-7.214126438E-1,1.020706368E2,3.372019708E1,1.676880441E-1,-9.779313603E1
5.330403000E0,6.286592366E-1,1.912351256E-1,-2.177603369E-1,-7.216627380E-1,1.020974549E2,3.369307481E1,1.272216200E-1,-9.784153098E1
5.340448000E0,6.280265282E-1,1.893251977E-1,-2.183166345E-1,-7.225486647E-1,1.021906540E2,3.359310969E1,-3.574903914E-2,-9.801761063E1
5.350492000E0,6.270011744E-1,1.861362367E-1,-2.191584374E-1,-7.240114185E-1,1.023415609E2,3.341981386E1,-3.034211698E-1,-9.830531044E1
5.360536000E0,6.258074755E-1,1.822619562E-1,-2.200516292E-1,-7.257568196E-1,1.025170428E2,3.319991878E1,-6.224847018E-1,-9.864432484E1
5.370581000E0,6.246722712E-1,1.785753186E-1,-2.207578945E-1,-7.274348753E-1,1.026837259E2,3.297996522E1,-9.167051996E-1,-9.896383514E1
5.380625000E0,6.238069806E-1,1.760339967E-1,-2.210291029E-1,-7.287132893E-1,1.028106470E2,3.281007894E1,-1.100282329E0,-9.919431833E1
5.390669000E0,6.234068700E-1,1.754035852E-1,-2.207457286E-1,-7.292932826E-1,1.028692975E2,3.273634414E1,-1.110891212E0,-9.927801006E1
5.400714000E0,6.235411499E-1,1.769795349E-1,-2.199322575E-1,-7.290436047E-1,1.028496167E2,3.278306214E1,-9.294945844E-1,-9.919357876E1
5.410758000E0,6.240637076E-1,1.803773756E-1,-2.188203354E-1,-7.280976398E-1,1.027730019E2,3.294329765E1,-5.988077559E-1,-9.897627914E1
5.420803000E0,6.247116469E-1,1.847361579E-1,-2.177509460E-1,-7.267684388E-1,1.026779475E2,3.318376696E1,-2.029584653E-1,-9.869743906E1
5.430847000E0,6.252441091E-1,1.891155421E-1,-2.169655922E-1,-7.254178220E-1,1.025997867E2,3.345423618E1,1.754773384E-1,-9.843057179E1
5.440891000E0,6.254125543E-1,1.925959657E-1,-2.166767388E-1,-7.244426018E-1,1.025750515E2,3.370117301E1,4.597886477E-1,-9.825253528E1
5.450936000E0,6.249623311E-1,1.943862782E-1,-2.170764608E-1,-7.242333954E-1,1.026411546E2,3.387793467E1,5.863091544E-1,-9.823768353E1
5.460980000E0,6.237315588E-1,1.940679522E-1,-2.181940174E-1,-7.250433736E-1,1.028217046E2,3.395327568E1,5.286399264E-1,-9.842990173E1
5.471024000E0,6.217379865E-1,1.916683109E-1,-2.198328239E-1,-7.268965125E-1,1.031136743E2,3.391305269E1,3.030513340E-1,-9.882472000E1
5.481069000E0,6.191760377E-1,1.877134456E-1,-2.215595539E-1,-7.295863349E-1,1.034880214E2,3.376232128E1,-2.649379150E-2,-9.936769620E1
5.491113000E0,6.162514784E-1,1.829269557E-1,-2.229987410E-1,-7.328325590E-1,1.039141774E2,3.352577153E1,-3.860016953E-1,-9.999416611E1
5.501157000E0,6.131510298E-1,1.781090625E-1,-2.239464156E-1,-7.363226974E-1,1.043646133E2,3.324709738E1,-7.067304164E-1,-1.006413244E2
5.511202000E0,6.101376776E-1,1.741118607E-1,-2.241898926E-1,-7.396998611E-1,1.048010828E2,3.297004418E1,-9.163339391E-1,-1.012364824E2
5.521246000E0,6.074928154E-1,1.715158730E-1,-2.236492276E-1,-7.426411843E-1,1.051831257E2,3.272786551E1,-9.729918845E-1,-1.017182428E2
5.531291000E0,6.053719912E-1,1.703765541E-1,-2.223971343E-1,-7.450075560E-1,1.054887703E2,3.252864886E1,-8.825246432E-1,-1.020648249E2
5.541335000E0,6.038020211E-1,1.703806450E-1,-2.206302093E-1,-7.468036861E-1,1.057146292E2,3.236598944E1,-6.848237809E-1,-1.022866133E2
5.551379000E0,6.026635610E-1,1.709915267E-1,-2.186697012E-1,-7.481592025E-1,1.058781994E2,3.222978332E1,-4.417979932E-1,-1.024227805E2
5.561424000E0,6.018048137E-1,1.717185782E-1,-2.168276126E-1,-7.492193274E-1,1.060014649E2,3.211285126E1,-2.100494705E-1,-1.025146392E2
5.571468000E0,6.017268157E-1,1.724811688E-1,-2.151294042E-1,-7.495961466E-1,1.060126559E2,3.201177000E1,-1.809535946E-2,-1.024947473E2
5.581512000E0,6.011174565E-1,1.728295297E-1,-2.139392443E-1,-7.503450118E-1,1.061000569E2,3.192707298E1,1.236628458E-1,-1.025666886E2
5.591557000E0,6.006412287E-1,1.730418207E-1,-2.130394960E-1,-7.509332659E-1,1.061683278E2,3.185916579E1,2.271846505E-1,-1.026253452E2
5.601601000E0,6.003585393E-1,1.732753775E-1,-2.123097444E-1,-7.513121345E-1,1.062088391E2,3.180866245E1,3.119112441E-1,-1.026558205E2
5.611646000E0,6.003048653E-1,1.736565957E-1,-2.116374179E-1,-7.514566771E-1,1.062165297E2,3.177460292E1,3.951648728E-1,-1.026479711E2
5.621690000E0,6.004927349E-1,1.743248393E-1,-2.109343611E-1,-7.513494766E-1,1.061896093E2,3.175930633E1,4.943914070E-1,-1.025943377E2
5.631734000E0,6.009052471E-1,1.753542866E-1,-2.101566990E-1,-7.509979929E-1,1.061304825E2,3.176441932E1,6.195460779E-1,-1.024941703E2
5.641779000E0,6.015005556E-1,1.766681619E-1,-2.093204318E-1,-7.504468544E-1,1.060451144E2,3.178590017E1,7.647735826E-1,-1.023562849E2
5.651823000E0,6.021763697E-1,1.780696329E-1,-2.085171932E-1,-7.497969184E-1,1.059481436E2,3.181757218E1,9.112631081E-1,-1.022030255E2
5.661867000E0,6.028509301E-1,1.793869827E-1,-2.077847152E-1,-7.491439373E-1,1.058512910E2,3.184994083E1,1.045529718E0,-1.020530347E2
5.671912000E0,6.034736656E-1,1.805113091E-1,-2.071681740E-1,-7.485429495E-1,1.057618244E2,3.187878527E1,1.157445492E0,-1.019180558E2
5.681956000E0,6.040331439E-1,1.814403547E-1,-2.066200094E-1,-7.480184531E-1,1.056814006E2,3.189937439E1,1.250912028E0,-1.017999727E2
5.692001000E0,6.045023806E-1,1.822047919E-1,-2.060960622E-1,-7.475980225E-1,1.056139159E2,3.190979666E1,1.332863800E0,-1.017014238E2
5.702045000E0,6.048812439E-1,1.828607707E-1,-2.055699800E-1,-7.472762260E-1,1.055594065E2,3.191180432E1,1.409856959E0,-1.016201546E2
5.712089000E0,6.051721625E-1,1.834762016E-1,-2.050575560E-1,-7.470304888E-1,1.055175369E2,3.191196900E1,1.486097368E0,-1.015529626E2
5.722134000E0,6.054023264E-1,1.841053783E-1,-2.045604675E-1,-7.468255287E-1,1.054844029E2,3.191460517E1,1.564737528E0,-1.014937467E2
5.732178000E0,6.056203204E-1,1.847731036E-1,-2.040575364E-1,-7.466214431E-1,1.054530142E2,3.191973211E1,1.647385600E0,-1.014345269E2
5.742222000E0,6.058990639E-1,1.854796771E-1,-2.035771650E-1,-7.463510447E-1,1.054128688E2,3.193013430E1,1.728960510E0,-1.013649022E2
5.752267000E0,6.062830428E-1,1.862454715E-1,-2.031649405E-1,-7.459608281E-1,1.053575494E2,3.195168413E1,1.805845719E0,-1.012776853E2
5.762311000E0,6.067442663E-1,1.870665099E-1,-2.028776498E-1,-7.454584693E-1,1.052910746E2,3.198925905E1,1.874532434E0,-1.011769113E2
5.772355000E0,6.072168536E-1,1.880160290E-1,-2.027253805E-1,-7.448759630E-1,1.052229314E2,3.204928410E1,1.942739608E0,-1.010687010E2
5.782400000E0,6.076622088E-1,1.891918490E-1,-2.026762301E-1,-7.442280500E-1,1.051586866E2,3.213631654E1,2.022181042E0,-1.009542104E2
5.792444000E0,6.080871333E-1,1.906265541E-1,-2.026738856E-1,-7.435151782E-1,1.050973632E2,3.224781841E1,2.119321756E0,-1.008309320E2
5.802489000E0,6.085390740E-1,1.922744004E-1,-2.026828741E-1,-7.427182235E-1,1.050321134E2,3.237724636E1,2.231117450E0,-1.006939055E2
5.812533000E0,6.090715099E-1,1.940097689E-1,-2.026688250E-1,-7.418337771E-1,1.049552054E2,3.251198475E1,2.347857971E0,-1.005409139E2
5.822577000E0,6.096918008E-1,1.957401848E-1,-2.026274019E-1,-7.408803575E-1,1.048655570E2,3.264455215E1,2.462160633E0,-1.003749682E2
5.832622000E0,6.103756703E-1,1.974095027E-1,-2.025598750E-1,-7.398922720E-1,1.047666573E2,3.277064701E1,2.570480043E0,-1.002020737E2
5.842666000E0,6.110518428E-1,1.989896340E-1,-2.024676960E-1,-7.389354016E-1,1.046688061E2,3.288796611E1,2.673500336E0,-1.000336799E2
5.852710000E0,6.116535154E-1,2.004807317E-1,-2.023403439E-1,-7.380689625E-1,1.045816817E2,3.299530469E1,2.774936459E0,-9.987946446E1
5.862755000E0,6.121380145E-1,2.019587526E-1,-2.021802550E-1,-7.373078114E-1,1.045114872E2,3.309865720E1,2.882453861E0,-9.974208918E1
5.872799000E0,6.125035699E-1,2.035499953E-1,-2.019965484E-1,-7.366166295E-1,1.044585033E2,3.320878515E1,3.005361806E0,-9.961594270E1
5.882844000E0,6.127718240E-1,2.053893460E-1,-2.017643835E-1,-7.359463787E-1,1.044196103E2,3.333423556E1,3.155155962E0,-9.949153210E1
5.892888000E0,6.129849343E-1,2.074148391E-1,-2.014422553E-1,-7.352887877E-1,1.043887050E2,3.346661249E1,3.328319907E0,-9.936548671E1
5.902932000E0,6.131942408E-1,2.092916745E-1,-2.010447321E-1,-7.346909716E-1,1.043583450E2,3.358087041E1,3.495518226E0,-9.924628381E1
5.912977000E0,6.134841479E-1,2.105932166E-1,-2.006415923E-1,-7.341870428E-1,1.043162837E2,3.364947346E1,3.614824848E0,-9.914255811E1
5.923021000E0,6.138634169E-1,2.109667117E-1,-2.003190526E-1,-7.338508479E-1,1.042612390E2,3.365174046E1,3.652163652E0,-9.907050473E1
5.933065000E0,6.142306476E-1,2.103424675E-1,-2.000817310E-1,-7.337874116E-1,1.042079219E2,3.358185935E1,3.606322348E0,-9.904816877E1
5.943110000E0,6.144604902E-1,2.089544404E-1,-1.998647639E-1,-7.340506872E-1,1.041745420E2,3.345224568E1,3.505726524E0,-9.908201165E1
5.953154000E0,6.145179100E-1,2.072218793E-1,-1.995789968E-1,-7.345714378E-1,1.041662018E2,3.328843542E1,3.390956492E0,-9.915654895E1
5.963199000E0,6.144512179E-1,2.055631509E-1,-1.991564717E-1,-7.352077025E-1,1.041758888E2,3.311794797E1,3.297435986E0,-9.924481686E1
5.973243000E0,6.143302354E-1,2.042763806E-1,-1.985834280E-1,-7.358220560E-1,1.041934598E2,3.296342982E1,3.246426857E0,-9.932294069E1
5.983287000E0,6.142010079E-1,2.034947416E-1,-1.978637962E-1,-7.363401303E-1,1.042122260E2,3.283581389E1,3.246190326E0,-9.937847061E1
5.993332000E0,6.141167932E-1,2.032836037E-1,-1.969958484E-1,-7.367014184E-1,1.042244542E2,3.274020719E1,3.299867657E0,-9.940101965E1
6.003376000E0,6.141815993E-1,2.036704304E-1,-1.960062374E-1,-7.368044411E-1,1.042150442E2,3.268160221E1,3.403290738E0,-9.937443465E1
6.013420000E0,6.144719805E-1,2.047400216E-1,-1.948821503E-1,-7.365641303E-1,1.041728731E2,3.266610836E1,3.560879467E0,-9.928369533E1
6.023465000E0,6.149694608E-1,2.065421497E-1,-1.936386787E-1,-7.359735054E-1,1.041005974E2,3.269949125E1,3.775966453E0,-9.912856185E1
6.033509000E0,6.155738940E-1,2.090627275E-1,-1.923563332E-1,-7.350923360E-1,1.040127354E2,3.278822776E1,4.045103750E0,-9.892316330E1
6.043554000E0,6.161630965E-1,2.121689312E-1,-1.911667575E-1,-7.340181077E-1,1.039270367E2,3.293375276E1,4.352468882E0,-9.869012050E1
6.053598000E0,6.166525689E-1,2.155834456E-1,-1.902119753E-1,-7.328592590E-1,1.038558055E2,3.312659210E1,4.668768792E0,-9.845394625E1
6.063642000E0,6.170254157E-1,2.189340344E-1,-1.895591641E-1,-7.317204353E-1,1.038015231E2,3.334253423E1,4.960639725E0,-9.823487975E1
6.073687000E0,6.172784548E-1,2.217134452E-1,-1.892923798E-1,-7.307385086E-1,1.037646719E2,3.354720825E1,5.182988370E0,-9.805907093E1
6.083731000E0,6.174020558E-1,2.234248760E-1,-1.894929408E-1,-7.300605924E-1,1.037466679E2,3.370619951E1,5.292527940E0,-9.795423284E1
6.093775000E0,6.174041262E-1,2.238001831E-1,-1.901830639E-1,-7.297644212E-1,1.037463663E2,3.379871892E1,5.267352687E0,-9.793411549E1
6.103820000E0,6.173289626E-1,2.229470571E-1,-1.912168734E-1,-7.298190172E-1,1.037573151E2,3.382072850E1,5.125326909E0,-9.798737810E1
6.113864000E0,6.172570074E-1,2.212889935E-1,-1.923323806E-1,-7.300912542E-1,1.037677957E2,3.378443332E1,4.915433348E0,-9.808065367E1
6.123909000E0,6.172784127E-1,2.193404407E-1,-1.932627920E-1,-7.304153687E-1,1.037646780E2,3.370888738E1,4.693495144E0,-9.817465273E1
6.133953000E0,6.174440920E-1,2.175528150E-1,-1.938414353E-1,-7.306565751E-1,1.037405444E2,3.361617234E1,4.504666572E0,-9.823941357E1
6.143997000E0,6.177619266E-1,2.161597971E-1,-1.940501268E-1,-7.307458790E-1,1.036942359E2,3.352339166E1,4.368002570E0,-9.826243560E1
6.154042000E0,6.181864613E-1,2.151928997E-1,-1.939757020E-1,-7.306921523E-1,1.036323582E2,3.344041216E1,4.281297445E0,-9.824901084E1
6.164086000E0,6.186566357E-1,2.145138685E-1,-1.937521163E-1,-7.305532521E-1,1.035637978E2,3.336762423E1,4.226275035E0,-9.821478739E1
6.174130000E0,6.191321101E-1,2.138849091E-1,-1.934833478E-1,-7.304060174E-1,1.034944316E2,3.329486562E1,4.178395939E0,-9.817722908E1
6.184175000E0,6.195796780E-1,2.132079175E-1,-1.932046597E-1,-7.302981531E-1,1.034291063E2,3.321719702E1,4.128830523E0,-9.814591758E1
6.194219000E0,6.199613230E-1,2.125585294E-1,-1.928737121E-1,-7.302510698E-1,1.033733797E2,3.313677918E1,4.088296645E0,-9.812269182E1
6.204263000E0,6.202398768E-1,2.120987995E-1,-1.924335225E-1,-7.302642565E-1,1.033326927E2,3.306145450E1,4.075243188E0,-9.810511290E1
6.214308000E0,6.204206868E-1,2.119378064E-1,-1.918944985E-1,-7.302992383E-1,1.033062765E2,3.300101370E1,4.097010666E0,-9.808722398E1
6.224352000E0,6.205490029E-1,2.120890260E-1,-1.912543333E-1,-7.303143058E-1,1.032875267E2,3.295656969E1,4.152876898E0,-9.806188651E1
6.234397000E0,6.207200243E-1,2.124721830E-1,-1.904731837E-1,-7.302618014E-1,1.032625329E2,3.291855920E1,4.235700445E0,-9.801924345E1
6.244441000E0,6.210306781E-1,2.129724101E-1,-1.895508137E-1,-7.300919180E-1,1.032171216E2,3.287821021E1,4.332544816E0,-9.795079982E1
6.254485000E0,6.215173267E-1,2.134711588E-1,-1.885469772E-1,-7.297920642E-1,1.031459549E2,3.283152461E1,4.428138955E0,-9.785698479E1
6.264530000E0,6.221462157E-1,2.138861775E-1,-1.875406804E-1,-7.293938029E-1,1.030539351E2,3.277875154E1,4.511492377E0,-9.774655125E1
6.274573500E0,6.228411645E-1,2.141852305E-1,-1.866157888E-1,-7.289499649E-1,1.029521810E2,3.272434200E1,4.576876812E0,-9.763203240E1
6.284617500E0,6.234738730E-1,2.143188623E-1,-1.858840089E-1,-7.285567348E-1,1.028594775E2,3.267346278E1,4.617263506E0,-9.753438055E1
6.294662500E0,6.239532512E-1,2.142768129E-1,-1.854452892E-1,-7.282704735E-1,1.027891999E2,3.263356734E1,4.627915901E0,-9.746724486E1
6.304706500E0,6.242447125E-1,2.140653227E-1,-1.853139570E-1,-7.281162423E-1,1.027464544E2,3.260617018E1,4.609624488E0,-9.743536348E1
6.314751500E0,6.243350912E-1,2.137074933E-1,-1.854393886E-1,-7.281120118E-1,1.027331969E2,3.258857630E1,4.568640600E0,-9.743961028E1
6.324795500E0,6.242469621E-1,2.132786649E-1,-1.857479299E-1,-7.282345327E-1,1.027461244E2,3.258054196E1,4.515490282E0,-9.747302287E1
6.334839500E0,6.240416174E-1,2.129097812E-1,-1.861804975E-1,-7.284080144E-1,1.027762415E2,3.258786988E1,4.462214162E0,-9.752042116E1
6.344884500E0,6.237792111E-1,2.126967473E-1,-1.867049123E-1,-7.285607546E-1,1.028147184E2,3.261583600E1,4.416130155E0,-9.756842021E1
6.354928500E0,6.235090235E-1,2.126075185E-1,-1.873701200E-1,-7.286472663E-1,1.028543256E2,3.266643465E1,4.368901956E0,-9.761140536E1
6.364972500E0,6.232689919E-1,2.125935284E-1,-1.882047935E-1,-7.286416660E-1,1.028895029E2,3.273846313E1,4.312977163E0,-9.764623707E1
6.375017500E0,6.230772553E-1,2.125519716E-1,-1.892449356E-1,-7.285484056E-1,1.029175963E2,3.282686602E1,4.236893741E0,-9.767523525E1
6.385061500E0,6.229141049E-1,2.123353111E-1,-1.905065429E-1,-7.284223444E-1,1.029414969E2,3.292101272E1,4.128934492E0,-9.770842045E1
6.395106500E0,6.227454964E-1,2.118050129E-1,-1.919256760E-1,-7.283483556E-1,1.029661929E2,3.300386435E1,3.984922761E0,-9.775745753E1
6.405150500E0,6.225615360E-1,2.108976854E-1,-1.932811931E-1,-7.284104273E-1,1.029931327E2,3.305062409E1,3.817650162E0,-9.782691198E1
6.415194500E0,6.223178956E-1,2.095621413E-1,-1.943534879E-1,-7.287186367E-1,1.030288045E2,3.303749015E1,3.642130570E0,-9.792558018E1
6.425239500E0,6.219246602E-1,2.077476879E-1,-1.950019488E-1,-7.294004094E-1,1.030863600E2,3.294764053E1,3.469055563E0,-9.806859786E1
6.435283500E0,6.213094111E-1,2.055574574E-1,-1.951464134E-1,-7.305057421E-1,1.031763644E2,3.278218533E1,3.315218627E0,-9.826096269E1
6.445327500E0,6.204995752E-1,2.033291667E-1,-1.947432235E-1,-7.319239256E-1,1.032947494E2,3.256454761E1,3.208337192E0,-9.848244076E1
6.455372500E0,6.196013205E-1,2.016071565E-1,-1.937903418E-1,-7.334125734E-1,1.034259468E2,3.233817651E1,3.185965872E0,-9.869247511E1
6.465416500E0,6.187559179E-1,2.009818665E-1,-1.923252746E-1,-7.346825633E-1,1.035493164E2,3.215342227E1,3.285475327E0,-9.884417126E1
6.475461500E0,6.180757889E-1,2.017577001E-1,-1.904662248E-1,-7.355262220E-1,1.036484917E2,3.204521897E1,3.517364174E0,-9.890775406E1
6.485505500E0,6.176535671E-1,2.037485605E-1,-1.884305202E-1,-7.358563109E-1,1.037100255E2,3.201911785E1,3.846849714E0,-9.887787432E1
6.495549500E0,6.175374367E-1,2.064393707E-1,-1.865011771E-1,-7.356953679E-1,1.037269456E2,3.206063266E1,4.209873588E0,-9.877021620E1
6.505594500E0,6.177418858E-1,2.091963870E-1,-1.849712662E-1,-7.351309847E-1,1.036971563E2,3.214608528E1,4.533645365E0,-9.861141617E1
6.515638500E0,6.182340609E-1,2.114645026E-1,-1.840682871E-1,-7.342943855E-1,1.036254188E2,3.225099588E1,4.758717018E0,-9.843250636E1
6.525683500E0,6.189494510E-1,2.129289488E-1,-1.839065157E-1,-7.333084970E-1,1.035210833E2,3.235916890E1,4.854607373E0,-9.825860128E1
6.535727500E0,6.197767514E-1,2.134840768E-1,-1.844755284E-1,-7.323046855E-1,1.034003330E2,3.245971822E1,4.818724220E0,-9.811158842E1
6.545771500E0,6.206420210E-1,2.132597133E-1,-1.856319694E-1,-7.313444170E-1,1.032739332E2,3.254949555E1,4.675400359E0,-9.799638642E1
6.555816500E0,6.215154617E-1,2.125673025E-1,-1.870995872E-1,-7.304296723E-1,1.031462277E2,3.262885340E1,4.471336608E0,-9.790239521E1
6.565860500E0,6.223797039E-1,2.116927093E-1,-1.885957200E-1,-7.295625641E-1,1.030197559E2,3.269572121E1,4.251227480E0,-9.781841636E1
6.575904500E0,6.232299112E-1,2.108201207E-1,-1.898969421E-1,-7.287513848E-1,1.028952295E2,3.274511493E1,4.046841722E0,-9.773632793E1
6.585949500E0,6.240893645E-1,2.100543144E-1,-1.908687200E-1,-7.279827158E-1,1.027692392E2,3.277365232E1,3.875779974E0,-9.764782805E1
6.595993500E0,6.249566781E-1,2.094260373E-1,-1.914717090E-1,-7.272609774E-1,1.026419844E2,3.278032077E1,3.743603205E0,-9.755167387E1
6.606037500E0,6.257695591E-1,2.088810983E-1,-1.917403333E-1,-7.266476196E-1,1.025226133E2,3.276356967E1,3.646207353E0,-9.745948201E1
6.616082500E0,6.264411692E-1,2.083334718E-1,-1.918049990E-1,-7.262089973E-1,1.024239124E2,3.272775140E1,3.570587978E0,-9.738794429E1
6.626126500E0,6.269435649E-1,2.078009180E-1,-1.917978624E-1,-7.259298956E-1,1.023500349E2,3.268601737E1,3.508977090E0,-9.734021529E1
6.636171500E0,6.273097630E-1,2.074267745E-1,-1.918114396E-1,-7.257169434E-1,1.022961611E2,3.265838951E1,3.463683792E0,-9.730468199E1
6.646215500E0,6.276016194E-1,2.073678565E-1,-1.919479921E-1,-7.254452332E-1,1.022532096E2,3.266693617E1,3.436041919E0,-9.726490113E1
6.656259500E0,6.278481680E-1,2.078589240E-1,-1.921349410E-1,-7.250417298E-1,1.022169158E2,3.272437103E1,3.448402372E0,-9.720557674E1
6.666304500E0,6.282551643E-1,2.087096759E-1,-1.918345005E-1,-7.245242245E-1,1.021569826E2,3.276837382E1,3.519509210E0,-9.710597462E1
6.676348500E0,6.290665122E-1,2.087447052E-1,-1.909055366E-1,-7.240553619E-1,1.020374299E2,3.269204344E1,3.560409643E0,-9.698658445E1
6.686392500E0,6.299302855E-1,2.078116273E-1,-1.898960241E-1,-7.238382055E-1,1.019100414E2,3.253012212E1,3.531740751E0,-9.690553988E1
6.696437500E0,6.304768985E-1,2.069501642E-1,-1.891409870E-1,-7.238067113E-1,1.018293680E2,3.239534178E1,3.502138270E0,-9.686695350E1
6.706481500E0,6.306088972E-1,2.067266838E-1,-1.890407795E-1,-7.237818499E-1,1.018098797E2,3.236882486E1,3.487366216E0,-9.685830028E1
6.716526500E0,6.303603994E-1,2.070689149E-1,-1.896259056E-1,-7.237474581E-1,1.018465657E2,3.244751619E1,3.478034421E0,-9.687809551E1
6.726570500E0,6.298418930E-1,2.075420521E-1,-1.907243822E-1,-7.237746164E-1,1.019230827E2,3.258132236E1,3.449853460E0,-9.693075112E1
6.736614500E0,6.291570225E-1,2.078967284E-1,-1.919904208E-1,-7.239336628E-1,1.020240869E2,3.271980767E1,3.406673178E0,-9.701310214E1
6.746659500E0,6.285158425E-1,2.077220363E-1,-1.930439590E-1,-7.242605959E-1,1.021185825E2,3.279674513E1,3.338072250E0,-9.711428562E1
6.756703500E0,6.281410517E-1,2.065322768E-1,-1.936981163E-1,-7.247512063E-1,1.021737890E2,3.275709826E1,3.211939166E0,-9.722488369E1
6.766748500E0,6.280833263E-1,2.043585785E-1,-1.937798137E-1,-7.253953630E-1,1.021822901E2,3.258846310E1,3.041645110E0,-9.733543021E1
6.776792500E0,"","","","","","","",""