"Time (s)","X (rad/s)","Y (rad/s)","Z (rad/s)"
9.207916446E-4,6.059428677E-3,6.838812679E-2,-2.647640556E-2
1.096679165E-2,1.125491131E-2,6.976319849E-2,-2.823550254E-2
2.101379164E-2,1.501103304E-2,6.205547601E-2,-3.343292698E-2
3.105979165E-2,1.416239887E-2,5.448500067E-2,-4.115731269E-2
4.110679164E-2,6.233103108E-3,5.033020303E-2,-5.074682087E-2
5.115279165E-2,-8.140748367E-3,5.033319816E-2,-5.948941782E-2
6.119879166E-2,-2.551041730E-2,5.303284526E-2,-7.214076072E-2
7.124579165E-2,-3.515662625E-2,4.697821662E-2,-8.856604993E-2
8.129179166E-2,-4.085765406E-2,4.379094392E-2,-1.013644040E-1
9.133879165E-2,-4.685525596E-2,4.312210530E-2,-1.046788692E-1
1.013847917E-1,-5.698805302E-2,4.319614172E-2,-1.013429910E-1
1.114317917E-1,-7.149842381E-2,4.335747287E-2,-1.052934006E-1
1.214777917E-1,-9.006997943E-2,4.289221764E-2,-1.071418971E-1
1.315247917E-1,-1.133475378E-1,4.770212620E-2,-1.109980866E-1
1.415707917E-1,-1.340948939E-1,6.335006654E-2,-1.175555885E-1
1.516177916E-1,-1.500454247E-1,8.499227464E-2,-1.191721931E-1
1.616637917E-1,-1.520113796E-1,1.003970578E-1,-1.165993139E-1
1.717107916E-1,-1.410192251E-1,1.015215367E-1,-1.001796350E-1
1.817567917E-1,-1.156139895E-1,8.737376332E-2,-8.317268640E-2
1.918042500E-1,-7.342502475E-2,8.343956620E-2,-7.207746059E-2
2.018502500E-1,-3.682200611E-2,6.194066629E-2,-8.106482774E-2
2.118972500E-1,-1.480646059E-2,5.705435202E-2,-7.458457351E-2
2.219432500E-1,-1.175869722E-3,3.290001303E-2,-6.037101522E-2
2.319902500E-1,1.529551484E-2,8.464977145E-3,-5.124010146E-2
2.420362500E-1,2.583657391E-2,-2.782618441E-2,-4.645439982E-2
2.520832500E-1,3.301299363E-2,-4.980551824E-2,-4.089052603E-2
2.621292500E-1,3.275478259E-2,-4.348590225E-2,-4.117456451E-2
2.721752500E-1,2.285350114E-2,-1.791733503E-2,-3.784526512E-2
2.822222500E-1,7.190651260E-3,1.002987754E-2,-3.159269691E-2
2.922682500E-1,-8.959013969E-3,2.880351245E-2,-2.825387754E-2
3.023152500E-1,-2.111447975E-2,3.502225876E-2,-2.096001245E-2
3.123612500E-1,-2.954452112E-2,3.364026546E-2,-1.864659414E-2
3.224082500E-1,-4.004004225E-2,2.534957789E-2,-1.295755059E-2
3.324542500E-1,-4.782722145E-2,1.449998002E-2,-1.008410007E-2
3.425012500E-1,-5.150238425E-2,3.548660316E-4,-6.854751613E-3
3.525472500E-1,-5.252677202E-2,-8.430155925E-3,-5.529698916E-3
3.625942500E-1,-4.818155989E-2,-1.551736053E-2,-5.831701681E-3
3.726402500E-1,-4.529329017E-2,-1.596336067E-2,-9.616781026E-3
3.826872500E-1,-4.360165074E-2,-1.004128903E-2,-4.568226170E-3
3.927332500E-1,-4.590658098E-2,-1.144560054E-3,7.637245581E-4
4.027802500E-1,-5.278313160E-2,7.742675021E-3,5.549158435E-3
4.128262500E-1,-5.778981000E-2,1.352559589E-2,7.316490635E-3
4.228722500E-1,-6.030995771E-2,1.408592425E-2,4.875970073E-3
4.329192500E-1,-6.349746883E-2,1.702122204E-2,2.156371251E-3
4.429652500E-1,-6.306417286E-2,7.854088210E-3,-1.828250242E-3
4.530122500E-1,-6.191594899E-2,-4.746232182E-3,-2.947166562E-3
4.630582500E-1,-6.073217094E-2,-4.782184958E-3,-1.723976573E-3
4.731052500E-1,-6.245686859E-2,3.479193663E-3,4.746129736E-3
4.831512500E-1,-6.354663521E-2,1.339334343E-2,7.718217559E-3
4.931982500E-1,-6.571471691E-2,2.426127717E-2,8.819974959E-3
5.032442500E-1,-6.062221900E-2,3.145767376E-2,1.130283996E-2
5.132912500E-1,-4.676489532E-2,3.708513081E-2,-8.954480290E-5
5.233372500E-1,-3.535218537E-2,3.139581904E-2,9.775836952E-4
5.333842500E-1,-2.597639151E-2,2.591119893E-2,9.014882147E-3
5.434302500E-1,-1.228747703E-2,1.355599519E-2,1.037735492E-2
5.534772500E-1,-3.918695264E-3,8.194386959E-3,1.064665802E-2
5.635232500E-1,1.489385730E-3,1.805463573E-3,1.042455062E-2
5.735692500E-1,1.651297882E-2,-4.977787286E-2,2.975501120E-2
5.836162500E-1,5.561430752E-2,-1.434961110E-1,4.558271170E-2
5.936622500E-1,7.474505901E-2,-1.454778463E-1,4.844154418E-2
6.037092500E-1,6.482398510E-2,-9.096108377E-2,5.689920485E-2
6.137552500E-1,3.265056759E-2,-3.232163936E-2,6.784769893E-2
6.238022500E-1,-1.029157359E-2,2.267929353E-2,7.297667861E-2
6.338482500E-1,-4.876609147E-2,5.299119279E-2,6.112099811E-2
6.438952500E-1,-7.339394093E-2,6.668862700E-2,4.350312054E-2
6.539412500E-1,-8.707220852E-2,7.487912476E-2,3.388562426E-2
6.639882500E-1,-9.201130271E-2,7.860594988E-2,3.198252991E-2
6.740342500E-1,-9.018521011E-2,8.275403082E-2,2.571954578E-2
6.840812500E-1,-7.970727235E-2,8.613996953E-2,1.428446360E-2
6.941272500E-1,-6.267838180E-2,8.277244866E-2,3.601286560E-3
7.041732500E-1,-4.417633638E-2,7.434860617E-2,-6.607409101E-3
7.142202500E-1,-2.916568890E-2,6.139887124E-2,-1.206499524E-2
7.242662500E-1,-2.035275660E-2,4.088453948E-2,-2.246064320E-2
7.343132500E-1,-1.945594326E-2,2.283869684E-2,-3.996282443E-2
7.443592500E-1,-2.870270424E-2,2.057634108E-2,-4.675681517E-2
7.544062500E-1,-4.432184249E-2,2.493919991E-2,-4.494583607E-2
7.644522500E-1,-6.694486737E-2,3.734819964E-2,-4.236576706E-2
7.744992500E-1,-8.435518295E-2,5.749436095E-2,-3.814002872E-2
7.845452500E-1,-8.728305995E-2,7.025782764E-2,-3.122166730E-2
7.945922500E-1,-7.318658382E-2,7.236463577E-2,-2.029061504E-2
8.046382500E-1,-4.902212322E-2,5.866027623E-2,-1.401540823E-2
8.146842500E-1,-1.689081825E-2,3.113405779E-2,-1.084600389E-2
8.247312500E-1,1.548922528E-2,1.935958862E-3,-4.679187201E-3
8.347772500E-1,3.825819120E-2,-2.739087865E-2,1.002658624E-3
8.448242500E-1,4.697817937E-2,-4.875342175E-2,8.044855669E-3
8.548702500E-1,4.287018254E-2,-4.406719282E-2,9.649886750E-3
8.649172500E-1,1.706281863E-2,-2.980436757E-2,1.316206250E-2
8.749632500E-1,-1.637013815E-2,-1.318783499E-3,1.539602410E-2
8.850102500E-1,-5.154250935E-2,2.962288819E-2,1.646741480E-2
8.950562500E-1,-7.151634991E-2,5.257960036E-2,2.362720668E-2
9.051032500E-1,-8.180867136E-2,6.611351669E-2,3.366279975E-2
9.151492500E-1,-7.350826263E-2,6.619778275E-2,3.578306362E-2
9.251952500E-1,-5.683633685E-2,5.558375269E-2,3.351910785E-2
9.352422500E-1,-4.321766645E-2,3.942286968E-2,3.443343937E-2
9.452882500E-1,-3.401910886E-2,2.703570575E-2,3.511627391E-2
9.553352500E-1,-2.256148867E-2,2.300193533E-2,3.929893300E-2
9.653812500E-1,-1.674582716E-3,2.636471018E-2,4.727083817E-2
9.754282500E-1,2.779668942E-2,3.137520701E-2,5.550420284E-2
9.854742500E-1,5.891679227E-2,3.077040240E-2,5.712553486E-2
9.955212500E-1,7.801008970E-2,2.829420753E-2,5.954319239E-2
1.005567250E0,9.174960852E-2,2.380118892E-2,5.576629937E-2
1.015614250E0,9.114623070E-2,2.509728447E-2,4.842405021E-2
1.025660250E0,8.283157647E-2,3.758058324E-2,4.228492826E-2
1.035706250E0,7.111170888E-2,5.107270554E-2,3.848449141E-2
1.045753250E0,5.626298860E-2,6.023664400E-2,3.338134289E-2
1.055799250E0,4.002200067E-2,5.551556125E-2,2.624490485E-2
1.065846250E0,2.318549342E-2,4.489966854E-2,1.783490926E-2
1.075892250E0,2.952726791E-3,3.278870508E-2,5.554096773E-3
1.085939250E0,-1.479031797E-2,3.620607406E-2,-2.903836314E-3
1.095985250E0,-3.862597421E-2,4.264859483E-2,-5.646399222E-4
1.106032250E0,-6.020104140E-2,4.541908205E-2,3.801346757E-3
1.116078250E0,-7.199671865E-2,3.467402607E-2,4.327853210E-3
1.126124250E0,-7.467026263E-2,1.875364780E-2,1.113151666E-3
1.136171250E0,-7.552273571E-2,6.490526721E-4,-6.614002399E-3
1.146217250E0,-7.371764630E-2,-1.147179212E-2,-1.480002701E-2
1.156264250E0,-7.934320718E-2,-1.636930555E-2,-2.026234381E-2
1.166310250E0,-9.194555879E-2,-9.410731494E-3,-2.214945853E-2
1.176357250E0,-1.017358378E-1,4.148659296E-3,-2.181306668E-2
1.186403250E0,-1.119535863E-1,1.129738241E-2,-2.566453069E-2
1.196450125E0,-1.099477112E-1,9.327856824E-3,-2.936291322E-2
1.206496125E0,-1.054315269E-1,1.048887498E-3,-2.835197747E-2
1.216542125E0,-1.045780256E-1,-2.723867306E-3,-2.616846561E-2
1.226589125E0,-1.100521535E-1,1.336920774E-3,-2.665768564E-2
1.236635125E0,-1.124494597E-1,1.564115752E-3,-2.308314480E-2
1.246682125E0,-1.197819412E-1,8.140525781E-3,-1.859811507E-2
1.256728125E0,-1.185737327E-1,4.921056796E-3,-1.976517588E-2
1.266775125E0,-1.124668419E-1,-5.401621573E-3,-2.345791459E-2
1.276821125E0,-1.079588681E-1,-1.155398972E-2,-2.592663653E-2
1.286868125E0,-1.071745604E-1,-1.111030765E-2,-2.138408273E-2
1.296914125E0,-1.097292379E-1,-2.624690533E-3,-1.545977220E-2
1.306960125E0,-1.138789803E-1,9.285498410E-3,-1.778977178E-2
1.317007125E0,-1.133305207E-1,2.720999718E-2,-1.984192804E-2
1.327053125E0,-1.069407985E-1,3.592199460E-2,-1.312410459E-2
1.337100125E0,-1.048185080E-1,3.564594686E-2,-6.782265846E-3
1.347146125E0,-1.031196788E-1,2.982107922E-2,4.508793354E-4
1.357193125E0,-1.052370816E-1,2.215077728E-2,-1.293701120E-3
1.367239125E0,-1.150795892E-1,1.624335349E-2,7.193824276E-4
1.377286125E0,-1.251926273E-1,2.004520223E-2,1.064027194E-2
1.387332125E0,-1.282491237E-1,2.375471964E-2,2.165830135E-2
1.397378125E0,-1.219094247E-1,2.439666167E-2,3.116393089E-2
1.407425125E0,-1.028406620E-1,2.127916552E-2,3.921626508E-2
1.417471125E0,-8.125718683E-2,9.853204712E-3,4.733403027E-2
1.427518125E0,-6.129146367E-2,-2.258851891E-3,5.266674608E-2
1.437564125E0,-4.925650731E-2,-1.454619784E-2,5.808427557E-2
1.447611125E0,-4.760667682E-2,-1.435152162E-2,6.115223840E-2
1.457657125E0,-5.739609152E-2,-1.784304529E-2,6.250415742E-2
1.467704125E0,-7.848166674E-2,-1.664861664E-2,6.467836350E-2
1.477750125E0,-9.866865724E-2,-1.093431097E-2,6.580889225E-2
1.487796125E0,-1.140042022E-1,-4.628478549E-3,6.444136053E-2
1.497843125E0,-1.240905002E-1,1.034537051E-2,6.510812789E-2
1.507889125E0,-1.193380877E-1,2.760691382E-2,6.632998586E-2
1.517936125E0,-1.073357910E-1,4.074129462E-2,6.500077248E-2
1.527982125E0,-9.275657684E-2,4.536560550E-2,6.700213999E-2
1.538029125E0,-7.563445717E-2,4.934186488E-2,6.495324522E-2
1.548075125E0,-6.212583929E-2,4.309435561E-2,6.240273267E-2
1.558121125E0,-6.106875837E-2,3.189695999E-2,6.369229406E-2
1.568168125E0,-6.788778305E-2,1.907410659E-2,6.330534071E-2
1.578214125E0,-8.526393771E-2,1.430759486E-2,6.357154250E-2
1.588261125E0,-1.091106832E-1,1.730738021E-2,5.946335196E-2
1.598307125E0,-1.325807869E-1,2.678154968E-2,5.683061481E-2
1.608354125E0,-1.411923766E-1,4.489237443E-2,6.312899292E-2
1.618400125E0,-1.374100447E-1,6.448129565E-2,6.875048578E-2
1.628446125E0,-1.149713248E-1,8.112472296E-2,7.140885293E-2
1.638493125E0,-7.945343107E-2,8.949267864E-2,7.237886637E-2
1.648539125E0,-4.096356779E-2,9.577134997E-2,7.901919633E-2
1.658586125E0,-1.261093933E-2,9.635786712E-2,8.467958868E-2
1.668632125E0,1.252678805E-3,9.872062504E-2,8.398184180E-2
1.678679125E0,-3.837795812E-4,1.086310670E-1,7.677888125E-2
1.688725125E0,-1.603943855E-2,1.148159951E-1,7.002004236E-2
1.698772125E0,-3.753364086E-2,1.085264236E-1,7.083620131E-2
1.708818125E0,-6.510268152E-2,9.742050618E-2,7.807679474E-2
1.718864125E0,-9.587943554E-2,7.071792334E-2,8.184416592E-2
1.728911125E0,-1.379856020E-1,5.693367124E-2,8.680482954E-2
1.738957125E0,-1.842589229E-1,6.003583968E-2,8.958880603E-2
1.749004125E0,-2.143321335E-1,9.070240706E-2,8.571976423E-2
1.759050125E0,-2.283899784E-1,1.348372847E-1,8.146151155E-2
1.769097125E0,-2.114610672E-1,1.747620553E-1,8.502988517E-2
1.779143125E0,-1.708414853E-1,1.982035786E-1,9.615550935E-2
1.789189125E0,-1.201074645E-1,2.039086074E-1,1.134556681E-1
1.799236125E0,-8.129712194E-2,1.883361787E-1,1.320819259E-1
1.809282125E0,-5.570627004E-2,1.598179936E-1,1.453801543E-1
1.819329125E0,-6.402483582E-2,1.128576547E-1,1.582875252E-1
1.829375125E0,-1.108304188E-1,5.437224358E-2,1.792985499E-1
1.839422125E0,-1.810550839E-1,-8.225956932E-3,2.042976022E-1
1.849468125E0,-2.602588236E-1,-6.657900661E-2,2.355801612E-1
1.859514125E0,-3.367252052E-1,-1.123320088E-1,2.616172135E-1
1.869561125E0,-3.963954747E-1,-1.433831304E-1,2.697222829E-1
1.879607125E0,-4.346717000E-1,-1.473940015E-1,2.610265315E-1
1.889654125E0,-4.429852962E-1,-1.236018538E-1,2.423955947E-1
1.899700125E0,-4.217752516E-1,-8.005368710E-2,2.235733122E-1
1.909746125E0,-3.626413345E-1,-3.428806365E-2,2.058483809E-1
1.919793125E0,-2.844032347E-1,-7.622605190E-4,1.925906539E-1
1.929839125E0,-2.046013325E-1,8.422449231E-3,1.827547997E-1
1.939886125E0,-1.362175643E-1,2.481336007E-3,1.805528551E-1
1.949932125E0,-8.421960473E-2,-1.040010713E-2,1.781658530E-1
1.959979125E0,-3.601722047E-2,-2.514513768E-2,1.752113104E-1
1.970025125E0,-8.736062795E-3,-2.672465891E-2,1.677515358E-1
1.980071125E0,-4.710428417E-3,-2.202551067E-2,1.527954936E-1
1.990118125E0,-2.179806866E-2,-1.472685114E-2,1.426901221E-1
2.000164125E0,-6.253587455E-2,-2.498881426E-3,1.355456859E-1
2.010211125E0,-1.205504388E-1,1.098497026E-2,1.287919134E-1
2.020257125E0,-1.739569455E-1,2.274948359E-2,1.145884693E-1
2.030304125E0,-2.140897065E-1,2.411275543E-2,9.790429473E-2
2.040350125E0,-2.427658290E-1,2.626911737E-2,7.866641879E-2
2.050396125E0,-2.574827373E-1,2.219101973E-2,6.480759382E-2
2.060443125E0,-2.598959506E-1,3.050134052E-3,5.871496350E-2
2.070489125E0,-2.511205673E-1,-2.591680363E-2,5.401448160E-2
2.080536125E0,-2.317732871E-1,-5.805058405E-2,4.830671847E-2
2.090582125E0,-2.056716532E-1,-8.531309664E-2,4.063734785E-2
2.100629125E0,-1.793560088E-1,-1.107882559E-1,2.759410255E-2
2.110675125E0,-1.607439816E-1,-1.335684061E-1,1.915241592E-2
2.120721125E0,-1.509959996E-1,-1.508315504E-1,9.487537667E-3
2.130768125E0,-1.437881589E-1,-1.580308676E-1,-2.368323039E-3
2.140814125E0,-1.342609078E-1,-1.582151949E-1,-1.129437611E-2
2.150861125E0,-1.161791086E-1,-1.520244032E-1,-5.993886851E-3
2.160907125E0,-7.505054027E-2,-1.297134757E-1,7.400079630E-4
2.170954125E0,-1.529506408E-2,-1.142256036E-1,-1.809435897E-3
2.181000125E0,5.941920727E-2,-9.117244929E-2,7.639452815E-5
2.191046125E0,1.620587707E-1,-6.361219287E-2,7.601955440E-3
2.201092417E0,2.716615796E-1,-6.814815104E-2,2.018658444E-2
2.211138417E0,3.702549934E-1,-9.562904388E-2,4.419924319E-2
2.221185417E0,4.580583274E-1,-1.364128441E-1,6.770005077E-2
2.231231417E0,5.521451235E-1,-1.668104231E-1,9.037553519E-2
2.241277417E0,6.474475861E-1,-1.794683784E-1,1.053956300E-1
2.251324417E0,7.042410970E-1,-1.983334124E-1,1.176682785E-1
2.261370417E0,6.837328076E-1,-2.485475242E-1,1.396645755E-1
2.271417417E0,5.698515177E-1,-3.563506603E-1,1.612590849E-1
2.281463417E0,3.594520986E-1,-5.009138584E-1,1.687117815E-1
2.291510417E0,9.972171485E-2,-5.683847666E-1,1.530702412E-1
2.301556417E0,-1.431751400E-1,-5.078305602E-1,1.175031811E-1
2.311602417E0,-3.162576854E-1,-3.343762457E-1,6.594731659E-2
2.321649417E0,-3.979568481E-1,-1.025416926E-1,4.620526452E-3
2.331695417E0,-3.987675011E-1,1.162463129E-1,-4.204444960E-2
2.341742417E0,-3.329209387E-1,2.685022950E-1,-5.927728117E-2
2.351788417E0,-2.162843347E-1,3.626911044E-1,-4.780305177E-2
2.361834417E0,-6.627148390E-2,4.148065150E-1,-2.257530764E-2
2.371881417E0,9.094396234E-2,4.434677064E-1,4.546451382E-4
2.381927417E0,2.407376915E-1,4.250726700E-1,1.662453264E-2
2.391974417E0,3.643310070E-1,3.389210105E-1,3.761263937E-2
2.402020417E0,4.502699971E-1,1.914306730E-1,5.931940302E-2
2.412067417E0,4.994516373E-1,1.673476212E-2,9.305792302E-2
2.422113417E0,5.298967361E-1,-1.449048370E-1,1.239560694E-1
2.432159417E0,5.301966071E-1,-2.360320836E-1,1.514793038E-1
2.442206417E0,5.172352791E-1,-2.730354071E-1,1.624853015E-1
2.452252417E0,5.100497603E-1,-2.730574906E-1,1.554329842E-1
2.462299417E0,4.985304177E-1,-2.530398071E-1,1.399270892E-1
2.472345417E0,4.782067537E-1,-2.260526568E-1,1.190447137E-1
2.482391417E0,4.574582875E-1,-1.911303252E-1,8.820497245E-2
2.492438417E0,4.287954867E-1,-1.498742402E-1,5.686169863E-2
2.502484417E0,3.881908953E-1,-9.776001424E-2,3.843304142E-2
2.512531417E0,3.365279734E-1,-3.917766362E-2,3.678374365E-2
2.522577417E0,2.784731388E-1,2.212370746E-2,4.496494681E-2
2.532623417E0,2.229052335E-1,9.627410024E-2,5.545061082E-2
2.542670417E0,1.721564084E-1,1.755097210E-1,6.831984222E-2
2.552716417E0,1.391438544E-1,2.514148653E-1,8.030273020E-2
2.562763417E0,1.281199455E-1,3.184009492E-1,8.537574857E-2
2.572809417E0,1.380772293E-1,3.745406270E-1,7.828295231E-2
2.582856417E0,1.632108241E-1,4.019142091E-1,7.612792403E-2
2.592902417E0,1.900855750E-1,3.869930506E-1,8.295866847E-2
2.602948417E0,2.110431045E-1,3.420820832E-1,1.024861038E-1
2.612995417E0,2.173771709E-1,2.768365145E-1,1.259352416E-1
2.623041417E0,2.176922709E-1,2.183714062E-1,1.501995921E-1
2.633088417E0,2.057892680E-1,1.795992404E-1,1.725853235E-1
2.643134417E0,1.784453839E-1,1.640570760E-1,1.913449764E-1
2.653180417E0,1.427355856E-1,1.629366875E-1,2.044237703E-1
2.663227417E0,1.076619774E-1,1.526722610E-1,2.159131467E-1
2.673273417E0,8.140214533E-2,1.390083879E-1,2.200953811E-1
2.683320417E0,5.514857545E-2,1.209300011E-1,2.150695920E-1
2.693366417E0,2.234615572E-2,9.875784814E-2,2.048252076E-1
2.703412417E0,-2.823515236E-2,9.111286700E-2,2.000559121E-1
2.713459417E0,-8.345419914E-2,9.321011603E-2,1.957525015E-1
2.723505417E0,-1.315453202E-1,9.469641000E-2,1.937593520E-1
2.733552417E0,-1.709244102E-1,9.774972498E-2,1.987759471E-1
2.743598417E0,-1.985629499E-1,1.048710197E-1,2.144817263E-1
2.753645417E0,-2.147073001E-1,1.080873311E-1,2.376504242E-1
2.763691417E0,-2.105085254E-1,1.201923490E-1,2.601589262E-1
2.773737417E0,-1.747534573E-1,1.206711903E-1,2.871420681E-1
2.783784417E0,-9.481129050E-2,1.124226153E-1,3.024757206E-1
2.793830417E0,1.484889351E-2,1.043092981E-1,3.121994734E-1
2.803877417E0,1.344151795E-1,8.062333614E-2,3.217484057E-1
2.813923417E0,2.374310344E-1,4.021492228E-2,3.387468159E-1
2.823969417E0,2.981199920E-1,-2.097060531E-2,3.590079248E-1
2.834016417E0,2.999370694E-1,-8.935046196E-2,3.832778335E-1
2.844062417E0,2.586303353E-1,-1.462876946E-1,3.974580467E-1
2.854109417E0,1.917493045E-1,-1.575182378E-1,4.046360552E-1
2.864155417E0,1.178189814E-1,-1.005220860E-1,4.071294069E-1
2.874201417E0,6.048165634E-2,1.677311398E-2,4.105784893E-1
2.884248417E0,3.265212476E-2,1.585353911E-1,4.132911265E-1
2.894294417E0,3.352537379E-2,2.905080914E-1,4.171729386E-1
2.904341417E0,2.619047090E-2,3.369896710E-1,4.361711144E-1
2.914387417E0,7.002907805E-4,2.811011076E-1,4.579283297E-1
2.924433417E0,-4.610922188E-2,1.722054780E-1,4.604378939E-1
2.934480417E0,-1.085094810E-1,8.116211742E-2,4.512110949E-1
2.944526417E0,-1.726296842E-1,5.081196129E-2,4.387815297E-1
2.954573417E0,-2.381762117E-1,6.982426345E-2,4.251727760E-1
2.964619417E0,-2.800845802E-1,1.363043487E-1,4.064405859E-1
2.974665417E0,-2.775026560E-1,2.426017672E-1,3.765490055E-1
2.984712417E0,-1.992999017E-1,3.775065541E-1,3.598468602E-1
2.994758417E0,-5.312751979E-2,5.057665706E-1,3.660336435E-1
3.004805417E0,1.236581653E-1,5.775298476E-1,3.972513974E-1
3.014851417E0,2.918455899E-1,5.793141723E-1,4.315198958E-1
3.024897417E0,4.332583845E-1,5.197713971E-1,4.506630003E-1
3.034944417E0,5.341283083E-1,4.281503856E-1,4.607177675E-1
3.044990417E0,5.907775164E-1,3.297368586E-1,4.741830826E-1
3.055037417E0,5.990256071E-1,2.576658726E-1,5.030426979E-1
3.065083417E0,5.804688334E-1,2.182164341E-1,5.388690233E-1
3.075129417E0,5.615662336E-1,1.939648986E-1,5.750246048E-1
3.085176417E0,5.641167164E-1,1.810757071E-1,6.023911834E-1
3.095222417E0,5.749033093E-1,1.861501038E-1,6.254054308E-1
3.105269417E0,5.900309086E-1,1.919964254E-1,6.448398232E-1
3.115315417E0,5.996422172E-1,1.978609711E-1,6.546697617E-1
3.125361417E0,5.984856486E-1,2.005288452E-1,6.577308774E-1
3.135408417E0,5.902764797E-1,1.685599983E-1,6.462715268E-1
3.145454417E0,5.710777044E-1,1.408226490E-1,6.175381541E-1
3.155501417E0,5.431292057E-1,1.206095070E-1,5.919843316E-1
3.165547417E0,5.052769780E-1,1.225962192E-1,5.677829981E-1
3.175593417E0,4.604096115E-1,1.480025053E-1,5.500149727E-1
3.185640417E0,4.157483876E-1,1.959408224E-1,5.333176851E-1
3.195687167E0,3.710461557E-1,2.474295795E-1,5.274108052E-1
3.205734167E0,3.196019232E-1,3.006789982E-1,5.240567923E-1
3.215780167E0,2.632952332E-1,3.401167095E-1,5.177656412E-1
3.225826167E0,2.076166421E-1,3.498431444E-1,5.114617348E-1
3.235873167E0,1.428799927E-1,3.405601680E-1,5.096651912E-1
3.245919167E0,8.158698678E-2,3.159633577E-1,5.130063295E-1
3.255966167E0,3.306605294E-2,2.851614952E-1,5.060802102E-1
3.266012167E0,-2.190710511E-3,2.569392025E-1,4.987035096E-1
3.276058167E0,-2.177559771E-2,2.244297415E-1,4.809516668E-1
3.286105167E0,-4.065655172E-2,1.936623305E-1,4.654628634E-1
3.296151167E0,-6.873585284E-2,1.556566358E-1,4.490247667E-1
3.306198167E0,-1.075876504E-1,1.101258993E-1,4.286526442E-1
3.316244167E0,-1.534813643E-1,6.544391811E-2,4.069811702E-1
3.326290167E0,-1.997493953E-1,3.069359250E-2,3.784521222E-1
3.336337167E0,-2.471651137E-1,2.448639134E-3,3.501680195E-1
3.346383167E0,-2.948395908E-1,-1.685070246E-2,3.194054365E-1
3.356429167E0,-3.277711570E-1,-2.164492570E-2,2.856043279E-1
3.366476167E0,-3.384503126E-1,-2.135476284E-2,2.510225177E-1
3.376522167E0,-3.256770074E-1,-1.856936142E-2,2.141592950E-1
3.386569167E0,-2.883997560E-1,-4.040618986E-2,1.745601594E-1
3.396615167E0,-2.341823131E-1,-9.597624093E-2,1.266024858E-1
3.406661167E0,-2.069130242E-1,-1.881292909E-1,8.931197226E-2
3.416708167E0,-2.058629543E-1,-2.723453641E-1,4.554452002E-2
3.426754167E0,-2.288800180E-1,-3.271788955E-1,-7.094887085E-3
3.436801167E0,-2.794174850E-1,-3.332554400E-1,-7.379721850E-2
3.446847167E0,-3.474489748E-1,-2.913119197E-1,-1.386683285E-1
3.456893167E0,-4.154799581E-1,-2.070399225E-1,-2.092889696E-1
3.466940167E0,-4.679038823E-1,-1.105725616E-1,-2.772221565E-1
3.476986167E0,-5.328253508E-1,-6.790313125E-2,-3.213342130E-1
3.487033167E0,-6.332128048E-1,-1.012448519E-1,-3.521897495E-1
3.497079167E0,-7.510470748E-1,-1.746934950E-1,-3.849687278E-1
3.507125167E0,-8.794524074E-1,-2.265735716E-1,-4.161878824E-1
3.517172167E0,-1.009341121E0,-2.000572681E-1,-4.550612271E-1
3.527218167E0,-1.123423934E0,-9.790525585E-2,-5.020480752E-1
3.537265167E0,-1.207686901E0,5.611733720E-2,-5.448362827E-1
3.547311167E0,-1.222900391E0,2.231148034E-1,-5.580005646E-1
3.557357167E0,-1.158265471E0,3.794250190E-1,-5.559611320E-1
3.567404167E0,-9.898638129E-1,5.273916721E-1,-5.389376879E-1
3.577450167E0,-7.264228463E-1,6.112735271E-1,-4.870129228E-1
3.587496167E0,-4.018117487E-1,6.042455435E-1,-4.233054221E-1
3.597543167E0,-5.458828807E-2,4.865418375E-1,-3.541508317E-1
3.607589167E0,2.638311386E-1,2.682428956E-1,-2.830455601E-1
3.617636167E0,5.177212358E-1,4.765203223E-3,-2.210804671E-1
3.627682167E0,6.961088181E-1,-2.451991886E-1,-1.816850901E-1
3.637728167E0,7.885881662E-1,-4.339214563E-1,-1.562026292E-1
3.647775167E0,7.990449071E-1,-5.140271187E-1,-1.591010690E-1
3.657821167E0,7.516356111E-1,-4.847771227E-1,-1.782446653E-1
3.667868167E0,6.700330973E-1,-3.772991300E-1,-1.986253560E-1
3.677914167E0,5.799823403E-1,-2.482314259E-1,-2.158485502E-1
3.687960167E0,4.945935905E-1,-1.289566606E-1,-2.455806732E-1
3.698007167E0,4.329701960E-1,-2.589366585E-2,-2.898357511E-1
3.708053167E0,4.083658755E-1,5.233381689E-2,-3.431843221E-1
3.718100167E0,4.081834555E-1,1.076311544E-1,-3.904501200E-1
3.728146167E0,4.242275953E-1,1.575507969E-1,-4.229815304E-1
3.738192167E0,4.480506480E-1,1.981405616E-1,-4.400146008E-1
3.748239167E0,4.638212621E-1,2.229966819E-1,-4.410782754E-1
3.758285167E0,4.577617645E-1,2.385551333E-1,-4.322775900E-1
3.768331167E0,4.260855913E-1,2.445332408E-1,-4.165921509E-1
3.778378167E0,3.704793155E-1,2.444940805E-1,-3.974027336E-1
3.788424167E0,3.034067154E-1,2.482935637E-1,-3.827330470E-1
3.798471167E0,2.332504988E-1,2.580825388E-1,-3.691560030E-1
3.808517167E0,1.552008539E-1,2.598409653E-1,-3.640402257E-1
3.818563167E0,6.904918700E-2,2.577128410E-1,-3.684775829E-1
3.828610167E0,-1.402618736E-2,2.465821356E-1,-3.744022846E-1
3.838656167E0,-9.282007068E-2,2.238198221E-1,-3.829446435E-1
3.848702167E0,-1.518099308E-1,2.030372322E-1,-3.963678479E-1
3.858749167E0,-1.977446675E-1,1.812081039E-1,-3.918926716E-1
3.868795167E0,-2.416951656E-1,1.330212653E-1,-3.708987534E-1
3.878842167E0,-2.831406295E-1,6.944122910E-2,-3.359436989E-1
3.888888167E0,-3.134802878E-1,6.368733477E-3,-2.944997251E-1
3.898934167E0,-3.472816348E-1,-5.230603367E-2,-2.507061660E-1
3.908981167E0,-3.728362322E-1,-8.600799739E-2,-2.140565217E-1
3.919027167E0,-3.793684542E-1,-8.576937765E-2,-1.823750138E-1
3.929074167E0,-3.555112183E-1,-5.801074579E-2,-1.490329802E-1
3.939120167E0,-3.220275640E-1,-1.651497185E-2,-1.177341864E-1
3.949166167E0,-2.744843662E-1,2.765741572E-2,-8.511104435E-2
3.959213167E0,-2.134324759E-1,4.274236038E-2,-4.737458378E-2
3.969259167E0,-1.491034478E-1,5.661303550E-2,-1.000319235E-2
3.979305167E0,-7.633178681E-2,5.818483606E-2,3.148885816E-2
3.989352167E0,-3.325534053E-3,4.828313366E-2,7.677029073E-2
3.999398167E0,7.021738589E-2,3.690211475E-2,1.242584437E-1
4.009445167E0,1.206088513E-1,3.249619529E-2,1.667703837E-1
4.019491167E0,1.406954825E-1,4.353100434E-2,1.992417723E-1
4.029537167E0,1.212758571E-1,6.470041722E-2,2.304205894E-1
4.039584167E0,6.978150457E-2,1.097065136E-1,2.483822852E-1
4.049630167E0,-1.849553175E-2,1.398070306E-1,2.619272172E-1
4.059677167E0,-1.629693508E-1,8.209260553E-2,2.874096930E-1
4.069723167E0,-3.196352124E-1,-2.089899778E-2,3.095540702E-1
4.079769167E0,-4.546598792E-1,-1.051816568E-1,3.093442023E-1
4.089816167E0,-5.489622951E-1,-1.320529431E-1,2.911837101E-1
4.099862167E0,-5.863333941E-1,-8.126993477E-2,2.693053186E-1
4.109908167E0,-5.537952185E-1,4.113481194E-2,2.488795370E-1
4.119955167E0,-4.264948070E-1,2.150930315E-1,2.298235446E-1
4.130001167E0,-2.051009387E-1,4.004268646E-1,2.153404504E-1
4.140048167E0,5.590241775E-2,5.404398441E-1,2.111829817E-1
4.150094167E0,2.777134180E-1,6.103427410E-1,2.154783458E-1
4.160140167E0,4.279244840E-1,6.033135653E-1,2.175164521E-1
4.170187167E0,5.079755783E-1,5.296939015E-1,2.099376023E-1
4.180233167E0,5.253282189E-1,3.915591538E-1,2.030354887E-1
4.190279167E0,4.856326282E-1,2.365060598E-1,2.011198848E-1
4.200326000E0,4.217441976E-1,1.139519140E-1,2.105301619E-1
4.210372000E0,3.559846878E-1,3.354386985E-2,2.280338407E-1
4.220419000E0,3.107897639E-1,-1.942640543E-2,2.532222867E-1
4.230465000E0,3.009353280E-1,-4.968348518E-2,2.765907049E-1
4.240511000E0,3.298801482E-1,-5.961973965E-2,2.917696536E-1
4.250558000E0,3.844929338E-1,-5.998428166E-2,3.029150963E-1
4.260604000E0,4.459293783E-1,-4.549162462E-2,3.133853078E-1
4.270650000E0,5.033519268E-1,-2.867962234E-2,3.212935925E-1
4.280697000E0,5.425773859E-1,-3.713489324E-2,3.125951588E-1
4.290743000E0,5.381816030E-1,-3.117014468E-2,3.038128912E-1
4.300790000E0,5.105372071E-1,-3.814256564E-2,2.987225056E-1
4.310836000E0,4.713560939E-1,-4.718431458E-2,2.918047905E-1
4.320882000E0,4.403686225E-1,-3.158005700E-2,2.915406227E-1
4.330929000E0,4.246701002E-1,1.655660570E-3,2.923078835E-1
4.340975000E0,4.193445742E-1,4.367075488E-2,2.895269990E-1
4.351021000E0,4.128304422E-1,8.273891360E-2,2.844265699E-1
4.361068000E0,3.973388374E-1,1.029749438E-1,2.774203420E-1
4.371114000E0,3.702926040E-1,8.875808865E-2,2.738463581E-1
4.381161000E0,3.318756819E-1,4.589317366E-2,2.712364495E-1
4.391207000E0,2.923919559E-1,-2.284859307E-2,2.728120387E-1
4.401253000E0,2.514511645E-1,-1.104207858E-1,2.653394639E-1
4.411300000E0,2.137609720E-1,-1.886279583E-1,2.530672550E-1
4.421346000E0,1.765124053E-1,-2.492367029E-1,2.340530753E-1
4.431392000E0,1.298784018E-1,-2.887122631E-1,2.085314840E-1
4.441439000E0,7.591982186E-2,-3.073740900E-1,1.786044836E-1
4.451485000E0,2.551749162E-2,-3.103927374E-1,1.470114887E-1
4.461531000E0,-2.857210860E-2,-3.021747768E-1,1.078422517E-1
4.471578000E0,-8.024927229E-2,-2.913791537E-1,6.120301783E-2
4.481624000E0,-1.123555452E-1,-2.772753239E-1,1.118965074E-2
4.491671000E0,-1.300503165E-1,-2.717133164E-1,-3.458677977E-2
4.501717000E0,-1.330519617E-1,-2.714344859E-1,-7.794784009E-2
4.511763000E0,-1.247986332E-1,-2.846496105E-1,-1.169768348E-1
4.521810000E0,-1.015875861E-1,-3.084420264E-1,-1.506152302E-1
4.531856000E0,-7.523064315E-2,-3.456982076E-1,-1.761862040E-1
4.541902000E0,-5.057856068E-2,-3.730440736E-1,-1.983730048E-1
4.551949000E0,-5.201957002E-2,-3.846662045E-1,-2.321900874E-1
4.561995000E0,-8.671469986E-2,-3.834853768E-1,-2.689071000E-1
4.572042000E0,-1.596136689E-1,-3.678896427E-1,-3.139320910E-1
4.582088000E0,-2.555974722E-1,-3.320730329E-1,-3.632972538E-1
4.592134000E0,-3.614692986E-1,-2.737820446E-1,-4.075001478E-1
4.602181000E0,-4.493035376E-1,-1.801601946E-1,-4.518255293E-1
4.612227000E0,-5.078847408E-1,-7.388482243E-2,-4.938596189E-1
4.622273000E0,-5.831850767E-1,-4.407206923E-2,-5.147097111E-1
4.632320000E0,-7.068186998E-1,-1.293400973E-1,-5.145729780E-1
4.642366000E0,-8.545743227E-1,-3.208706379E-1,-5.076192021E-1
4.652413000E0,-9.882352948E-1,-5.149590373E-1,-5.164898038E-1
4.662459000E0,-1.061532497E0,-6.041771173E-1,-5.380321145E-1
4.672505000E0,-1.060934186E0,-5.677739382E-1,-5.560616851E-1
4.682552000E0,-9.918598533E-1,-4.457297921E-1,-5.546872020E-1
4.692598000E0,-8.428477645E-1,-3.278354406E-1,-5.187059045E-1
4.702644000E0,-5.974159241E-1,-2.333188057E-1,-4.603988826E-1
4.712691000E0,-2.762720883E-1,-1.888131648E-1,-4.081829190E-1
4.722737000E0,3.342877701E-2,-2.016240358E-1,-3.646343648E-1
4.732783000E0,2.558083832E-1,-2.734343410E-1,-3.167884946E-1
4.742830000E0,3.859021962E-1,-3.733476400E-1,-2.748557031E-1
4.752876000E0,4.310512841E-1,-4.641802311E-1,-2.439439446E-1
4.762923000E0,3.974323571E-1,-5.219652057E-1,-2.332681268E-1
4.772969000E0,3.199031651E-1,-5.283899903E-1,-2.398775965E-1
4.783015000E0,2.300494611E-1,-4.917089641E-1,-2.498612553E-1
4.793062000E0,1.503727883E-1,-4.342762232E-1,-2.676990330E-1
4.803108000E0,9.393187612E-2,-3.626347780E-1,-2.861075997E-1
4.813154000E0,7.582390308E-2,-2.741826773E-1,-3.004101217E-1
4.823201000E0,9.440983832E-2,-1.800236702E-1,-3.129677176E-1
4.833247000E0,1.457052529E-1,-9.246266633E-2,-3.360778391E-1
4.843293000E0,2.114962488E-1,-1.104423404E-2,-3.622654974E-1
4.853340000E0,2.865001857E-1,6.871742755E-2,-3.815186024E-1
4.863386000E0,3.543471694E-1,1.313286126E-1,-3.944589198E-1
4.873433000E0,4.074374735E-1,1.844541579E-1,-4.026056230E-1
4.883479000E0,4.575227201E-1,2.406021208E-1,-4.083170295E-1
4.893525000E0,4.983537197E-1,2.843120694E-1,-4.161979556E-1
4.903572000E0,5.201908350E-1,3.128529191E-1,-4.192304909E-1
4.913618000E0,5.159903169E-1,3.227510750E-1,-4.238868654E-1
4.923664000E0,4.827777445E-1,3.074794412E-1,-4.275753498E-1
4.933711000E0,4.289109707E-1,2.818583250E-1,-4.293814301E-1
4.943757000E0,3.582559824E-1,2.549950182E-1,-4.277481139E-1
4.953803000E0,2.839102447E-1,2.362636328E-1,-4.253726602E-1
4.963850000E0,2.136728317E-1,2.241313457E-1,-4.214442074E-1
4.973896000E0,1.538644582E-1,2.080494612E-1,-4.152890444E-1
4.983943000E0,9.332281351E-2,1.958492547E-1,-4.088809490E-1
4.993989000E0,2.635685913E-2,1.762288511E-1,-4.017694890E-1
5.004035000E0,-5.596357957E-2,1.508747488E-1,-3.869916201E-1
5.014082000E0,-1.465924233E-1,1.127311438E-1,-3.767982125E-1
5.024128000E0,-2.345545143E-1,7.384819537E-2,-3.757481277E-1
5.034174000E0,-3.195188344E-1,3.836518154E-2,-3.776974678E-1
5.044221000E0,-4.042310715E-1,2.001360431E-2,-3.760966659E-1
5.054267000E0,-4.925421178E-1,2.354534343E-2,-3.618887961E-1
5.064313000E0,-5.598729253E-1,5.995848030E-2,-3.382359147E-1
5.074360000E0,-6.034709811E-1,1.306773722E-1,-2.989233136E-1
5.084406000E0,-6.069275141E-1,2.067002356E-1,-2.571713328E-1
5.094452000E0,-5.627300739E-1,2.673333585E-1,-2.182638049E-1
5.104499000E0,-4.803830087E-1,2.848114371E-1,-1.789968312E-1
5.114545000E0,-3.717103601E-1,2.410859615E-1,-1.366137713E-1
5.124592000E0,-2.616983950E-1,1.756662130E-1,-8.369062841E-2
5.134638000E0,-1.700384617E-1,1.004453152E-1,-2.237921394E-2
5.144684000E0,-1.058728024E-1,4.175084084E-2,4.551994056E-2
5.154731000E0,-7.461994141E-2,2.745949896E-3,1.060850546E-1
5.164777000E0,-7.008618116E-2,-1.389774214E-2,1.632716507E-1
5.174823000E0,-9.337704629E-2,-1.197681855E-2,2.132206708E-1
5.184870000E0,-1.361330450E-1,1.019506250E-2,2.639158070E-1
5.194916250E0,-2.024842352E-1,3.594440967E-2,3.087699115E-1
5.204962250E0,-3.272877038E-1,-7.522108033E-3,3.533666730E-1
5.215009250E0,-4.962891936E-1,-1.151232272E-1,3.919168115E-1
5.225055250E0,-6.550263762E-1,-2.049897313E-1,4.100273550E-1
5.235101250E0,-7.606483102E-1,-2.309050709E-1,4.030212164E-1
5.245148250E0,-7.942363620E-1,-1.755158454E-1,3.873825967E-1
5.255194250E0,-7.429966927E-1,-3.499227017E-2,3.721399307E-1
5.265241250E0,-6.011386514E-1,1.491307020E-1,3.565114439E-1
5.275287250E0,-3.815102279E-1,3.331007361E-1,3.467719853E-1
5.285333250E0,-1.153677627E-1,4.884756804E-1,3.421578109E-1
5.295380250E0,1.327414960E-1,5.580475330E-1,3.429501057E-1
5.305426250E0,3.196959496E-1,5.556808114E-1,3.395918608E-1
5.315472250E0,4.494251013E-1,4.879680574E-1,3.402966857E-1
5.325519250E0,5.372321606E-1,3.741895556E-1,3.353277445E-1
5.335565250E0,5.759555101E-1,2.324997783E-1,3.337569535E-1
5.345611250E0,5.645366311E-1,1.082332134E-1,3.206366003E-1
5.355658250E0,5.116325021E-1,3.240446746E-2,3.068204522E-1
5.365704250E0,4.269826114E-1,1.341906004E-2,2.933744192E-1
5.375750250E0,3.356433809E-1,3.285576776E-2,2.817792892E-1
5.385797250E0,2.588554025E-1,5.705431476E-2,2.791906893E-1
5.395843250E0,2.149567604E-1,7.963299751E-2,2.778232098E-1
5.405889250E0,2.129484713E-1,9.219645709E-2,2.697282732E-1
5.415936250E0,2.519323528E-1,9.846173227E-2,2.574136257E-1
5.425982250E0,3.118574619E-1,1.046189591E-1,2.404921651E-1
5.436029250E0,3.675404191E-1,1.027199402E-1,2.310101688E-1
5.446075250E0,4.145417511E-1,1.122463346E-1,2.204310149E-1
5.456121250E0,4.392155409E-1,1.221167669E-1,2.154335082E-1
5.466168250E0,4.430241287E-1,1.344195008E-1,2.091015875E-1
5.476214250E0,4.308136404E-1,1.515342742E-1,2.029574662E-1
5.486260250E0,4.046203792E-1,1.766044796E-1,1.946321577E-1
5.496307250E0,3.717035055E-1,2.030818611E-1,1.898417324E-1
5.506353250E0,3.398505151E-1,2.251671851E-1,1.834594607E-1
5.516399250E0,3.216192722E-1,2.273723930E-1,1.790822446E-1
5.526446250E0,3.120768964E-1,2.060497999E-1,1.777722389E-1
5.536492250E0,3.082906306E-1,1.593906283E-1,1.818133444E-1
5.546538250E0,3.136169612E-1,1.023776680E-1,1.854464263E-1
5.556585250E0,3.042288125E-1,3.931977600E-2,1.911339164E-1
5.566631250E0,2.844087780E-1,-2.353721485E-2,1.886646301E-1
5.576677250E0,2.605105340E-1,-8.890581876E-2,1.692375541E-1
5.586724250E0,2.286032289E-1,-1.466591358E-1,1.452784240E-1
5.596770250E0,1.806784868E-1,-1.866181493E-1,1.113730446E-1
5.606816250E0,1.286666840E-1,-2.040224373E-1,7.756128162E-2
5.616863250E0,7.106632739E-2,-2.036603689E-1,5.020624399E-2
5.626909250E0,1.739644073E-2,-1.792141497E-1,2.851879224E-2
5.636955250E0,-2.943031490E-2,-1.457280666E-1,8.696266450E-4
5.647002250E0,-6.116427481E-2,-1.087668464E-1,-2.861902304E-2
5.657048250E0,-7.133197784E-2,-8.119851351E-2,-6.118419766E-2
5.667095250E0,-6.442187726E-2,-7.311102003E-2,-9.758853912E-2
5.677141250E0,-3.282725066E-2,-7.850372046E-2,-1.375977695E-1
5.687187250E0,9.817413986E-3,-9.458069503E-2,-1.686992347E-1
5.697234250E0,5.256653205E-2,-1.228748560E-1,-1.879125834E-1
5.707280250E0,8.642915636E-2,-1.608291566E-1,-1.990240961E-1
5.717326250E0,8.682384342E-2,-2.049801946E-1,-2.095839530E-1
5.727373250E0,4.744421318E-2,-2.422908098E-1,-2.134037316E-1
5.737419250E0,-1.572802849E-2,-2.603770792E-1,-2.213349193E-1
5.747465250E0,-9.141772985E-2,-2.512980700E-1,-2.367860377E-1
5.757512250E0,-1.507365704E-1,-2.086695284E-1,-2.587603331E-1
5.767558250E0,-1.883388162E-1,-1.585381925E-1,-2.787662745E-1
5.777604250E0,-2.479488552E-1,-1.562038511E-1,-2.824876308E-1
5.787651250E0,-3.447523713E-1,-2.301795334E-1,-2.757154703E-1
5.797697250E0,-4.946694374E-1,-3.609272540E-1,-2.682475746E-1
5.807743250E0,-6.705270410E-1,-4.466751814E-1,-2.634539008E-1
5.817790250E0,-7.969363332E-1,-4.087187648E-1,-2.695941031E-1
5.827836250E0,-8.536677957E-1,-2.840710878E-1,-2.859829366E-1
5.837882250E0,-8.501505852E-1,-1.492553949E-1,-2.912957668E-1
5.847929250E0,-7.777323127E-1,-5.976999551E-2,-2.871593535E-1
5.857975250E0,-6.258211732E-1,-4.467365146E-2,-2.717826366E-1
5.868021250E0,-4.233016074E-1,-5.739077926E-2,-2.446317375E-1
5.878068250E0,-1.911895573E-1,-7.008508593E-2,-2.131940871E-1
5.888114250E0,4.295769334E-2,-8.923400939E-2,-1.885358840E-1
5.898160250E0,2.580470145E-1,-1.231226400E-1,-1.671325266E-1
5.908207250E0,4.276427031E-1,-1.786181182E-1,-1.568212956E-1
5.918253250E0,5.327614546E-1,-2.586902380E-1,-1.643626541E-1
5.928299250E0,5.576174855E-1,-3.583641052E-1,-1.747111678E-1
5.938346250E0,5.193387866E-1,-4.544171095E-1,-1.895967126E-1
5.948392250E0,4.457422793E-1,-5.176674128E-1,-2.162493616E-1
5.958438250E0,3.545745909E-1,-5.445498228E-1,-2.467695326E-1
5.968485250E0,2.715441287E-1,-5.351020098E-1,-2.742621601E-1
5.978531250E0,2.011606097E-1,-4.877782762E-1,-3.139740527E-1
5.988577250E0,1.509997100E-1,-4.259449840E-1,-3.649969995E-1
5.998624250E0,1.169348657E-1,-3.624725044E-1,-4.129435420E-1
6.008670250E0,8.836873621E-2,-2.865535021E-1,-4.553490579E-1
6.018717250E0,7.676985115E-2,-2.173695713E-1,-4.823242724E-1
6.028763250E0,7.987483591E-2,-1.471252441E-1,-5.053174496E-1
6.038809250E0,7.744856924E-2,-7.903677970E-2,-5.167806745E-1
6.048856250E0,7.513135672E-2,-1.031976566E-2,-5.203229785E-1
6.058902250E0,7.156091183E-2,5.763032287E-2,-5.214086771E-1
6.068948250E0,6.691156328E-2,1.259963363E-1,-5.215104222E-1
6.078995250E0,5.988822505E-2,1.849389523E-1,-5.154498816E-1
6.089041250E0,5.356881022E-2,2.283548713E-1,-4.988908768E-1
6.099087250E0,4.835808277E-2,2.403704971E-1,-4.722729027E-1
6.109134250E0,4.398810118E-2,2.189307213E-1,-4.416553378E-1
6.119180250E0,4.091630876E-2,1.881472915E-1,-4.103336036E-1
6.129226250E0,4.466497153E-2,1.484384984E-1,-3.794806004E-1
6.139273250E0,4.665874317E-2,1.078479663E-1,-3.491074443E-1
6.149319250E0,3.378741816E-2,6.946276128E-2,-3.167990446E-1
6.159365250E0,5.154559854E-3,3.158440441E-2,-2.872156799E-1
6.169412250E0,-3.728770465E-2,-8.717743680E-3,-2.602897882E-1
6.179458250E0,-9.367204458E-2,-5.335964635E-2,-2.420833111E-1
6.189504250E0,-1.466636211E-1,-7.748655230E-2,-2.248702347E-1
6.199551125E0,-1.908100843E-1,-6.912563741E-2,-2.036092281E-1
6.209597125E0,-2.271126956E-1,-3.477139026E-2,-1.709128022E-1
6.219643125E0,-2.498852909E-1,1.512653846E-2,-1.351981163E-1
6.229690125E0,-2.620490193E-1,7.223457098E-2,-9.392578155E-2
6.239736125E0,-2.537455261E-1,1.288610101E-1,-5.118467286E-2
6.249782125E0,-2.280337662E-1,1.766106784E-1,-1.063511427E-2
6.259829125E0,-1.731376946E-1,2.063128054E-1,2.431135438E-2
6.269875125E0,-1.036987007E-1,2.204174399E-1,6.451789290E-2
6.279921125E0,-2.163911052E-2,2.163983136E-1,1.094203442E-1
6.289968125E0,6.323184073E-2,1.993381083E-1,1.523148119E-1
6.300014125E0,1.324763447E-1,1.756677777E-1,1.956389546E-1
6.310060125E0,1.823528260E-1,1.596387476E-1,2.307111919E-1
6.320107125E0,1.972292513E-1,1.439408362E-1,2.552928925E-1
6.330153125E0,1.721736938E-1,1.324421018E-1,2.783539891E-1
6.340199125E0,1.038316563E-1,1.189693436E-1,2.941197455E-1
6.350246125E0,9.436205728E-4,8.896777034E-2,3.121916950E-1
6.360292125E0,-1.459284574E-1,5.737005733E-3,3.411546350E-1
6.370338125E0,-3.076752722E-1,-9.297226369E-2,3.711764514E-1
6.380385125E0,-4.383054972E-1,-1.628350466E-1,3.895466030E-1
6.390431125E0,-5.042778850E-1,-1.725414693E-1,4.048459232E-1
6.400477125E0,-5.041794181E-1,-1.152567491E-1,4.278549850E-1
6.410524125E0,-4.421224296E-1,-1.700554974E-2,4.529955089E-1
6.420570125E0,-3.523887396E-1,8.760321885E-2,4.784316421E-1
6.430616125E0,-2.442598939E-1,1.687539965E-1,4.948175550E-1
6.440663125E0,-1.074334458E-1,2.376560420E-1,4.853717089E-1
6.450709125E0,6.672103703E-2,3.117899299E-1,4.554215372E-1
6.460755125E0,2.418323457E-1,4.004597366E-1,4.200659990E-1
6.470802125E0,3.844057620E-1,4.638608098E-1,3.946112394E-1
6.480848125E0,4.679210484E-1,4.976091981E-1,3.960812688E-1
6.490894125E0,4.719967246E-1,4.609342813E-1,4.074212909E-1
6.500941125E0,4.070894718E-1,3.786020875E-1,4.200088084E-1
6.510987125E0,2.872426808E-1,2.872740626E-1,4.369243979E-1
6.521033125E0,1.460295469E-1,2.393248379E-1,4.613352120E-1
6.531080125E0,1.813656837E-2,2.423230261E-1,4.890805483E-1
6.541126125E0,-6.297418475E-2,2.812019289E-1,5.064404607E-1
6.551172125E0,-1.031357199E-1,3.252596855E-1,5.197389722E-1
6.561219125E0,-1.164978966E-1,3.546288610E-1,5.307915807E-1
6.571265125E0,-1.084077507E-1,3.707551062E-1,5.357474685E-1
6.581311125E0,-8.522576839E-2,3.590314388E-1,5.401601195E-1
6.591357125E0,-4.591032118E-2,3.293901980E-1,5.425177813E-1
6.601404125E0,-6.467804778E-3,2.974156439E-1,5.474627018E-1
6.611450125E0,2.096009068E-2,2.806648910E-1,5.631447434E-1
6.621496125E0,3.863037378E-2,2.836886644E-1,5.772234201E-1
6.631543125E0,4.917995259E-2,2.988303304E-1,5.904651880E-1
6.641589125E0,5.932549387E-2,3.182909489E-1,6.038439274E-1
6.651635125E0,7.000264525E-2,3.324067593E-1,6.167671680E-1
6.661682125E0,8.203573525E-2,3.342118859E-1,6.322737336E-1
6.671728125E0,8.831787109E-2,3.161878884E-1,6.465384364E-1
6.681774125E0,8.490087837E-2,2.881037593E-1,6.648673415E-1
6.691821125E0,7.659713924E-2,2.388110608E-1,6.777370572E-1
6.701867125E0,5.901679769E-2,1.745351106E-1,6.844251156E-1
6.711913125E0,4.713803530E-2,1.075912416E-1,6.839073896E-1
6.721960125E0,4.221552238E-2,4.147256911E-2,6.828478575E-1
6.732006125E0,4.317985103E-2,-5.087742582E-3,6.794571280E-1
6.742052125E0,5.129786953E-2,-2.629171126E-2,6.698850989E-1
6.752099125E0,5.733099580E-2,-2.726935782E-2,6.560904384E-1
6.762145125E0,5.660324916E-2,-1.208147034E-2,6.404817700E-1
6.772191125E0,4.236945137E-2,2.429828281E-3,6.260466576E-1
6.782238125E0,2.432778478E-2,2.086984180E-2,6.056918502E-1
6.792284125E0,6.780482829E-3,3.715454042E-2,5.795254707E-1
6.802330125E0,-1.975601772E-3,5.585379899E-2,5.523915291E-1
6.812377125E0,6.883936003E-3,6.715200096E-2,5.201545358E-1
6.822423125E0,2.866322733E-2,5.659079924E-2,4.938137531E-1
6.832469125E0,6.285608560E-2,3.801924735E-2,4.737623036E-1
6.842516125E0,1.130179092E-1,1.016671211E-2,4.635861516E-1
6.852562125E0,1.591071039E-1,-2.807148732E-2,4.597890079E-1
6.862608125E0,1.854722947E-1,-5.963026360E-2,4.545682669E-1
6.872655125E0,1.815193594E-1,-6.625621021E-2,4.527557194E-1
6.882701125E0,1.496262550E-1,-5.119837821E-2,4.510178864E-1
6.892747125E0,1.113150865E-1,-1.607101597E-2,4.475765526E-1
6.902794125E0,8.366110176E-2,3.851410374E-2,4.443509579E-1
6.912840125E0,7.829749584E-2,1.055903435E-1,4.502227008E-1
6.922886125E0,1.039978713E-1,1.747490764E-1,4.582562745E-1
6.932933125E0,1.380157620E-1,2.017167807E-1,4.642808735E-1
6.942979125E0,1.285776645E-1,1.127277240E-1,4.879485071E-1
6.953025125E0,3.510044888E-2,-9.150237590E-2,5.451439023E-1
6.963071125E0,-1.815072298E-1,-3.908119500E-1,6.184124351E-1
6.973118125E0,-4.836263359E-1,-6.295222640E-1,6.889377236E-1
6.983164125E0,-7.435520291E-1,-6.838780642E-1,7.375158072E-1
6.993210125E0,-8.234412670E-1,-5.298834443E-1,7.694657445E-1
7.003257125E0,-6.289367676E-1,-1.445052922E-1,7.673493028E-1
7.013303125E0,-2.119656503E-1,3.133173883E-1,7.424756289E-1
7.023349125E0,2.834955156E-1,6.081900597E-1,7.251034379E-1
7.033396125E0,6.823366284E-1,6.305683255E-1,7.625797391E-1
7.043442125E0,8.843329549E-1,4.332906306E-1,8.428849578E-1
7.053488125E0,9.092574716E-1,1.317766011E-1,9.234040380E-1
7.063535125E0,8.222888708E-1,-1.383096129E-1,9.750476480E-1
7.073581125E0,6.847941279E-1,-2.757159173E-1,9.781835079E-1
7.083627125E0,5.687212944E-1,-2.449792176E-1,9.547747970E-1
7.093674125E0,4.951933026E-1,-1.152289584E-1,9.191145301E-1
7.103720125E0,4.448028505E-1,7.982662320E-2,8.846158385E-1
7.113766125E0,3.938201070E-1,3.002485037E-1,8.576545119E-1
7.123813125E0,3.459583521E-1,4.968441725E-1,8.304322362E-1
7.133859125E0,3.046495020E-1,6.366382837E-1,7.982633710E-1
7.143905125E0,2.611803710E-1,7.146725655E-1,7.647597194E-1
7.153952125E0,2.188076228E-1,7.787455320E-1,7.363858819E-1
7.163998125E0,1.799250543E-1,8.522661328E-1,7.217266560E-1
7.174044125E0,1.709890813E-1,8.141562939E-1,6.963976026E-1
7.184090125E0,1.613466740E-1,8.368818164E-1,6.683138013E-1
7.194137125E0,1.395082176E-1,8.855808973E-1,6.502549052E-1
7.204183375E0,1.059538573E-1,9.372217059E-1,6.437441707E-1
7.214229375E0,5.665128306E-2,9.836770892E-1,6.444453597E-1
7.224276375E0,-2.723922371E-4,1.003428102E0,6.618437767E-1
7.234322375E0,-4.630353302E-2,1.012356639E0,6.994673610E-1
7.244368375E0,-6.801634282E-2,9.925869703E-1,7.365838289E-1
7.254415375E0,-7.574856281E-2,9.496672153E-1,7.772279382E-1
7.264461375E0,-7.644186169E-2,8.925096989E-1,8.180553317E-1
7.274507375E0,-8.114766330E-2,8.372936249E-1,8.649434447E-1
7.284554375E0,-9.253931791E-2,7.873249650E-1,9.224007130E-1
7.294600375E0,-1.143892258E-1,7.496896982E-1,9.874148965E-1
7.304646375E0,-1.406648457E-1,7.280524969E-1,1.056326032E0
7.314693375E0,-1.609517485E-1,7.606277466E-1,1.131552935E0
7.324739375E0,-1.695637405E-1,7.899347544E-1,1.216955781E0
7.334785375E0,-1.570964307E-1,8.017203212E-1,1.289482474E0
7.344831375E0,-1.369278878E-1,8.273585439E-1,1.356371045E0
7.354878375E0,-1.296337545E-1,9.555479288E-1,1.400013685E0
7.364924375E0,-1.458624750E-1,1.100643277E0,1.433116913E0
7.374970375E0,-1.536844373E-1,1.191237926E0,1.468041420E0
7.385017375E0,-1.287454814E-1,1.217105746E0,1.504969835E0
7.395063375E0,-7.662741840E-2,1.192071557E0,1.556138158E0
7.405109375E0,-7.817617618E-3,1.154456019E0,1.612756610E0
7.415156375E0,7.905203104E-2,1.106279492E0,1.675293207E0
7.425202375E0,1.561046839E-1,1.051810026E0,1.744572163E0
7.435248375E0,2.203816772E-1,9.901585579E-1,1.810294747E0
7.445295375E0,2.631202936E-1,9.150922298E-1,1.867424011E0
7.455341375E0,2.934350669E-1,8.424848914E-1,1.906038761E0
7.465387375E0,3.084028661E-1,7.952736616E-1,1.930921555E0
7.475434375E0,3.109536469E-1,7.826108932E-1,1.946342945E0
7.485480375E0,3.040722311E-1,7.983412147E-1,1.959301829E0
7.495526375E0,2.725390494E-1,8.270679116E-1,1.967874289E0
7.505572375E0,2.069061399E-1,8.301503062E-1,1.970679402E0
7.515619375E0,8.815924078E-2,7.782735229E-1,1.976290703E0
7.525665375E0,-5.910110474E-2,6.866533160E-1,1.982500553E0
7.535711375E0,-1.971087605E-1,6.089816689E-1,1.976987481E0
7.545758375E0,-2.909640372E-1,5.788500905E-1,1.965626836E0
7.555804375E0,-3.206513822E-1,5.751573443E-1,1.939560533E0
7.565850375E0,-2.902036011E-1,5.917772651E-1,1.916477561E0
7.575897375E0,-1.878644377E-1,6.817255616E-1,1.907195926E0
7.585943375E0,1.244477741E-2,8.927900195E-1,1.907233834E0
7.595989375E0,2.915230393E-1,1.172739148E0,1.907065272E0
7.606036375E0,5.615599751E-1,1.395876288E0,1.911028028E0
7.616082375E0,7.446821332E-1,1.504074931E0,1.937887907E0
7.626128375E0,8.139230013E-1,1.483971000E0,1.961122394E0
7.636174375E0,7.746000886E-1,1.346842885E0,1.983053684E0
7.646221375E0,6.330429316E-1,1.135101676E0,2.003000736E0
7.656267375E0,4.221719503E-1,9.020050764E-1,2.011260033E0
7.666313375E0,1.867882311E-1,6.976162195E-1,1.999488473E0
7.676360375E0,-4.735901207E-2,5.739113092E-1,1.959164500E0
7.686406375E0,-2.586492896E-1,5.298575163E-1,1.901112556E0
7.696452375E0,-4.286758900E-1,5.496908426E-1,1.833481669E0
7.706499375E0,-5.643950105E-1,6.059145331E-1,1.772866964E0
7.716545375E0,-6.608432531E-1,6.736962199E-1,1.711623073E0
7.726591375E0,-7.150849700E-1,7.243625522E-1,1.647068024E0
7.736637375E0,-7.341918349E-1,7.208011150E-1,1.581263900E0
7.746684375E0,-7.250497341E-1,6.684746146E-1,1.521177530E0
7.756730375E0,-6.914777160E-1,5.933297873E-1,1.463608503E0
7.766776375E0,-6.222481132E-1,5.388908982E-1,1.414583564E0
7.776823375E0,-5.283868313E-1,5.248784423E-1,1.379625559E0
7.786869375E0,-4.173732698E-1,5.647302866E-1,1.356896400E0
7.796915375E0,-2.891644239E-1,6.441417933E-1,1.348484516E0
7.806962375E0,-1.571116298E-1,7.243670225E-1,1.352473378E0
7.817008375E0,-3.974613547E-2,7.743473649E-1,1.359799981E0
7.827054375E0,6.434026361E-2,7.817852497E-1,1.367764235E0
7.837101375E0,1.458657533E-1,7.545709610E-1,1.372329473E0
7.847147375E0,2.100265920E-1,7.104401588E-1,1.377876639E0
7.857193375E0,2.512302101E-1,6.637507081E-1,1.378472686E0
7.867239375E0,2.878839374E-1,6.277266145E-1,1.368562579E0
7.877286375E0,3.154146075E-1,6.038247347E-1,1.347827554E0
7.887332375E0,3.393722475E-1,5.937342644E-1,1.316830993E0
7.897378375E0,3.719853163E-1,5.965270996E-1,1.282693028E0
7.907425375E0,4.163281918E-1,6.033453941E-1,1.237850666E0
7.917471375E0,4.593089521E-1,6.020569205E-1,1.193757057E0
7.927517375E0,4.907780588E-1,5.811323524E-1,1.145991206E0
7.937564375E0,5.178797245E-1,5.290331841E-1,1.097566128E0
7.947610375E0,5.501880646E-1,4.554387927E-1,1.044432163E0
7.957656375E0,5.700619221E-1,3.651648164E-1,9.907367229E-1
7.967702375E0,5.500527620E-1,2.552549243E-1,9.415913820E-1
7.977749375E0,4.464366436E-1,1.206233501E-1,9.011059999E-1
7.987795375E0,2.287251204E-1,-7.295252383E-2,8.449186683E-1
7.997841375E0,-1.114646867E-1,-3.621856570E-1,7.471284270E-1
8.007888375E0,-4.909839928E-1,-6.362792253E-1,5.928627253E-1
8.017934375E0,-8.016707301E-1,-7.628776431E-1,4.064797759E-1
8.027980375E0,-1.000981212E0,-6.549888849E-1,2.476079017E-1
8.038027375E0,-1.033745527E0,-3.108509481E-1,1.479809135E-1
8.048073375E0,-8.814670444E-1,2.049120963E-1,1.329095066E-1
8.058119375E0,-6.135226488E-1,6.959928274E-1,2.170502245E-1
8.068165375E0,-2.827919424E-1,9.638184905E-1,3.474333584E-1
8.078212375E0,4.487220943E-2,9.520558119E-1,4.580946267E-1
8.088258375E0,3.426010013E-1,7.663554549E-1,5.211724639E-1
8.098304375E0,5.960761309E-1,5.267524719E-1,5.497023463E-1
8.108351375E0,7.822143435E-1,3.137909472E-1,5.617544055E-1
8.118397375E0,8.905762434E-1,2.056186646E-1,5.844237804E-1
8.128443375E0,8.948377967E-1,1.988292187E-1,6.226735115E-1
8.138490375E0,7.929042578E-1,2.528887391E-1,6.773186326E-1
8.148536375E0,6.169146299E-1,3.293142319E-1,7.232081890E-1
8.158582375E0,4.141000211E-1,4.184606373E-1,7.450975180E-1
8.168628375E0,2.055718899E-1,5.027749538E-1,7.364954352E-1
8.178675375E0,3.294046223E-2,5.628476143E-1,7.083213329E-1
8.188721375E0,-9.479653090E-2,5.832322836E-1,6.768569350E-1
8.198766625E0,-1.794466972E-1,5.556253791E-1,6.506549120E-1
8.208813625E0,-2.410515994E-1,4.987239838E-1,6.282203794E-1
8.218859625E0,-2.912079692E-1,4.353348911E-1,6.081995368E-1
8.228905625E0,-3.411849737E-1,3.752670884E-1,5.863326192E-1
8.238951625E0,-3.951147795E-1,3.640567660E-1,5.701496601E-1
8.248998625E0,-4.602400661E-1,4.123118520E-1,5.531814694E-1
8.259044625E0,-5.312620401E-1,5.099126697E-1,5.395532250E-1
8.269090625E0,-5.876750350E-1,6.331983805E-1,5.344153643E-1
8.279137625E0,-6.277121902E-1,7.521095872E-1,5.358707905E-1
8.289183625E0,-6.400801539E-1,8.491628170E-1,5.450411439E-1
8.299229625E0,-6.260223985E-1,9.023514390E-1,5.597375035E-1
8.309276625E0,-5.887224674E-1,9.135901928E-1,5.814390182E-1
8.319322625E0,-5.306801796E-1,8.858270049E-1,6.046447754E-1
8.329368625E0,-4.618212581E-1,8.270239830E-1,6.234827042E-1
8.339414625E0,-3.750570714E-1,7.452375293E-1,6.408516169E-1
8.349461625E0,-2.767310143E-1,6.598952413E-1,6.609789133E-1
8.359507625E0,-1.679014713E-1,5.720479488E-1,6.778334975E-1
8.369553625E0,-7.162772864E-2,4.923401475E-1,6.956957579E-1
8.379600625E0,-9.397059330E-4,4.272263646E-1,7.045592666E-1
8.389646625E0,4.425424710E-2,3.847173154E-1,7.064998150E-1
8.399692625E0,4.815630987E-2,3.676946759E-1,7.016246319E-1
8.409738625E0,1.624515094E-2,3.722041547E-1,6.895485520E-1
8.419785625E0,-3.814299032E-2,3.876118660E-1,6.742209792E-1
8.429831625E0,-9.422181547E-2,4.314826131E-1,6.535568237E-1
8.439877625E0,-1.434902996E-1,4.924093187E-1,6.259039044E-1
8.449924625E0,-1.671810746E-1,5.502077341E-1,5.970407724E-1
8.459970625E0,-1.592123508E-1,6.032304764E-1,5.759930015E-1
8.470016625E0,-1.164011061E-1,6.287548542E-1,5.797614455E-1
8.480063625E0,-4.014095291E-2,6.058300734E-1,5.972325802E-1
8.490109625E0,4.818456993E-2,5.438492894E-1,6.245565414E-1
8.500155625E0,1.225754395E-1,4.496146441E-1,6.447947025E-1
8.510201625E0,1.822276860E-1,3.380327821E-1,6.610577106E-1
8.520248625E0,2.266705185E-1,2.305076569E-1,6.638289690E-1
8.530294625E0,2.366994321E-1,1.477333456E-1,6.533481479E-1
8.540340625E0,2.161608636E-1,8.062141389E-2,6.292657256E-1
8.550387625E0,1.732975096E-1,2.169232816E-2,5.907843709E-1
8.560433625E0,1.129289791E-1,-2.579263411E-2,5.398131013E-1
8.570479625E0,4.506434873E-2,-5.754458159E-2,4.754177630E-1
8.580525625E0,-1.967736147E-2,-7.044946402E-2,4.008942544E-1
8.590572625E0,-8.616229147E-2,-7.090711594E-2,3.218048811E-1
8.600618625E0,-1.571206152E-1,-5.760861933E-2,2.418045700E-1
8.610664625E0,-2.321619689E-1,-4.811591282E-2,1.670994908E-1
8.620711625E0,-2.972570658E-1,-4.189024121E-2,9.623117745E-2
8.630757625E0,-3.419931829E-1,-3.954938799E-2,3.013948724E-2
8.640803625E0,-3.713382781E-1,-3.698449954E-2,-2.869320475E-2
8.650849625E0,-3.800047338E-1,-4.277537763E-2,-8.178897202E-2
8.660896625E0,-3.589495420E-1,-5.799427629E-2,-1.264001131E-1
8.670942625E0,-3.092067838E-1,-5.942295492E-2,-1.653324962E-1
8.680988625E0,-2.321391702E-1,-3.851953521E-2,-1.944131404E-1
8.691035625E0,-1.376720816E-1,-3.034590045E-3,-2.214538902E-1
8.701081625E0,-4.814539477E-2,3.997626156E-2,-2.411415875E-1
8.711127625E0,1.883351617E-2,6.595837325E-2,-2.528814971E-1
8.721173625E0,6.091146544E-2,6.373888999E-2,-2.581766546E-1
8.731220625E0,8.199962229E-2,3.811318055E-2,-2.617610693E-1
8.741266625E0,7.751938701E-2,-1.008922001E-3,-2.671054900E-1
8.751312625E0,6.463725865E-2,-3.382833302E-2,-2.754741013E-1
8.761359625E0,5.612285808E-2,-6.957487762E-2,-2.920514643E-1
8.771405625E0,3.787699714E-2,-9.421648830E-2,-3.083598912E-1
8.781451625E0,1.149758790E-2,-1.113472655E-1,-3.234070241E-1
8.791497625E0,-1.967559196E-2,-1.353782713E-1,-3.282108903E-1
8.801544625E0,-5.595583096E-2,-1.682113260E-1,-3.253778219E-1
8.811590625E0,-8.183600754E-2,-2.009703964E-1,-3.091774285E-1
8.821636625E0,-8.389649540E-2,-2.193009257E-1,-2.874921262E-1
8.831683625E0,-6.013295054E-2,-2.194466591E-1,-2.647773325E-1
8.841729625E0,-2.226652764E-2,-2.001792192E-1,-2.372836769E-1
8.851775625E0,2.282916382E-2,-1.757873595E-1,-2.148800939E-1
8.861821625E0,7.166914642E-2,-1.537334621E-1,-1.933580190E-1
8.871868625E0,1.093017012E-1,-1.467975080E-1,-1.706537306E-1
8.881914625E0,1.279222518E-1,-1.605141163E-1,-1.459305286E-1
8.891960625E0,1.300860345E-1,-1.788736731E-1,-1.156001687E-1
8.902007625E0,1.208685637E-1,-1.992535144E-1,-8.272451162E-2
8.912053625E0,9.674067795E-2,-2.214893401E-1,-5.152658001E-2
8.922099625E0,7.101640105E-2,-2.403812706E-1,-2.860208973E-2
8.932145625E0,4.399691522E-2,-2.521124482E-1,-1.233764272E-2
8.942192625E0,1.405952126E-2,-2.490434051E-1,-1.051965170E-3
8.952238625E0,-1.638085768E-2,-2.383703142E-1,7.472777739E-3
8.962284625E0,-3.735990822E-2,-2.201178074E-1,1.521458756E-2
8.972330625E0,-5.466140434E-2,-2.092963010E-1,2.629876137E-2
8.982377625E0,-7.170563936E-2,-2.118294984E-1,4.110940173E-2
8.992423625E0,-8.095765114E-2,-2.328706235E-1,5.460502952E-2
9.002469625E0,-7.938212156E-2,-2.630916536E-1,7.287538052E-2
9.012516625E0,-7.141295820E-2,-2.914401591E-1,9.053713828E-2
9.022562625E0,-5.862845108E-2,-3.166067898E-1,1.070442051E-1
9.032608625E0,-4.566810653E-2,-3.349220753E-1,1.192448735E-1
9.042654625E0,-3.314485773E-2,-3.404960930E-1,1.298005879E-1
9.052701625E0,-1.350853685E-2,-3.287382126E-1,1.331571788E-1
9.062747625E0,7.035088260E-3,-3.075373173E-1,1.328703612E-1
9.072793625E0,2.491643280E-2,-2.791643143E-1,1.279474050E-1
9.082840625E0,4.569894075E-2,-2.426528931E-1,1.192660183E-1
9.092886625E0,6.761578470E-2,-2.015050650E-1,1.081308201E-1
9.102932625E0,8.364854753E-2,-1.500956714E-1,9.680572152E-2
9.112978625E0,9.611352533E-2,-1.040062979E-1,8.711047471E-2
9.123025625E0,1.063499153E-1,-6.405408680E-2,9.061173350E-2
9.133071625E0,1.287481338E-1,-4.287964851E-2,9.961836785E-2
9.143117625E0,1.598016620E-1,-5.512246490E-2,1.059537604E-1
9.153164625E0,1.898189634E-1,-9.417434782E-2,1.100551635E-1
9.163210625E0,2.155951560E-1,-1.415053755E-1,1.191456020E-1
9.173256625E0,2.441685349E-1,-1.761666983E-1,1.316761523E-1
9.183302625E0,2.777006328E-1,-1.869841963E-1,1.366962045E-1
9.193349625E0,3.007555604E-1,-1.708989292E-1,1.410009861E-1
9.203396125E0,3.035103381E-1,-1.260883212E-1,1.409192234E-1
9.213442125E0,2.624802291E-1,-8.963786066E-2,1.357605010E-1
9.223488125E0,1.729868352E-1,-8.312430233E-2,1.202103049E-1
9.233535125E0,3.426606953E-2,-1.224247888E-1,9.895991534E-2
9.243581125E0,-1.694585681E-1,-2.054304481E-1,7.821548730E-2
9.253627125E0,-3.961878419E-1,-2.729611993E-1,4.713502899E-2
9.263674125E0,-5.711548924E-1,-2.620694041E-1,-2.567811869E-3
9.273720125E0,-6.571996212E-1,-1.457560658E-1,-3.729049861E-2
9.283766125E0,-6.342051029E-1,8.506436646E-2,-2.212246507E-2
9.293812125E0,-4.863887429E-1,3.842552304E-1,4.162815213E-2
9.303859125E0,-2.654486299E-1,6.381905675E-1,1.489639282E-1
9.313905125E0,-1.708851568E-2,7.720733285E-1,2.655281425E-1
9.323951125E0,1.950410604E-1,7.411596179E-1,3.648081124E-1
9.333998125E0,3.502595425E-1,6.121451855E-1,4.381808043E-1
9.344044125E0,4.615687728E-1,5.203567147E-1,4.913928807E-1
9.354090125E0,5.393412709E-1,5.253585577E-1,5.437525511E-1
9.364136125E0,5.962091088E-1,6.151310802E-1,5.948966742E-1
9.374183125E0,6.351405382E-1,7.790293694E-1,6.502502561E-1
9.384229125E0,6.596056819E-1,9.867066741E-1,6.959735155E-1
9.394275125E0,6.794711947E-1,1.167250752E0,7.238250375E-1
9.404321125E0,6.982305050E-1,1.289724708E0,7.586472034E-1
9.414368125E0,7.047012448E-1,1.356916904E0,7.872123718E-1
9.424414125E0,7.037414312E-1,1.371562958E0,8.131768703E-1
9.434460125E0,7.018063664E-1,1.346318603E0,8.419713974E-1
9.444507125E0,6.911936402E-1,1.266007781E0,8.620548248E-1
9.454553125E0,6.684426665E-1,1.133573055E0,8.707516789E-1
9.464599125E0,6.297789216E-1,9.742076397E-1,8.736119270E-1
9.474645125E0,5.729343891E-1,8.077211976E-1,8.692509532E-1
9.484692125E0,4.998601675E-1,6.521446705E-1,8.610383272E-1
9.494738125E0,4.133704007E-1,5.308184028E-1,8.446518183E-1
9.504784125E0,3.100826442E-1,4.552389383E-1,8.260086179E-1
9.514830125E0,1.879189759E-1,4.050925970E-1,7.970934510E-1
9.524877125E0,6.550145894E-2,3.746100366E-1,7.592512369E-1
9.534923125E0,-4.456862435E-2,3.417555988E-1,7.177348137E-1
9.544969125E0,-1.344263405E-1,3.026404083E-1,6.683680415E-1
9.555016125E0,-2.013142705E-1,2.487842888E-1,6.106084585E-1
9.565062125E0,-2.409620881E-1,1.966297328E-1,5.520316958E-1
9.575108125E0,-2.460126728E-1,1.754020005E-1,5.039278865E-1
9.585154125E0,-2.401803583E-1,1.959512234E-1,4.747010171E-1
9.595201125E0,-2.311341912E-1,2.332706600E-1,4.675030708E-1
9.605247125E0,-2.305078208E-1,2.755110562E-1,4.722682834E-1
9.615293125E0,-2.249068022E-1,3.000231683E-1,4.755327106E-1
9.625339125E0,-2.111230791E-1,2.985320687E-1,4.654814303E-1
9.635386125E0,-1.904425919E-1,2.732468843E-1,4.448170960E-1
9.645432125E0,-1.635164320E-1,2.398670912E-1,4.156573415E-1
9.655478125E0,-1.300997734E-1,2.105560303E-1,3.872940540E-1
9.665524125E0,-9.279287606E-2,1.914672852E-1,3.694972098E-1
9.675571125E0,-5.369217321E-2,1.876902580E-1,3.623797894E-1
9.685617125E0,-1.194419432E-2,1.969386190E-1,3.560452163E-1
9.695663125E0,4.091335833E-2,2.052249610E-1,3.508626819E-1
9.705710125E0,9.840035439E-2,2.041831315E-1,3.390281200E-1
9.715756125E0,1.446734369E-1,1.892136484E-1,3.229023516E-1
9.725802125E0,1.801411510E-1,1.657781005E-1,2.992401719E-1
9.735848125E0,1.998432130E-1,1.449085921E-1,2.755469084E-1
9.745895125E0,2.023391277E-1,1.208021939E-1,2.499334216E-1
9.755941125E0,1.923284829E-1,8.400079608E-2,2.267121673E-1
9.765987125E0,1.735968739E-1,3.953666240E-2,2.035866082E-1
9.776033125E0,1.466684490E-1,1.218258403E-3,1.755367815E-1
9.786080125E0,1.224818826E-1,-1.747473516E-2,1.570693552E-1
9.796126125E0,1.026547626E-1,-1.453907508E-2,1.420541704E-1
9.806172125E0,9.341119230E-2,2.414341317E-3,1.286438257E-1
9.816218125E0,9.442168474E-2,1.533357613E-2,1.188165545E-1
9.826265125E0,1.038109213E-1,8.398171514E-3,1.078192964E-1
9.836311125E0,1.273505241E-1,-1.647279784E-2,9.697670490E-2
9.846357125E0,1.557294279E-1,-4.795429111E-2,8.460365981E-2
9.856404125E0,1.761089414E-1,-7.874822617E-2,7.220741361E-2
9.866450125E0,1.855684817E-1,-9.584545344E-2,7.288333029E-2
9.876496125E0,1.763429642E-1,-9.707776457E-2,8.244831860E-2
9.886542125E0,1.559697837E-1,-8.134247363E-2,9.195126593E-2
9.896589125E0,1.346837580E-1,-5.369472504E-2,1.042333394E-1
9.906635125E0,1.192243695E-1,-2.494350262E-2,1.212064624E-1
9.916681125E0,1.169033796E-1,-6.272503175E-3,1.420436800E-1
9.926727125E0,1.327728927E-1,-6.270905957E-3,1.610911340E-1
9.936774125E0,1.752230078E-1,-1.972576417E-2,1.682175100E-1
9.946820125E0,2.239497900E-1,-2.763109282E-2,1.771726608E-1
9.956866125E0,2.667175829E-1,-3.203962743E-2,1.886068583E-1
9.966912125E0,2.869757116E-1,-2.778282948E-2,2.048816979E-1
9.976959125E0,2.827470601E-1,-6.916842423E-3,2.241897881E-1
9.987005125E0,2.623139322E-1,2.234357595E-2,2.489126921E-1
9.997051125E0,2.342793494E-1,5.506113172E-2,2.693479061E-1
1.000709712E1,2.106488645E-1,8.392207325E-2,2.833252549E-1
1.001714412E1,1.926083714E-1,1.086657569E-1,2.991341352E-1
1.002719012E1,1.813325435E-1,1.290836781E-1,3.203310370E-1
1.003723612E1,1.751792878E-1,1.426460147E-1,3.459175527E-1
1.004728212E1,1.698793322E-1,1.571216285E-1,3.748400211E-1
1.005732912E1,1.666388512E-1,1.782302707E-1,4.015636444E-1
1.006737512E1,1.654505432E-1,1.930038929E-1,4.284743667E-1
1.007742112E1,1.617361605E-1,1.975662708E-1,4.597433209E-1
1.008746812E1,1.510009468E-1,1.875464022E-1,4.925566614E-1
1.009751412E1,1.428749114E-1,1.776840687E-1,5.300659537E-1
1.010756012E1,1.385195702E-1,1.668165028E-1,5.651520491E-1
1.011760612E1,1.287789345E-1,1.489770859E-1,5.996291637E-1
1.012765312E1,1.023092419E-1,1.274779141E-1,6.254200339E-1
1.013769912E1,5.778626353E-2,1.151207685E-1,6.532808542E-1
1.014774512E1,7.157175802E-3,1.051656082E-1,6.825250387E-1
1.015779112E1,-3.729307279E-2,1.047273353E-1,7.042241096E-1
1.016783812E1,-7.549399137E-2,1.184077263E-1,7.220552564E-1
1.017788412E1,-9.842996299E-2,1.500876397E-1,7.437437177E-1
1.018793012E1,-1.048641577E-1,1.917863488E-1,7.615708709E-1
1.019797612E1,-9.152765572E-2,2.338426560E-1,7.770335078E-1
1.020802325E1,-6.760288030E-2,2.602513433E-1,7.893423438E-1
1.021806925E1,-3.889531642E-2,2.631196678E-1,8.012968302E-1
1.022811525E1,-7.936600596E-3,2.431611270E-1,8.108482361E-1
1.023816125E1,2.345972136E-2,2.074777037E-1,8.288239837E-1
1.024820825E1,4.872326553E-2,1.782596260E-1,8.396369219E-1
1.025825425E1,7.453803718E-2,1.618681401E-1,8.274458647E-1
1.026830025E1,1.009885520E-1,1.808482260E-1,7.973641157E-1
1.027834625E1,1.418356448E-1,2.546982765E-1,7.600706816E-1
1.028839325E1,2.120773196E-1,3.602026105E-1,7.272970676E-1
1.029843925E1,3.039844334E-1,4.501158595E-1,7.115549445E-1
1.030848525E1,4.076365232E-1,5.003963113E-1,7.159227729E-1
1.031853125E1,5.088330507E-1,5.082643628E-1,7.410340309E-1
1.032857825E1,6.030628681E-1,4.788273573E-1,7.743307352E-1
1.033862425E1,6.676774621E-1,4.281571805E-1,8.015606999E-1
1.034867025E1,6.898879409E-1,3.715815246E-1,8.109009266E-1
1.035871625E1,6.596655250E-1,2.969407141E-1,7.861947417E-1
1.036876325E1,5.878845453E-1,2.307747304E-1,7.401335239E-1
1.037880925E1,4.806009233E-1,1.480024606E-1,6.851413250E-1
1.038885525E1,3.489422202E-1,5.651781335E-2,6.301974058E-1
1.039890125E1,2.143464833E-1,-1.679087803E-2,5.652712584E-1
1.040894825E1,8.095460385E-2,-5.873300135E-2,5.059080720E-1
1.041899425E1,-6.459365040E-2,-8.760261536E-2,4.575816393E-1
1.042904025E1,-2.103212923E-1,-8.569765836E-2,4.232401848E-1
1.043908625E1,-3.567398489E-1,-7.173218578E-2,3.814944923E-1
1.044913325E1,-4.892632663E-1,-6.614141166E-2,3.416104615E-1
1.045917925E1,-6.101843715E-1,-1.081181318E-1,3.153285682E-1
1.046922525E1,-6.933991313E-1,-1.819585264E-1,3.014338017E-1
1.047927125E1,-7.225644588E-1,-2.665486336E-1,2.984959185E-1
1.048931825E1,-6.813297272E-1,-3.042861521E-1,3.225221634E-1
1.049936425E1,-5.800359249E-1,-2.676348984E-1,3.802140653E-1
1.050941025E1,-4.311183393E-1,-1.672898978E-1,4.457899034E-1
1.051945725E1,-2.303151339E-1,-3.740720823E-2,5.172041655E-1
1.052950325E1,-1.801139116E-2,9.724914283E-2,5.818701982E-1
1.053954925E1,1.564463824E-1,1.968629211E-1,6.259154677E-1
1.054959525E1,2.949706912E-1,2.565656602E-1,6.370307207E-1
1.055964125E1,3.697246015E-1,2.883520126E-1,6.284184456E-1
1.056968825E1,3.785756230E-1,3.093430400E-1,6.077544689E-1
1.057973425E1,3.569075167E-1,3.421903253E-1,5.817440152E-1
1.058978025E1,3.290750980E-1,3.989731669E-1,5.496851802E-1
1.059982725E1,2.923237383E-1,4.753506780E-1,5.299128294E-1
1.060987325E1,2.594153285E-1,5.541176796E-1,5.086687803E-1
1.061991925E1,2.347273380E-1,6.192418933E-1,4.810959697E-1
1.062996525E1,2.044727653E-1,6.745038033E-1,4.600133300E-1
1.064001225E1,1.896982342E-1,7.220416069E-1,4.463626444E-1
1.065005825E1,1.868081689E-1,7.707899809E-1,4.287032187E-1
1.066010425E1,1.966925263E-1,8.177050948E-1,4.182112515E-1
1.067015025E1,1.726407111E-1,8.288392425E-1,4.179436266E-1
1.068019725E1,1.305520982E-1,8.167962432E-1,4.126734436E-1
1.069024325E1,6.911644340E-2,7.784786820E-1,4.050331116E-1
1.070028925E1,-1.520195045E-2,7.106361985E-1,3.900296986E-1
1.071033525E1,-9.529944509E-2,6.412299871E-1,3.655206263E-1
1.072038225E1,-1.477763653E-1,5.940739512E-1,3.467658758E-1
1.073042825E1,-1.537525058E-1,5.895681381E-1,3.463261724E-1
1.074047425E1,-1.140012890E-1,6.160658598E-1,3.806511462E-1
1.075052025E1,-3.248512745E-2,6.323907971E-1,4.286865890E-1
1.076056725E1,6.289988756E-2,6.037560701E-1,4.786340594E-1
1.077061325E1,1.574604809E-1,5.179538131E-1,5.210193396E-1
1.078065925E1,2.364153415E-1,3.805232644E-1,5.477579832E-1
1.079070525E1,3.102911711E-1,2.397136986E-1,5.645963550E-1
1.080075225E1,3.970534503E-1,1.262999624E-1,5.588147044E-1
1.081079825E1,4.679886103E-1,5.155329034E-2,5.572836399E-1
1.082084425E1,4.840017259E-1,-2.069936506E-2,5.786086321E-1
1.083089025E1,4.625576735E-1,-1.083200276E-1,6.147165895E-1
1.084093625E1,4.331308305E-1,-1.713275760E-1,6.303310990E-1
1.085098325E1,3.957887888E-1,-2.052940726E-1,6.154368520E-1
1.086102925E1,3.554158211E-1,-2.215252370E-1,5.581682324E-1
1.087107525E1,3.438228071E-1,-1.425249577E-1,4.379518032E-1
1.088112125E1,2.999937236E-1,1.722453535E-2,2.985614836E-1
1.089116825E1,2.342759669E-1,1.600394696E-1,1.758472919E-1
1.090121425E1,1.338835806E-1,2.748366296E-1,9.541396797E-2
1.091126025E1,-2.887124754E-2,3.495899737E-1,5.103664845E-2
1.092130625E1,-2.398191690E-1,3.583570123E-1,5.632865429E-2
1.093135325E1,-4.926926792E-1,2.842116654E-1,9.849394858E-2
1.094139925E1,-7.545145750E-1,1.550877243E-1,1.489511728E-1
1.095144525E1,-9.964436293E-1,1.997038536E-2,1.809852719E-1
1.096149125E1,-1.182613492E0,-8.436071128E-2,1.938918084E-1
1.097153825E1,-1.292828441E0,-1.092484817E-1,2.186826468E-1
1.098158425E1,-1.322819352E0,-4.998860508E-2,2.693792284E-1
1.099163025E1,-1.256019354E0,6.888558716E-2,3.459919691E-1
1.100167625E1,-1.103645086E0,2.112621963E-1,4.235463738E-1
1.101172325E1,-8.649477959E-1,3.272249997E-1,4.798557162E-1
1.102176925E1,-5.645991564E-1,3.687482178E-1,5.061172247E-1
1.103181525E1,-2.428490669E-1,3.340834677E-1,5.078775883E-1
1.104186125E1,7.322190702E-2,2.311099917E-1,4.913296402E-1
1.105190825E1,3.644510806E-1,9.134037793E-2,4.621933103E-1
1.106195425E1,6.172751784E-1,-3.955721110E-2,4.254225791E-1
1.107200025E1,8.239106536E-1,-1.573602706E-1,3.808260858E-1
1.108204625E1,9.673313498E-1,-2.373797446E-1,3.413213491E-1
1.109209325E1,1.046002984E0,-2.677815855E-1,2.972867787E-1
1.110213925E1,1.056346774E0,-2.711079121E-1,2.508301735E-1
1.111218525E1,1.024964571E0,-2.443420440E-1,1.787874103E-1
1.112223125E1,9.583549500E-1,-1.748031825E-1,7.333100587E-2
1.113227825E1,8.452001810E-1,-1.077879146E-1,-4.399881139E-2
1.114232425E1,7.017294765E-1,-9.264443815E-2,-1.559832692E-1
1.115237025E1,5.437180400E-1,-1.246697530E-1,-2.770649493E-1
1.116241625E1,3.806441724E-1,-1.822861880E-1,-3.847662508E-1
1.117246325E1,2.266439348E-1,-2.487911880E-1,-4.503782988E-1
1.118250925E1,8.850838989E-2,-2.956022620E-1,-4.889990687E-1
1.119255525E1,-2.300082147E-2,-3.013144732E-1,-5.188384652E-1
1.120260075E1,-1.150006205E-1,-2.735681236E-1,-5.424954891E-1
1.121264675E1,-1.780467033E-1,-2.179402858E-1,-5.663563609E-1
1.122269375E1,-2.041852474E-1,-1.572225392E-1,-5.909606218E-1
1.123273975E1,-1.993960887E-1,-1.117988601E-1,-6.315109730E-1
1.124278575E1,-1.754119694E-1,-7.334876060E-2,-6.686547399E-1
1.125283175E1,-1.481332183E-1,-4.767934605E-2,-6.782027483E-1
1.126287875E1,-1.240385249E-1,-2.057165653E-2,-6.521844268E-1
1.127292475E1,-9.507372230E-2,1.662737690E-2,-6.004836559E-1
1.128297075E1,-6.147762388E-2,5.789278075E-2,-5.348232388E-1
1.129301675E1,-1.302779838E-2,9.923489392E-2,-4.573785067E-1
1.130306375E1,3.732858226E-2,1.325118840E-1,-3.838204145E-1
1.131310975E1,8.399994671E-2,1.353966296E-1,-3.167987466E-1
1.132315575E1,1.368819922E-1,1.042930633E-1,-2.640567720E-1
1.133320175E1,2.022322267E-1,2.656044997E-2,-2.301632613E-1
1.134324875E1,2.648150623E-1,-9.183628857E-2,-2.060844302E-1
1.135329475E1,3.027248979E-1,-2.316258699E-1,-1.904996186E-1
1.136334075E1,3.034020662E-1,-3.543673158E-1,-1.702745110E-1
1.137338675E1,2.914231718E-1,-4.048904181E-1,-2.088176459E-1
1.138343275E1,2.584521174E-1,-4.202164412E-1,-1.768397689E-1
1.139347975E1,2.157254219E-1,-3.631334305E-1,-1.833946109E-1
1.140352575E1,1.580721140E-1,-3.026231825E-1,-1.838324666E-1
1.141357175E1,9.981439263E-2,-2.325311601E-1,-1.933527291E-1
1.142361775E1,3.755893558E-2,-2.140464932E-1,-2.123551965E-1
1.143366475E1,-2.730368264E-2,-2.538277507E-1,-2.282329649E-1
1.144371075E1,-8.891288936E-2,-3.267040253E-1,-2.254317254E-1
1.145375675E1,-1.394583434E-1,-3.977358639E-1,-2.444144636E-1
1.146380275E1,-1.735522300E-1,-4.329279959E-1,-2.761349678E-1
1.147384975E1,-1.980613023E-1,-4.151484668E-1,-3.085227609E-1
1.148389575E1,-2.060191482E-1,-3.567649424E-1,-3.167251647E-1
1.149394175E1,-2.103590369E-1,-2.603483796E-1,-3.024924099E-1
1.150398775E1,-2.132566422E-1,-1.455796659E-1,-2.819934785E-1
1.151403475E1,-2.210200131E-1,-5.224147066E-2,-2.750460804E-1
1.152408075E1,-2.298998386E-1,-8.685322478E-3,-2.770618796E-1
1.153412675E1,-2.409942895E-1,1.435581408E-2,-2.727808654E-1
1.154417275E1,-2.441177368E-1,4.703766666E-3,-2.629123330E-1
1.155421975E1,-2.277632654E-1,-2.629676089E-2,-2.415396422E-1
1.156426575E1,-1.908864230E-1,-7.517606765E-2,-2.212714851E-1
1.157431175E1,-1.379869878E-1,-1.303618252E-1,-2.048011720E-1
1.158435775E1,-9.861057997E-2,-1.734682918E-1,-1.837361902E-1
1.159440375E1,-8.351977915E-2,-1.751801670E-1,-1.657539904E-1
1.160445075E1,-9.141962230E-2,-1.565069407E-1,-1.493338943E-1
1.161449675E1,-8.767122030E-2,-1.157381982E-1,-1.334774196E-1
1.162454275E1,-8.264752477E-2,-6.820038706E-2,-1.128832996E-1
1.163458875E1,-7.833187282E-2,-3.895675018E-2,-9.636184573E-2
1.164463575E1,-6.735001504E-2,-5.926982034E-3,-9.581150115E-2
1.165468175E1,-5.523183197E-2,4.505097866E-2,-1.094093397E-1
1.166472775E1,-5.100274086E-2,9.913709760E-2,-1.277861893E-1
1.167477375E1,-4.508519545E-2,1.448907405E-1,-1.342685968E-1
1.168482075E1,-3.969532624E-2,1.699129492E-1,-1.281149685E-1
1.169486675E1,-3.053538501E-2,1.839062721E-1,-1.169968024E-1
1.170491275E1,-2.730820142E-2,1.902564168E-1,-1.123667881E-1
1.171495875E1,-2.541043237E-2,1.934593916E-1,-1.116373464E-1
1.172500475E1,-1.686942577E-2,1.885370016E-1,-1.147059202E-1
1.173505175E1,3.055280540E-3,1.715100855E-1,-1.142433286E-1
1.174509775E1,4.596920684E-2,1.379916072E-1,-1.055943742E-1
1.175514375E1,9.471917152E-2,1.070145220E-1,-9.022793174E-2
1.176518975E1,1.374924630E-1,8.509892970E-2,-7.432543486E-2
1.177523675E1,1.702464223E-1,5.729978904E-2,-6.031534076E-2
1.178528275E1,1.871735603E-1,3.277638927E-2,-4.667608812E-2
1.179532875E1,1.839346290E-1,1.819318533E-2,-3.591398895E-2
1.180537475E1,1.783777773E-1,1.086821221E-2,-3.744463250E-2
1.181542175E1,1.771053225E-1,2.147025615E-2,-3.861615807E-2
1.182546775E1,1.641729921E-1,4.110379890E-2,-3.613230586E-2
1.183551375E1,1.468467265E-1,6.362642348E-2,-2.915908583E-2
1.184555975E1,1.267818362E-1,8.383559436E-2,-2.354345657E-2
1.185560575E1,1.043710634E-1,1.018228531E-1,-2.154448815E-2
1.186565275E1,7.660816610E-2,1.345220208E-1,-2.607151866E-2
1.187569875E1,4.885029793E-2,1.604404449E-1,-3.127640113E-2
1.188574475E1,1.860524341E-2,1.668344587E-1,-3.887288272E-2
1.189579075E1,-1.333244983E-2,1.502972990E-1,-3.854584694E-2
1.190583775E1,-1.280171238E-2,1.145075113E-1,-2.595368028E-2
1.191588375E1,1.916820370E-2,6.490401179E-2,-1.571908128E-3
1.192592975E1,7.210173458E-2,1.947304606E-2,1.139319688E-2
1.193597575E1,1.264046580E-1,3.562258091E-3,8.428034373E-3
1.194602275E1,1.800013930E-1,1.461514924E-2,1.951749995E-2
1.195606875E1,2.205765098E-1,4.121027514E-2,3.025243431E-2
1.196611475E1,2.472886294E-1,5.159587041E-2,3.222346306E-2
1.197616075E1,2.628518641E-1,5.603056774E-2,4.772679135E-2
1.198620675E1,2.725087404E-1,3.661347553E-2,6.821890175E-2
1.199625375E1,2.754094303E-1,5.288043991E-3,9.053485841E-2
1.200629975E1,2.659339607E-1,-2.803380415E-2,1.083435714E-1
1.201634575E1,2.524192333E-1,-5.518126860E-2,1.168361306E-1
1.202639175E1,2.471571118E-1,-6.492000073E-2,1.215215698E-1
1.203643875E1,2.659052610E-1,-5.523781478E-2,1.192871705E-1
1.204648475E1,3.101978898E-1,-2.777638100E-2,1.198161915E-1
1.205653075E1,3.719904125E-1,1.134172827E-2,1.263353378E-1
1.206657675E1,4.303016365E-1,3.815772012E-2,1.339127868E-1
1.207662275E1,4.758310318E-1,4.872541130E-2,1.340416819E-1
1.208666975E1,4.955551028E-1,3.377269953E-2,1.294219494E-1
1.209671575E1,4.817703068E-1,-1.719531137E-4,1.243771315E-1
1.210676175E1,4.432124496E-1,-4.549619183E-2,1.189644337E-1
1.211680775E1,3.829176724E-1,-8.517010510E-2,1.188152954E-1
1.212685475E1,3.117784858E-1,-1.059647575E-1,1.094738394E-1
1.213690075E1,2.435245961E-1,-1.077514738E-1,9.156647325E-2
1.214694675E1,1.898143142E-1,-1.077256575E-1,7.132785022E-2
1.215699275E1,1.496290863E-1,-1.037040204E-1,4.565071687E-2
1.216703875E1,1.148970947E-1,-1.005447656E-1,1.933801174E-2
1.217708575E1,9.496573359E-2,-9.811090678E-2,-1.361967158E-2
1.218713175E1,8.061473817E-2,-1.156755015E-1,-4.993199185E-2
1.219717775E1,6.696870178E-2,-1.512393504E-1,-7.489406317E-2
1.220722400E1,5.873126909E-2,-2.001567334E-1,-8.963017166E-2
1.221727100E1,4.863735288E-2,-2.560325265E-1,-9.258228540E-2
1.222731700E1,4.323658347E-2,-3.029629588E-1,-9.519352764E-2
1.223736300E1,5.237468705E-2,-3.330457509E-1,-9.496475756E-2
1.224740900E1,6.063910201E-2,-3.441001177E-1,-9.136433154E-2
1.225745500E1,6.851566583E-2,-3.432362080E-1,-9.270522743E-2
1.226750200E1,7.739865780E-2,-3.273356855E-1,-1.010617539E-1
1.227754800E1,8.944360167E-2,-2.861128747E-1,-1.054202840E-1
1.228759400E1,8.872546256E-2,-2.344673425E-1,-1.162806302E-1
1.229764000E1,7.893648744E-2,-1.980717778E-1,-1.217401102E-1
1.230768700E1,6.915874779E-2,-1.820894182E-1,-1.227961853E-1
1.231773300E1,6.128271297E-2,-1.819584072E-1,-1.224584952E-1
1.232777900E1,6.230559573E-2,-1.873577982E-1,-1.217392311E-1
1.233782500E1,7.769732922E-2,-1.824456006E-1,-1.143846512E-1
1.234787100E1,9.486433119E-2,-1.610728353E-1,-1.023003310E-1
1.235791800E1,1.060629189E-1,-1.435558945E-1,-8.012071997E-2
1.236796400E1,1.108547449E-1,-1.329609454E-1,-5.658800155E-2
1.237801000E1,9.971739352E-2,-1.238326952E-1,-2.898886614E-2
1.238805600E1,8.334092051E-2,-1.037055403E-1,-7.938567549E-3
1.239810300E1,7.351119071E-2,-8.372810483E-2,4.342865665E-3
1.240814900E1,7.256373018E-2,-7.481355965E-2,1.205974165E-2
1.241819500E1,7.604741305E-2,-7.702717185E-2,2.114911005E-2
1.242824100E1,8.429878205E-2,-9.221379459E-2,2.677837573E-2
1.243828700E1,9.300944954E-2,-1.075131223E-1,2.791048400E-2
1.244833400E1,1.002417132E-1,-1.108846590E-1,2.289009839E-2
1.245838000E1,1.043962464E-1,-1.032283381E-1,1.757762581E-2
1.246842600E1,1.083172187E-1,-8.428979665E-2,1.102225389E-2
1.247847200E1,1.115891784E-1,-6.144494191E-2,9.554319084E-3
1.248851800E1,1.213237122E-1,-3.431082889E-2,8.003569208E-3
1.249856500E1,1.331324428E-1,-1.240925677E-2,1.889484003E-3
1.250861100E1,1.397386044E-1,7.809832692E-3,-1.040232088E-2
1.251865700E1,1.408097297E-1,1.801772974E-2,-2.559006214E-2
1.252870300E1,1.369726211E-1,1.292028278E-2,-3.808470443E-2
1.253875000E1,1.335033178E-1,1.586401835E-3,-5.482533574E-2
1.254879600E1,1.295451373E-1,-3.140468849E-3,-6.719299406E-2
1.255884200E1,1.226600707E-1,2.612758195E-3,-6.999544054E-2
1.256888800E1,1.135625467E-1,1.051813737E-2,-6.165081263E-2
1.257893400E1,9.678170085E-2,1.384549029E-2,-5.571356043E-2
1.258898100E1,7.889761776E-2,9.814660996E-3,-5.706276745E-2
1.259902700E1,6.142728403E-2,2.111733425E-3,-7.089655846E-2
1.260907300E1,4.328863695E-2,-9.018091485E-3,-8.089063317E-2
1.261911900E1,2.398977242E-2,-2.248915844E-2,-8.278493583E-2
1.262916600E1,6.801737007E-3,-2.495906875E-2,-7.583111525E-2
1.263921200E1,-2.209728956E-2,-4.691613838E-3,-6.668262929E-2
1.264925800E1,-1.133387685E-1,5.861436948E-2,-6.545346230E-2
1.265930400E1,-1.542494446E-1,9.179363400E-2,-7.073424011E-2
1.266935000E1,-1.484211236E-1,1.003041193E-1,-6.763037294E-2
1.267939700E1,-1.040182412E-1,6.298737973E-2,-5.613323674E-2
1.268944300E1,-1.646295190E-2,-7.871464826E-3,-4.197913781E-2
1.269948900E1,7.036941499E-2,-7.742498070E-2,-2.083683386E-2
1.270953500E1,1.346667558E-1,-1.225382611E-1,-8.452650160E-3
1.271958100E1,1.534524262E-1,-1.329320520E-1,3.733708989E-3
1.272962800E1,1.338660419E-1,-1.051666737E-1,1.100854017E-2
1.273967400E1,9.700629115E-2,-5.766414106E-2,7.822068408E-3