"Time (s)","X (µT)","Y (µT)","Z (µT)"
1.707833348E-3,1.071707153E1,8.677398682E0,-4.730938721E1
1.175383336E-2,1.077458954E1,8.582611084E0,-4.738916016E1
2.179895833E-2,1.082430267E1,8.527374268E0,-4.736621094E1
3.184595835E-2,1.084630966E1,8.467315674E0,-4.725219727E1
4.189195836E-2,1.088208008E1,8.548217773E0,-4.732434082E1
5.193795834E-2,1.103026962E1,8.517181396E0,-4.736724854E1
6.198395835E-2,1.093726349E1,8.498901367E0,-4.720312500E1
7.203095834E-2,1.096267700E1,8.310394287E0,-4.726135254E1
8.207695835E-2,1.098046494E1,8.308349609E0,-4.718487549E1
9.212295833E-2,1.088337708E1,8.397338867E0,-4.731030273E1
1.021699584E-1,1.088396072E1,8.477600098E0,-4.731121826E1
1.122159584E-1,1.094319534E1,8.580810547E0,-4.719842529E1
1.222619583E-1,1.093900681E1,8.636779785E0,-4.730957031E1
1.323079584E-1,1.079558945E1,8.659912109E0,-4.732788086E1
1.423549583E-1,1.075280762E1,8.677154541E0,-4.719500732E1
1.524009584E-1,1.065645599E1,8.726135254E0,-4.715460205E1
1.624469583E-1,1.080212021E1,8.722900391E0,-4.713000488E1
1.724929583E-1,1.080212021E1,8.722900391E0,-4.713000488E1
1.825399583E-1,1.063722992E1,8.643829346E0,-4.717321777E1
1.925859583E-1,1.073391342E1,8.603271484E0,-4.693115234E1
2.026319584E-1,1.069569397E1,8.838928223E0,-4.694470215E1
2.126789583E-1,1.067857361E1,8.723602295E0,-4.706726074E1
2.227249584E-1,1.066457367E1,8.848815918E0,-4.678686523E1
2.327709583E-1,1.064120102E1,8.811798096E0,-4.673229980E1
2.428169583E-1,1.064357758E1,8.820587158E0,-4.683050537E1
2.528639583E-1,1.066817093E1,8.649627686E0,-4.676531982E1
2.629099583E-1,1.074231339E1,8.632446289E0,-4.700164795E1
2.729559584E-1,1.084911728E1,8.715667725E0,-4.710717773E1
2.830019583E-1,1.080219650E1,8.708984375E0,-4.701409912E1
2.930489584E-1,1.079833984E1,8.776763916E0,-4.713989258E1
3.030949583E-1,1.082525253E1,8.695190430E0,-4.699743652E1
3.131409583E-1,1.088593292E1,8.807525635E0,-4.718945312E1
3.231869584E-1,1.084460449E1,8.901916504E0,-4.683697510E1
3.332339583E-1,1.095489502E1,8.818450928E0,-4.671832275E1
3.432799584E-1,1.095745468E1,8.583923340E0,-4.669311523E1
3.533259583E-1,1.101229477E1,8.652832031E0,-4.669488525E1
3.633729584E-1,1.104217911E1,8.773376465E0,-4.673712158E1
3.734189583E-1,1.110326767E1,8.666534424E0,-4.673742676E1
3.834649583E-1,1.098048019E1,8.728210449E0,-4.664752197E1
3.935109584E-1,1.106043625E1,8.704895020E0,-4.675732422E1
4.035579583E-1,1.113671494E1,8.786224365E0,-4.697601318E1
4.136039584E-1,1.102773666E1,8.754730225E0,-4.684088135E1
4.236499583E-1,1.088510513E1,8.887542725E0,-4.678021240E1
4.336959583E-1,1.098172760E1,8.834167480E0,-4.689160156E1
4.437429583E-1,1.099217606E1,8.862152100E0,-4.686999512E1
4.537889583E-1,1.094468307E1,8.901397705E0,-4.681933594E1
4.638349584E-1,1.094512939E1,8.917541504E0,-4.687390137E1
4.738809583E-1,1.092795181E1,8.863006592E0,-4.678424072E1
4.839279584E-1,1.097278595E1,8.999603271E0,-4.665991211E1
4.939739583E-1,1.106593323E1,8.817871094E0,-4.636761475E1
5.040199583E-1,1.101093292E1,8.900970459E0,-4.632458496E1
5.140669583E-1,1.090878296E1,9.038696289E0,-4.663006592E1
5.241129583E-1,1.083542252E1,8.942230225E0,-4.655499268E1
5.341589584E-1,1.097098923E1,9.002258301E0,-4.648706055E1
5.442049583E-1,1.099124527E1,9.002258301E0,-4.662548828E1
5.542519584E-1,1.110638809E1,9.014770508E0,-4.660986328E1
5.642979583E-1,1.113316727E1,8.991455078E0,-4.659411621E1
5.743439583E-1,1.110703659E1,8.973693848E0,-4.669464111E1
5.843899584E-1,1.105696106E1,9.075958252E0,-4.662841797E1
5.944369583E-1,1.113013458E1,9.071746826E0,-4.644915771E1
6.044829584E-1,1.122678375E1,9.112731934E0,-4.657525635E1
6.145289583E-1,1.130065155E1,8.981353760E0,-4.637139893E1
6.245749583E-1,1.132394791E1,9.111785889E0,-4.640692139E1
6.346219583E-1,1.132291412E1,9.079498291E0,-4.647705078E1
6.446679583E-1,1.132313156E1,9.154052734E0,-4.651733398E1
6.547139584E-1,1.143673325E1,9.174743652E0,-4.660992432E1
6.647609583E-1,1.142621994E1,9.200012207E0,-4.670959473E1
6.748069584E-1,1.146588516E1,9.118499756E0,-4.676428223E1
6.848529583E-1,1.140621185E1,9.228637695E0,-4.651348877E1
6.948989583E-1,1.142354584E1,9.250152588E0,-4.674591064E1
7.049459583E-1,1.151730347E1,9.126770020E0,-4.671215820E1
7.149919583E-1,1.143215179E1,9.309204102E0,-4.681427002E1
7.250379584E-1,1.131155014E1,9.321594238E0,-4.669232178E1
7.350839583E-1,1.151685715E1,9.383697510E0,-4.657702637E1
7.451309584E-1,1.131681824E1,9.560729980E0,-4.655334473E1
7.551769583E-1,1.148459244E1,9.473937988E0,-4.632202148E1
7.652229583E-1,1.133394241E1,9.645629883E0,-4.637121582E1
7.752689584E-1,1.140753174E1,9.646942139E0,-4.655017090E1
7.853159583E-1,1.142237091E1,9.741882324E0,-4.661700439E1
7.953619584E-1,1.130673599E1,9.791748047E0,-4.636621094E1
8.054079583E-1,1.141475296E1,9.848602295E0,-4.637347412E1
8.154539583E-1,1.142297363E1,9.709106445E0,-4.659942627E1
8.255009583E-1,1.154204941E1,9.625213623E0,-4.646856689E1
8.355469583E-1,1.139285660E1,9.579833984E0,-4.655065918E1
8.455929584E-1,1.140781403E1,9.626647949E0,-4.660711670E1
8.556389583E-1,1.130822754E1,9.719085693E0,-4.646734619E1
8.656859584E-1,1.141994858E1,9.780120850E0,-4.642736816E1
8.757319583E-1,1.148974228E1,9.776092529E0,-4.650311279E1
8.857779583E-1,1.136185837E1,9.737945557E0,-4.642016602E1
8.958239584E-1,1.136185837E1,9.737945557E0,-4.642016602E1
9.058709583E-1,1.151147079E1,9.813690186E0,-4.660583496E1
9.159169584E-1,1.142132568E1,9.829254150E0,-4.659753418E1
9.259629583E-1,1.131563187E1,9.842926025E0,-4.669873047E1
9.360089583E-1,1.121653748E1,9.897521973E0,-4.666662598E1
9.460559583E-1,1.123571014E1,9.805358887E0,-4.661700439E1
9.561019583E-1,1.137438583E1,9.781402588E0,-4.640246582E1
9.661479584E-1,1.140206528E1,9.744598389E0,-4.636065674E1
9.761939583E-1,1.128936768E1,9.670562744E0,-4.648883057E1
9.862409584E-1,1.145574188E1,9.795776367E0,-4.652642822E1
9.962869583E-1,1.137152481E1,9.701812744E0,-4.657781982E1
1.006332958E0,1.155068207E1,9.686584473E0,-4.642077637E1
1.016379958E0,1.147049332E1,9.854064941E0,-4.649285889E1
1.026426708E0,1.136155319E1,9.852233887E0,-4.650366211E1
1.036472708E0,1.133258057E1,9.745300293E0,-4.661474609E1
1.046518708E0,1.143425751E1,9.688659668E0,-4.662573242E1
1.056564708E0,1.141318893E1,9.720367432E0,-4.663085938E1
1.066611708E0,1.137664032E1,9.774139404E0,-4.669750977E1
1.076657708E0,1.131349182E1,9.834320068E0,-4.666406250E1
1.086703708E0,1.143838882E1,9.776000977E0,-4.662634277E1
1.096750708E0,1.137714005E1,9.858642578E0,-4.657928467E1
1.106796708E0,1.146509171E1,9.766937256E0,-4.651489258E1
1.116842708E0,1.141537094E1,9.881591797E0,-4.648944092E1
1.126888708E0,1.160314560E1,9.876251221E0,-4.626385498E1
1.136935708E0,1.147809982E1,9.953460693E0,-4.651165771E1
1.146981708E0,1.148823929E1,9.955108643E0,-4.665252686E1
1.157027708E0,1.141792297E1,9.952850342E0,-4.681640625E1
1.167073708E0,1.147308731E1,1.010385132E1,-4.658343506E1
1.177120708E0,1.155984116E1,9.954742432E0,-4.678033447E1
1.187166708E0,1.164064026E1,9.749725342E0,-4.654565430E1
1.197212708E0,1.147795486E1,9.835449219E0,-4.672100830E1
1.207258708E0,1.144393158E1,9.738769531E0,-4.662384033E1
1.217305708E0,1.155845261E1,9.862152100E0,-4.659106445E1
1.227351708E0,1.155036163E1,9.842254639E0,-4.663330078E1
1.237397708E0,1.152369308E1,9.784790039E0,-4.650207520E1
1.247443708E0,1.149885559E1,9.698028564E0,-4.658544922E1
1.257490708E0,1.162328720E1,9.744293213E0,-4.660290527E1
1.267536708E0,1.170879364E1,9.882049561E0,-4.660272217E1
1.277582708E0,1.159633255E1,9.765930176E0,-4.681378174E1
1.287628708E0,1.149970245E1,9.642547607E0,-4.672473145E1
1.297675708E0,1.156521606E1,9.542236328E0,-4.677362061E1
1.307721708E0,1.158137131E1,9.571411133E0,-4.663049316E1
1.317767708E0,1.159940720E1,9.552734375E0,-4.671649170E1
1.327813708E0,1.162785721E1,9.670593262E0,-4.651348877E1
1.337859708E0,1.161597824E1,9.558624268E0,-4.664215088E1
1.347906708E0,1.163148117E1,9.823852539E0,-4.675158691E1
1.357952708E0,1.162128830E1,9.836303711E0,-4.665124512E1
1.367998708E0,1.176242447E1,9.743835449E0,-4.650250244E1
1.378044708E0,1.184358215E1,9.645904541E0,-4.664788818E1
1.388091708E0,1.188269424E1,9.691192627E0,-4.681927490E1
1.398137708E0,1.184224701E1,9.728851318E0,-4.676641846E1
1.408183708E0,1.193053055E1,9.570861816E0,-4.661016846E1
1.418229708E0,1.202732086E1,9.614715576E0,-4.647155762E1
1.428276708E0,1.210165405E1,9.700653076E0,-4.635327148E1
1.438322708E0,1.206367874E1,9.670013428E0,-4.638586426E1
1.448368708E0,1.225802612E1,9.750488281E0,-4.629473877E1
1.458414708E0,1.227725983E1,9.827056885E0,-4.633947754E1
1.468461708E0,1.227788925E1,9.764953613E0,-4.626489258E1
1.478507708E0,1.221429443E1,9.924713135E0,-4.628472900E1
1.488553708E0,1.219465637E1,9.929534912E0,-4.620318604E1
1.498599708E0,1.215408325E1,9.992126465E0,-4.628155518E1
1.508646708E0,1.211612701E1,9.950592041E0,-4.647045898E1
1.518692708E0,1.196317673E1,9.925384521E0,-4.650360107E1
1.528738708E0,1.193354416E1,9.923492432E0,-4.651550293E1
1.538784708E0,1.186705780E1,9.957885742E0,-4.637512207E1
1.548831708E0,1.187902832E1,9.872314453E0,-4.650256348E1
1.558877708E0,1.174127960E1,9.892700195E0,-4.670111084E1
1.568923708E0,1.189344406E1,9.870422363E0,-4.656927490E1
1.578969708E0,1.185849380E1,9.776641846E0,-4.615924072E1
1.589016708E0,1.200984192E1,9.746215820E0,-4.623944092E1
1.599062708E0,1.189763641E1,9.825256348E0,-4.647607422E1
1.609108708E0,1.189763641E1,9.825256348E0,-4.647607422E1
1.619154708E0,1.188581848E1,9.822448730E0,-4.643023682E1
1.629201708E0,1.183204651E1,9.618408203E0,-4.658355713E1
1.639247708E0,1.173085403E1,9.712402344E0,-4.647283936E1
1.649293708E0,1.176817322E1,9.659240723E0,-4.623730469E1
1.659339708E0,1.164960861E1,9.711975098E0,-4.625360107E1
1.669385708E0,1.181212234E1,9.673431396E0,-4.641156006E1
1.679432708E0,1.182083511E1,9.595977783E0,-4.644079590E1
1.689478708E0,1.186389160E1,9.485137939E0,-4.636602783E1
1.699524708E0,1.172203445E1,9.460174561E0,-4.628588867E1
1.709570708E0,1.156188965E1,9.581878662E0,-4.649365234E1
1.719617708E0,1.166765976E1,9.560882568E0,-4.645336914E1
1.729663708E0,1.163593674E1,9.532684326E0,-4.629406738E1
1.739709708E0,1.183436584E1,9.540802002E0,-4.652410889E1
1.749755708E0,1.187277222E1,9.469421387E0,-4.660437012E1
1.759802708E0,1.186689377E1,9.413360596E0,-4.659783936E1
1.769848708E0,1.177220535E1,9.354400635E0,-4.655218506E1
1.779894708E0,1.179194260E1,9.591247559E0,-4.660162354E1
1.789940708E0,1.182279968E1,9.522399902E0,-4.662042236E1
1.799987708E0,1.166662979E1,9.456695557E0,-4.658856201E1
1.810033708E0,1.168745041E1,9.306427002E0,-4.664648438E1
1.820079708E0,1.168776321E1,9.253387451E0,-4.674151611E1
1.830125708E0,1.162765121E1,9.250579834E0,-4.668280029E1
1.840172708E0,1.166072464E1,9.242980957E0,-4.679071045E1
1.850218708E0,1.165399170E1,9.374572754E0,-4.660302734E1
1.860264708E0,1.164722824E1,9.371337891E0,-4.672821045E1
1.870310708E0,1.165863419E1,9.224090576E0,-4.659558105E1
1.880356708E0,1.171017075E1,9.264160156E0,-4.667102051E1
1.890403708E0,1.154437637E1,9.221008301E0,-4.651562500E1
1.900449708E0,1.166740417E1,9.349517822E0,-4.670452881E1
1.910495708E0,1.164517212E1,9.359710693E0,-4.646997070E1
1.920541708E0,1.164504623E1,9.390045166E0,-4.672351074E1
1.930588708E0,1.168007278E1,9.496002197E0,-4.654736328E1
1.940634708E0,1.167506409E1,9.327178955E0,-4.662860107E1
1.950680708E0,1.163387299E1,9.380065918E0,-4.661376953E1
1.960726708E0,1.159424973E1,9.382965088E0,-4.644604492E1
1.970773708E0,1.161033630E1,9.338775635E0,-4.640820312E1
1.980819708E0,1.161530685E1,9.294677734E0,-4.690008545E1
1.990865708E0,1.168033981E1,9.348571777E0,-4.680261230E1
2.000911708E0,1.167145157E1,9.421813965E0,-4.702087402E1
2.010958708E0,1.169352722E1,9.308258057E0,-4.672839355E1
2.021004917E0,1.166099167E1,9.433471680E0,-4.674267578E1
2.031050917E0,1.148222733E1,9.456359863E0,-4.660522461E1
2.041096917E0,1.153343582E1,9.529113770E0,-4.649316406E1
2.051142917E0,1.143309784E1,9.393035889E0,-4.644500732E1
2.061189917E0,1.146245193E1,9.553405762E0,-4.650036621E1
2.071235917E0,1.142818451E1,9.416870117E0,-4.654504395E1
2.081281917E0,1.134714890E1,9.465881348E0,-4.666925049E1
2.091327917E0,1.137443161E1,9.494842529E0,-4.660302734E1
2.101374917E0,1.161624527E1,9.580383301E0,-4.655828857E1
2.111420917E0,1.140061951E1,9.596679688E0,-4.666467285E1
2.121466917E0,1.146121597E1,9.536285400E0,-4.649877930E1
2.131512917E0,1.145983887E1,9.627166748E0,-4.647485352E1
2.141559917E0,1.137874222E1,9.599029541E0,-4.659912109E1
2.151605917E0,1.140146637E1,9.601287842E0,-4.654321289E1
2.161651917E0,1.144322586E1,9.529785156E0,-4.660357666E1
2.171697917E0,1.143137741E1,9.504302979E0,-4.646557617E1
2.181744917E0,1.134694672E1,9.567413330E0,-4.659106445E1
2.191790917E0,1.147928619E1,9.574554443E0,-4.654125977E1
2.201836917E0,1.134137726E1,9.607940674E0,-4.645367432E1
2.211882917E0,1.127236176E1,9.494659424E0,-4.653009033E1
2.221928917E0,1.144626999E1,9.580535889E0,-4.653967285E1
2.231975917E0,1.142287064E1,9.634277344E0,-4.669256592E1
2.242021917E0,1.137440109E1,9.737579346E0,-4.634710693E1
2.252067917E0,1.138179398E1,9.725677490E0,-4.637225342E1
2.262113917E0,1.130665588E1,9.749725342E0,-4.647253418E1
2.272160917E0,1.132046509E1,9.623504639E0,-4.635668945E1
2.282206917E0,1.128575134E1,9.661285400E0,-4.660656738E1
2.292252917E0,1.131135941E1,9.613616943E0,-4.651306152E1
2.302298917E0,1.141839981E1,9.635894775E0,-4.643939209E1
2.312345917E0,1.141839981E1,9.635894775E0,-4.643939209E1
2.322391917E0,1.139382553E1,9.705902100E0,-4.640173340E1
2.332437917E0,1.140990829E1,9.664978027E0,-4.653851318E1
2.342483917E0,1.147527695E1,9.700042725E0,-4.643328857E1
2.352529917E0,1.152132416E1,9.615631104E0,-4.632318115E1
2.362576917E0,1.172692108E1,9.502746582E0,-4.639398193E1
2.372622917E0,1.152095413E1,9.755065918E0,-4.650372314E1
2.382668917E0,1.154068756E1,9.781738281E0,-4.653063965E1
2.392714917E0,1.159291458E1,9.692260742E0,-4.647662354E1
2.402761917E0,1.154257965E1,9.658630371E0,-4.639184570E1
2.412807917E0,1.156449509E1,9.542144775E0,-4.648089600E1
2.422853917E0,1.155466080E1,9.699981689E0,-4.641680908E1
2.432899917E0,1.145289993E1,9.640411377E0,-4.634985352E1
2.442946917E0,1.152780151E1,9.577697754E0,-4.643450928E1
2.452992917E0,1.136282730E1,9.791076660E0,-4.659997559E1
2.463038917E0,1.131125641E1,9.839721680E0,-4.660723877E1
2.473084917E0,1.133953476E1,9.738922119E0,-4.672552490E1
2.483130917E0,1.131337738E1,9.714630127E0,-4.676898193E1
2.493177917E0,1.122876740E1,9.904541016E0,-4.664923096E1
2.503223917E0,1.116955948E1,9.818023682E0,-4.675305176E1
2.513269917E0,1.121623993E1,9.888549805E0,-4.673559570E1
2.523315917E0,1.129604721E1,9.832580566E0,-4.671820068E1
2.533362917E0,1.124823380E1,9.752075195E0,-4.679559326E1
2.543408917E0,1.137720871E1,9.694152832E0,-4.652520752E1
2.553454917E0,1.122731781E1,9.708068848E0,-4.666290283E1
2.563500917E0,1.129278183E1,9.766967773E0,-4.655108643E1
2.573547917E0,1.142815018E1,9.635650635E0,-4.632830811E1
2.583593917E0,1.144589233E1,9.638305664E0,-4.640911865E1
2.593639917E0,1.155096436E1,9.585083008E0,-4.627233887E1
2.603685917E0,1.142226028E1,9.614959717E0,-4.659197998E1
2.613731917E0,1.144257736E1,9.584838867E0,-4.672143555E1
2.623778917E0,1.135976410E1,9.590515137E0,-4.649658203E1
2.633824917E0,1.126295090E1,9.616088867E0,-4.645996094E1
2.643870917E0,1.149848175E1,9.518676758E0,-4.649145508E1
2.653916917E0,1.136463165E1,9.571166992E0,-4.666564941E1
2.663963917E0,1.132222366E1,9.558563232E0,-4.654992676E1
2.674009917E0,1.151754761E1,9.472290039E0,-4.629809570E1
2.684055917E0,1.149995804E1,9.507080078E0,-4.621655273E1
2.694101917E0,1.148853302E1,9.573883057E0,-4.647137451E1
2.704148917E0,1.127570343E1,9.625152588E0,-4.647509766E1
2.714194917E0,1.111394882E1,9.718261719E0,-4.643786621E1
2.724240917E0,1.117283630E1,9.660156250E0,-4.652001953E1
2.734286917E0,1.120814514E1,9.686126709E0,-4.672302246E1
2.744332917E0,1.115155029E1,9.738494873E0,-4.650701904E1
2.754379917E0,1.124547577E1,9.574615479E0,-4.651879883E1
2.764425917E0,1.101735306E1,9.706878662E0,-4.645446777E1
2.774471917E0,1.131582260E1,9.546600342E0,-4.607531738E1
2.784517917E0,1.105091095E1,9.646179199E0,-4.626007080E1
2.794564917E0,1.114883804E1,9.634338379E0,-4.652911377E1
2.804610917E0,1.104719162E1,9.679321289E0,-4.634399414E1
2.814656917E0,1.091677475E1,9.722473145E0,-4.662597656E1
2.824702917E0,1.103778839E1,9.816711426E0,-4.631182861E1
2.834748917E0,1.088338089E1,9.912933350E0,-4.630566406E1
2.844795917E0,1.095436859E1,9.920349121E0,-4.636755371E1
2.854841917E0,1.096522903E1,9.922698975E0,-4.630291748E1
2.864887917E0,1.098004532E1,9.967315674E0,-4.636505127E1
2.874933917E0,1.083967972E1,1.007559204E1,-4.638397217E1
2.884980917E0,1.066720963E1,1.007003784E1,-4.624200439E1
2.895026917E0,1.058853912E1,1.010845947E1,-4.621697998E1
2.905072917E0,1.062311172E1,1.011172485E1,-4.614990234E1
2.915118917E0,1.055067444E1,1.026864624E1,-4.604901123E1
2.925165917E0,1.065403366E1,1.016622925E1,-4.623730469E1
2.935211917E0,1.061259460E1,1.024475098E1,-4.614501953E1
2.945257917E0,1.046535492E1,1.028021240E1,-4.604516602E1
2.955303917E0,1.031439590E1,1.034448242E1,-4.610235596E1
2.965349917E0,1.032277298E1,1.031436157E1,-4.606677246E1
2.975396917E0,1.016682816E1,1.033663940E1,-4.622869873E1
2.985442917E0,1.012176895E1,1.024719238E1,-4.607580566E1
2.995488917E0,1.007004166E1,1.023168945E1,-4.616455078E1
3.005534917E0,9.942382812E0,1.026290894E1,-4.604388428E1
3.015581917E0,9.867755890E0,1.028472900E1,-4.594525146E1
3.025627167E0,9.814727783E0,1.036978149E1,-4.622900391E1
3.035673167E0,9.814727783E0,1.036978149E1,-4.622900391E1
3.045719167E0,9.685073853E0,1.036535645E1,-4.592022705E1
3.055766167E0,9.561096191E0,1.041592407E1,-4.606787109E1
3.065812167E0,9.604961395E0,1.042517090E1,-4.614215088E1
3.075858167E0,9.414333344E0,1.041058350E1,-4.608758545E1
3.085904167E0,9.348606110E0,1.049362183E1,-4.607617188E1
3.095950167E0,9.387622833E0,1.045989990E1,-4.593371582E1
3.105997167E0,9.281368256E0,1.056069946E1,-4.587933350E1
3.116043167E0,9.257621765E0,1.048065186E1,-4.576007080E1
3.126089167E0,9.186298370E0,1.047470093E1,-4.586230469E1
3.136135167E0,9.074695587E0,1.048446655E1,-4.574468994E1
3.146182167E0,9.165290833E0,1.054751587E1,-4.555035400E1
3.156228167E0,9.003864288E0,1.055917358E1,-4.540087891E1
3.166274167E0,8.819297791E0,1.054705811E1,-4.537127686E1
3.176320167E0,8.801319122E0,1.058541870E1,-4.563140869E1
3.186367167E0,8.777492523E0,1.038095093E1,-4.538824463E1
3.196413167E0,8.867034912E0,1.037731934E1,-4.546331787E1
3.206459167E0,8.730808258E0,1.023550415E1,-4.556359863E1
3.216505167E0,8.557998657E0,1.037564087E1,-4.555401611E1
3.226551167E0,8.480304718E0,1.031881714E1,-4.549884033E1
3.236598167E0,8.367488861E0,1.033773804E1,-4.551556396E1
3.246644167E0,8.274188995E0,1.051312256E1,-4.528405762E1
3.256690167E0,8.136627197E0,1.043844604E1,-4.548815918E1
3.266736167E0,8.018302917E0,1.053546143E1,-4.535992432E1
3.276783167E0,8.209552765E0,1.047488403E1,-4.517102051E1
3.286829167E0,8.099441528E0,1.044818115E1,-4.510546875E1
3.296875167E0,8.100654602E0,1.051864624E1,-4.502655029E1
3.306921167E0,8.113670349E0,1.068734741E1,-4.501312256E1
3.316968167E0,7.981582642E0,1.084848022E1,-4.485424805E1
3.327014167E0,7.878952026E0,1.111691284E1,-4.484027100E1
3.337060167E0,7.999912262E0,1.130435181E1,-4.487219238E1
3.347106167E0,7.733135223E0,1.153805542E1,-4.475085449E1
3.357152167E0,7.779586792E0,1.182180786E1,-4.482843018E1
3.367199167E0,7.842189789E0,1.189669800E1,-4.469543457E1
3.377245167E0,7.774639130E0,1.206637573E1,-4.478955078E1
3.387291167E0,7.854988098E0,1.205917358E1,-4.464166260E1
3.397337167E0,7.610118866E0,1.225015259E1,-4.445184326E1
3.407384167E0,7.472740173E0,1.231866455E1,-4.432781982E1
3.417430167E0,7.389068604E0,1.251312256E1,-4.422723389E1
3.427476167E0,7.248367310E0,1.262927246E1,-4.449774170E1
3.437522167E0,7.163021088E0,1.256295776E1,-4.453906250E1
3.447569167E0,7.019626617E0,1.246862793E1,-4.441943359E1
3.457615167E0,7.020339966E0,1.244458008E1,-4.428033447E1
3.467661167E0,6.858024597E0,1.261398315E1,-4.422485352E1
3.477707167E0,6.696643829E0,1.269354248E1,-4.431201172E1
3.487753167E0,6.666004181E0,1.268728638E1,-4.413641357E1
3.497800167E0,6.387310028E0,1.284375000E1,-4.408508301E1
3.507846167E0,6.224231720E0,1.287976074E1,-4.421325684E1
3.517892167E0,5.901470184E0,1.285800171E1,-4.412774658E1
3.527938167E0,5.799228668E0,1.285394287E1,-4.420690918E1
3.537985167E0,5.596923828E0,1.285925293E1,-4.402099609E1
3.548031167E0,5.380237579E0,1.285699463E1,-4.411846924E1
3.558077167E0,5.310966492E0,1.277548218E1,-4.412927246E1
3.568123167E0,5.104709625E0,1.279565430E1,-4.388189697E1
3.578170167E0,5.008804321E0,1.277740479E1,-4.417022705E1
3.588216167E0,4.868747711E0,1.263220215E1,-4.410809326E1
3.598262167E0,4.640758514E0,1.268411255E1,-4.422869873E1
3.608308167E0,4.399600983E0,1.286871338E1,-4.405389404E1
3.618354167E0,4.117828369E0,1.269927979E1,-4.401275635E1
3.628401167E0,3.954219818E0,1.210021973E1,-4.384832764E1
3.638447167E0,3.773353577E0,1.192425537E1,-4.372521973E1
3.648493167E0,3.556087494E0,1.183383179E1,-4.393225098E1
3.658539167E0,3.314834595E0,1.162692261E1,-4.401763916E1
3.668586167E0,2.997154236E0,1.153302002E1,-4.408013916E1
3.678632167E0,2.813835144E0,1.128228760E1,-4.406909180E1
3.688678167E0,2.684265137E0,1.111688232E1,-4.413470459E1
3.698724167E0,2.592567444E0,1.105172729E1,-4.412512207E1
3.708771167E0,2.418540955E0,1.086318970E1,-4.427124023E1
3.718817167E0,2.183242798E0,1.055215454E1,-4.423315430E1
3.728863167E0,1.899284363E0,1.040481567E1,-4.400872803E1
3.738909167E0,1.668426514E0,1.034838867E1,-4.416632080E1
3.748955167E0,1.668426514E0,1.034838867E1,-4.416632080E1
3.759002167E0,1.270622253E0,1.035617065E1,-4.414001465E1
3.769048167E0,7.146072388E-1,1.032470703E1,-4.426159668E1
3.779094167E0,2.954711914E-1,1.049136353E1,-4.427441406E1
3.789140167E0,-5.010986328E-2,1.067810059E1,-4.398992920E1
3.799187167E0,-1.352539062E-1,1.060748291E1,-4.392187500E1
3.809233167E0,-1.444702148E-1,1.068234253E1,-4.373937988E1
3.819279167E0,-8.102416992E-2,1.067544556E1,-4.365380859E1
3.829325167E0,-1.351928711E-2,1.071005249E1,-4.364929199E1
3.839372167E0,-1.160202026E-1,1.077297974E1,-4.367767334E1
3.849418167E0,-2.018585205E-1,1.072363281E1,-4.380407715E1
3.859464167E0,-3.252639771E-1,9.912139893E0,-4.375274658E1
3.869510167E0,-4.750900269E-1,9.676086426E0,-4.361132812E1
3.879557167E0,-5.323791504E-1,9.486724854E0,-4.363073730E1
3.889603167E0,-6.575393677E-1,9.232421875E0,-4.343951416E1
3.899649167E0,-8.629913330E-1,9.054809570E0,-4.373907471E1
3.909695167E0,-1.052932739E0,8.919097900E0,-4.351458740E1
3.919741167E0,-1.434646606E0,8.685638428E0,-4.370758057E1
3.929788167E0,-1.540718079E0,8.504302979E0,-4.355010986E1
3.939834167E0,-2.008850098E0,8.047302246E0,-4.363806152E1
3.949880167E0,-2.224060059E0,7.960327148E0,-4.362817383E1
3.959926167E0,-2.468620300E0,7.731140137E0,-4.362298584E1
3.969973167E0,-2.787643433E0,7.538269043E0,-4.387384033E1
3.980019167E0,-2.918617249E0,7.419036865E0,-4.386914062E1
3.990065167E0,-2.942649841E0,7.468078613E0,-4.389062500E1
4.000111167E0,-3.071296692E0,7.409423828E0,-4.355236816E1
4.010158167E0,-3.010925293E0,7.345275879E0,-4.308416748E1
4.020204083E0,-3.252113342E0,7.481719971E0,-4.315032959E1
4.030250083E0,-3.112510681E0,7.620452881E0,-4.330029297E1
4.040296083E0,-2.945106506E0,7.650634766E0,-4.346813965E1
4.050342083E0,-2.848960876E0,7.603912354E0,-4.349182129E1
4.060389083E0,-2.539215088E0,7.532928467E0,-4.326379395E1
4.070435083E0,-2.570083618E0,7.573150635E0,-4.329290771E1
4.080481083E0,-2.372169495E0,7.593780518E0,-4.341931152E1
4.090527083E0,-2.169860840E0,7.443420410E0,-4.345397949E1
4.100574083E0,-2.188240051E0,7.155181885E0,-4.325415039E1
4.110620083E0,-2.077140808E0,7.175231934E0,-4.322149658E1
4.120666083E0,-1.989974976E0,6.888061523E0,-4.311236572E1
4.130712083E0,-1.977386475E0,6.819610596E0,-4.303723145E1
4.140759083E0,-1.989814758E0,6.824035645E0,-4.312652588E1
4.150805083E0,-2.035552979E0,6.785156250E0,-4.302899170E1
4.160851083E0,-2.055511475E0,6.835937500E0,-4.297412109E1
4.170897083E0,-1.971298218E0,6.878784180E0,-4.319177246E1
4.180944083E0,-1.975868225E0,6.693298340E0,-4.320141602E1
4.190990083E0,-1.842842102E0,6.641784668E0,-4.298272705E1
4.201036083E0,-1.876754761E0,6.684814453E0,-4.297235107E1
4.211082083E0,-1.955482483E0,6.784912109E0,-4.310876465E1
4.221128083E0,-2.016319275E0,6.854339600E0,-4.313818359E1
4.231175083E0,-1.992897034E0,6.608367920E0,-4.321405029E1
4.241221083E0,-1.996673584E0,6.405120850E0,-4.309399414E1
4.251267083E0,-1.972206116E0,6.381164551E0,-4.313970947E1
4.261313083E0,-1.972427368E0,6.394409180E0,-4.305419922E1
4.271360083E0,-1.775794983E0,6.156890869E0,-4.300848389E1
4.281406083E0,-1.833511353E0,6.041107178E0,-4.299426270E1
4.291452083E0,-1.840484619E0,5.980895996E0,-4.317919922E1
4.301498083E0,-1.752632141E0,5.752288818E0,-4.299041748E1
4.311545083E0,-1.731880188E0,5.694580078E0,-4.291986084E1
4.321591083E0,-1.633277893E0,5.533874512E0,-4.286993408E1
4.331637083E0,-1.597526550E0,5.454681396E0,-4.280090332E1
4.341683083E0,-1.558067322E0,5.352996826E0,-4.286932373E1
4.351730083E0,-1.481178284E0,5.213775635E0,-4.282171631E1
4.361776083E0,-1.328216553E0,4.882995605E0,-4.298565674E1
4.371822083E0,-1.284317017E0,4.837005615E0,-4.306896973E1
4.381868083E0,-1.462295532E0,4.900543213E0,-4.320416260E1
4.391914083E0,-1.672714233E0,4.910980225E0,-4.324505615E1
4.401961083E0,-1.637840271E0,4.846588135E0,-4.326507568E1
4.412007083E0,-1.831619263E0,4.722167969E0,-4.301660156E1
4.422053083E0,-1.809165955E0,4.461517334E0,-4.304425049E1
4.432099083E0,-1.780044556E0,4.333160400E0,-4.295056152E1
4.442146083E0,-1.692115784E0,4.126373291E0,-4.320483398E1
4.452192083E0,-1.692115784E0,4.126373291E0,-4.320483398E1
4.462238083E0,-1.287658691E0,3.742950439E0,-4.315106201E1
4.472284083E0,-1.080360413E0,3.828796387E0,-4.330133057E1
4.482331083E0,-6.116333008E-1,3.440338135E0,-4.329144287E1
4.492377083E0,-4.440307617E-2,2.891540527E0,-4.340979004E1
4.502423083E0,3.979568481E-1,2.580993652E0,-4.342346191E1
4.512469083E0,7.558670044E-1,2.479553223E0,-4.345794678E1
4.522516083E0,7.315902710E-1,2.317901611E0,-4.333129883E1
4.532562083E0,9.296417236E-1,2.169647217E0,-4.321484375E1
4.542608083E0,1.165145874E0,2.080383301E0,-4.358312988E1
4.552654083E0,1.041526794E0,1.955047607E0,-4.331451416E1
4.562700083E0,1.232673645E0,1.776336670E0,-4.323437500E1
4.572747083E0,1.119369507E0,1.671386719E0,-4.321893311E1
4.582793083E0,1.228813171E0,1.521850586E0,-4.322991943E1
4.592839083E0,1.371856689E0,1.218200684E0,-4.322479248E1
4.602885083E0,1.579299927E0,1.027862549E0,-4.342376709E1
4.612932083E0,1.743621826E0,9.408264160E-1,-4.322369385E1
4.622978083E0,1.830596924E0,8.451538086E-1,-4.319915771E1
4.633024083E0,1.968467712E0,6.320190430E-1,-4.319927979E1
4.643070083E0,2.288139343E0,4.825439453E-1,-4.326226807E1
4.653117083E0,2.388320923E0,4.794616699E-1,-4.335217285E1
4.663163083E0,2.637611389E0,1.329956055E-1,-4.331250000E1
4.673209083E0,2.956596375E0,4.974365234E-2,-4.332891846E1
4.683255083E0,3.089347839E0,4.687500000E-2,-4.348675537E1
4.693302083E0,3.230194092E0,3.561401367E-2,-4.337091064E1
4.703348083E0,3.509994507E0,-9.155273438E-3,-4.332824707E1
4.713394083E0,3.508850098E0,-1.127319336E-1,-4.313018799E1
4.723440083E0,3.659538269E0,-1.895446777E-1,-4.339843750E1
4.733487083E0,3.922481537E0,-3.679809570E-1,-4.336682129E1
4.743533083E0,4.186210632E0,-4.848327637E-1,-4.328356934E1
4.753579083E0,4.175472260E0,-4.725952148E-1,-4.323278809E1
4.763625083E0,4.066463470E0,-4.762573242E-1,-4.348199463E1
4.773671083E0,4.002548218E0,-4.234313965E-1,-4.344927979E1
4.783718083E0,3.901580811E0,-5.041809082E-1,-4.339056396E1
4.793764083E0,4.084354401E0,-6.404418945E-1,-4.333966064E1
4.803810083E0,4.090339661E0,-3.760681152E-1,-4.362701416E1
4.813856083E0,4.027259827E0,-5.435180664E-1,-4.354858398E1
4.823903083E0,4.010398865E0,-3.739013672E-1,-4.368963623E1
4.833949083E0,4.145851135E0,7.925415039E-2,-4.380981445E1
4.843995083E0,4.231437683E0,1.389770508E-1,-4.378308105E1
4.854041083E0,4.509212494E0,4.625854492E-1,-4.365344238E1
4.864088083E0,4.540534973E0,7.987670898E-1,-4.352368164E1
4.874134083E0,4.659183502E0,8.564453125E-1,-4.361175537E1
4.884180083E0,4.439609528E0,9.260559082E-1,-4.348937988E1
4.894226083E0,4.308532715E0,1.040954590E0,-4.359729004E1
4.904273083E0,4.187599182E0,9.518432617E-1,-4.400170898E1
4.914319083E0,4.053115845E0,7.650451660E-1,-4.392034912E1
4.924365083E0,3.970466614E0,6.054687500E-1,-4.374603271E1
4.934411083E0,3.650279999E0,4.710998535E-1,-4.382965088E1
4.944457083E0,3.593090057E0,1.614685059E-1,-4.402868652E1
4.954504083E0,3.447128296E0,3.081359863E-1,-4.400653076E1
4.964550083E0,3.238143921E0,3.888854980E-1,-4.388995361E1
4.974596083E0,3.204887390E0,6.735839844E-1,-4.397320557E1
4.984642083E0,2.958099365E0,9.774780273E-1,-4.389813232E1
4.994689083E0,2.895828247E0,1.419311523E0,-4.388696289E1
5.004735083E0,2.954780579E0,1.752349854E0,-4.383862305E1
5.014781083E0,2.933509827E0,2.191131592E0,-4.369024658E1
5.024827167E0,3.027404785E0,2.259155273E0,-4.380200195E1
5.034874167E0,3.135940552E0,2.310058594E0,-4.374841309E1
5.044920167E0,3.250267029E0,2.221099854E0,-4.382806396E1
5.054966167E0,3.362960815E0,1.899719238E0,-4.380560303E1
5.065012167E0,3.322265625E0,1.453857422E0,-4.403930664E1
5.075059167E0,3.379768372E0,8.688354492E-1,-4.419598389E1
5.085105167E0,3.439254761E0,3.469848633E-1,-4.423809814E1
5.095151167E0,3.111183167E0,-1.326904297E-1,-4.448986816E1
5.105197167E0,3.111183167E0,-1.326904297E-1,-4.448986816E1
5.115243167E0,2.869995117E0,-1.133911133E0,-4.460736084E1
5.125290167E0,2.720573425E0,-1.431335449E0,-4.474603271E1
5.135336167E0,2.611457825E0,-1.800048828E0,-4.458093262E1
5.145382167E0,2.700508118E0,-2.006439209E0,-4.466827393E1
5.155428167E0,2.901351929E0,-2.281463623E0,-4.465106201E1
5.165475167E0,2.901351929E0,-2.281463623E0,-4.465106201E1
5.175521167E0,3.002838135E0,-2.452728271E0,-4.458172607E1
5.185567167E0,3.083564758E0,-2.749420166E0,-4.458898926E1
5.195613167E0,3.370979309E0,-3.135375977E0,-4.440100098E1
5.205660167E0,3.558967590E0,-3.329193115E0,-4.438787842E1
5.215706167E0,3.786144257E0,-3.656402588E0,-4.448260498E1
5.225752167E0,3.951217651E0,-3.829284668E0,-4.431530762E1
5.235798167E0,4.221710205E0,-4.063446045E0,-4.444610596E1
5.245844167E0,4.438987732E0,-4.423675537E0,-4.419335938E1
5.255891167E0,4.568199158E0,-4.625274658E0,-4.404064941E1
5.265937167E0,4.951503754E0,-4.831451416E0,-4.398010254E1
5.275983167E0,5.173389435E0,-5.015655518E0,-4.394610596E1
5.286029167E0,5.289943695E0,-5.080749512E0,-4.401232910E1
5.296076167E0,5.560428619E0,-5.369659424E0,-4.397668457E1
5.306122167E0,5.850677490E0,-5.397796631E0,-4.410083008E1
5.316168167E0,6.001365662E0,-5.446685791E0,-4.403912354E1
5.326214167E0,6.073455811E0,-5.484405518E0,-4.419952393E1
5.336261167E0,6.153541565E0,-5.440948486E0,-4.419140625E1
5.346307167E0,6.105937958E0,-5.516784668E0,-4.424365234E1
5.356353167E0,6.270263672E0,-5.601470947E0,-4.410675049E1
5.366399167E0,6.258983612E0,-5.537200928E0,-4.422882080E1
5.376445167E0,6.303211212E0,-5.761810303E0,-4.417932129E1
5.386492167E0,6.359477997E0,-5.797149658E0,-4.426159668E1
5.396538167E0,6.439254761E0,-5.709289551E0,-4.425927734E1
5.406584167E0,6.427913666E0,-5.765106201E0,-4.436218262E1
5.416630167E0,6.477725983E0,-5.801177979E0,-4.402655029E1
5.426677167E0,6.620014191E0,-5.764404297E0,-4.421520996E1
5.436723167E0,6.737903595E0,-5.830566406E0,-4.452075195E1
5.446769167E0,6.815567017E0,-5.820129395E0,-4.459887695E1
5.456815167E0,7.017665863E0,-5.967102051E0,-4.444256592E1
5.466862167E0,7.079917908E0,-6.118408203E0,-4.452960205E1
5.476908167E0,7.078617096E0,-6.172210693E0,-4.428582764E1
5.486954167E0,7.169868469E0,-6.246582031E0,-4.454309082E1
5.497000167E0,7.184017181E0,-6.248016357E0,-4.466387939E1
5.507047167E0,7.067310333E0,-6.494049072E0,-4.455236816E1
5.517093167E0,6.917774200E0,-6.606964111E0,-4.461614990E1
5.527139167E0,6.848602295E0,-6.668090820E0,-4.478240967E1
5.537185167E0,6.736434937E0,-6.723205566E0,-4.480688477E1
5.547231167E0,6.751705170E0,-6.627166748E0,-4.473620605E1
5.557278167E0,6.776912689E0,-6.722320557E0,-4.462280273E1
5.567324167E0,6.903125763E0,-6.786804199E0,-4.483538818E1
5.577370167E0,7.019596100E0,-6.600830078E0,-4.477105713E1
5.587416167E0,7.058944702E0,-6.732055664E0,-4.465313721E1
5.597463167E0,7.247322083E0,-6.824462891E0,-4.477795410E1
5.607509167E0,7.444061279E0,-6.977172852E0,-4.458862305E1
5.617555167E0,7.763595581E0,-7.159606934E0,-4.462951660E1
5.627601167E0,7.964023590E0,-7.533905029E0,-4.426049805E1
5.637648167E0,8.168148041E0,-8.046447754E0,-4.430114746E1
5.647694167E0,8.484142303E0,-8.663116455E0,-4.427435303E1
5.657740167E0,8.632591248E0,-8.886444092E0,-4.396807861E1
5.667786167E0,8.830993652E0,-9.148315430E0,-4.364904785E1
5.677832167E0,8.938121796E0,-9.296051025E0,-4.368621826E1
5.687879167E0,8.986183167E0,-9.737152100E0,-4.353192139E1
5.697925167E0,9.012660980E0,-9.905090332E0,-4.362396240E1
5.707971167E0,8.917999268E0,-1.009359741E1,-4.355230713E1
5.718017167E0,8.886844635E0,-1.024789429E1,-4.360101318E1
5.728064167E0,8.883098602E0,-1.037222290E1,-4.349700928E1
5.738110167E0,8.935661316E0,-1.044049072E1,-4.355035400E1
5.748156167E0,9.035556793E0,-1.069586182E1,-4.346771240E1
5.758202167E0,9.107608795E0,-1.092303467E1,-4.315234375E1
5.768249167E0,9.333469391E0,-1.110812378E1,-4.323480225E1
5.778295167E0,9.632041931E0,-1.114062500E1,-4.320483398E1
5.788341167E0,9.827499390E0,-1.139843750E1,-4.280310059E1
5.798387167E0,9.985092163E0,-1.145300293E1,-4.301098633E1
5.808433167E0,1.030576706E1,-1.123739624E1,-4.269439697E1
5.818480167E0,1.048444366E1,-1.132806396E1,-4.275415039E1
5.828526167E0,1.070629501E1,-1.122491455E1,-4.266387939E1
5.838572167E0,1.116569901E1,-1.131723022E1,-4.245745850E1
5.848618167E0,1.135810852E1,-1.134106445E1,-4.224188232E1
5.858665167E0,1.164411926E1,-1.141036987E1,-4.208581543E1
5.868711167E0,1.193366623E1,-1.158691406E1,-4.177435303E1
5.878757167E0,1.193366623E1,-1.158691406E1,-4.177435303E1
5.888803167E0,1.198004913E1,-1.157208252E1,-4.187170410E1
5.898850167E0,1.217821121E1,-1.174777222E1,-4.180889893E1
5.908896167E0,1.221422195E1,-1.180465698E1,-4.167236328E1
5.918942167E0,1.228818512E1,-1.198477173E1,-4.154461670E1
5.928988167E0,1.226388168E1,-1.209799194E1,-4.146307373E1
5.939034167E0,1.213029480E1,-1.223703003E1,-4.160504150E1
5.949081167E0,1.200848389E1,-1.227777100E1,-4.163421631E1
5.959127167E0,1.183922195E1,-1.242333984E1,-4.160028076E1
5.969173167E0,1.182561874E1,-1.241641235E1,-4.162475586E1
5.979219167E0,1.197280121E1,-1.265979004E1,-4.148443604E1
5.989266167E0,1.189482117E1,-1.276086426E1,-4.154620361E1
5.999312167E0,1.169143295E1,-1.285494995E1,-4.156134033E1
6.009358167E0,1.159698868E1,-1.286621094E1,-4.160345459E1
6.019404167E0,1.165455627E1,-1.289041138E1,-4.160369873E1
6.029451542E0,1.141512680E1,-1.289556885E1,-4.143670654E1
6.039497542E0,1.135807037E1,-1.281369019E1,-4.146630859E1
6.049543542E0,1.114245224E1,-1.293579102E1,-4.161260986E1
6.059589542E0,1.122674942E1,-1.306561279E1,-4.164550781E1
6.069635542E0,1.106476593E1,-1.314443970E1,-4.149523926E1
6.079682542E0,1.101742935E1,-1.312069702E1,-4.146282959E1
6.089728542E0,1.096248627E1,-1.293524170E1,-4.164794922E1
6.099774542E0,1.087681198E1,-1.287734985E1,-4.180963135E1
6.109820542E0,1.089448929E1,-1.261914062E1,-4.169561768E1
6.119867542E0,1.075657272E1,-1.222094727E1,-4.170208740E1
6.129913542E0,1.062971115E1,-1.185427856E1,-4.181048584E1
6.139959542E0,1.040597916E1,-1.146270752E1,-4.191748047E1
6.150005542E0,1.030608368E1,-1.122039795E1,-4.194818115E1
6.160051542E0,1.032218933E1,-1.109866333E1,-4.173175049E1
6.170098542E0,1.055986786E1,-1.081686401E1,-4.168804932E1
6.180144542E0,1.081020355E1,-1.056661987E1,-4.154913330E1
6.190190542E0,1.098219681E1,-1.067382812E1,-4.160229492E1
6.200236542E0,1.106141663E1,-1.080987549E1,-4.140203857E1
6.210283542E0,1.114953613E1,-1.102761841E1,-4.129711914E1
6.220329542E0,1.120653534E1,-1.123013306E1,-4.106903076E1
6.230375542E0,1.110644531E1,-1.162597656E1,-4.091815186E1
6.240421542E0,1.097891998E1,-1.186962891E1,-4.102484131E1
6.250467542E0,1.076298141E1,-1.214007568E1,-4.122601318E1
6.260514542E0,1.074977112E1,-1.238308716E1,-4.109387207E1
6.270560542E0,1.050825119E1,-1.239755249E1,-4.109454346E1
6.280606542E0,1.025402451E1,-1.226934814E1,-4.128100586E1
6.290652542E0,1.031461716E1,-1.241152954E1,-4.085443115E1
6.300699542E0,1.020511246E1,-1.252084351E1,-4.077825928E1
6.310745542E0,1.022859573E1,-1.249011230E1,-4.099243164E1
6.320791542E0,1.029752350E1,-1.260681152E1,-4.087237549E1
6.330837542E0,1.042593002E1,-1.252212524E1,-4.085937500E1
6.340884542E0,1.035011673E1,-1.240850830E1,-4.083367920E1
6.350930542E0,1.044226074E1,-1.225866699E1,-4.089916992E1
6.360976542E0,1.047430420E1,-1.219244385E1,-4.092938232E1
6.371022542E0,1.081088257E1,-1.230206299E1,-4.086193848E1
6.381068542E0,1.081347656E1,-1.236315918E1,-4.072210693E1
6.391115542E0,1.104372025E1,-1.223815918E1,-4.039636230E1
6.401161542E0,1.137645340E1,-1.222613525E1,-4.032867432E1
6.411207542E0,1.153196716E1,-1.223031616E1,-4.002288818E1
6.421253542E0,1.169361496E1,-1.213977051E1,-3.987432861E1
6.431300542E0,1.182799911E1,-1.213314819E1,-3.991369629E1
6.441346542E0,1.188090515E1,-1.203048706E1,-3.983697510E1
6.451392542E0,1.199213791E1,-1.204730225E1,-3.960058594E1
6.461438542E0,1.208412933E1,-1.166101074E1,-3.970141602E1
6.471484542E0,1.217424774E1,-1.161666870E1,-3.934161377E1
6.481531542E0,1.226947403E1,-1.164102173E1,-3.961639404E1
6.491577542E0,1.242266464E1,-1.160559082E1,-3.958898926E1
6.501623542E0,1.250733185E1,-1.159045410E1,-3.957183838E1
6.511669542E0,1.263099289E1,-1.150094604E1,-3.958233643E1
6.521716542E0,1.272460938E1,-1.146212769E1,-3.943884277E1
6.531762542E0,1.277481079E1,-1.124414062E1,-3.938208008E1
6.541808542E0,1.276389313E1,-1.109866333E1,-3.944610596E1
6.551854542E0,1.288280487E1,-1.085076904E1,-3.949444580E1
6.561900542E0,1.295863342E1,-1.071179199E1,-3.915399170E1
6.571947542E0,1.319215012E1,-1.076528931E1,-3.898138428E1
6.581993542E0,1.319713974E1,-1.068933105E1,-3.921557617E1
6.592039542E0,1.319713974E1,-1.068933105E1,-3.921557617E1
6.602085542E0,1.323760986E1,-1.068313599E1,-3.921221924E1
6.612132542E0,1.330390167E1,-1.077966309E1,-3.918347168E1
6.622178542E0,1.330708313E1,-1.072769165E1,-3.890344238E1
6.632224542E0,1.316658401E1,-1.068316650E1,-3.894604492E1
6.642270542E0,1.301906204E1,-1.074307251E1,-3.871032715E1
6.652316542E0,1.307861710E1,-1.093386841E1,-3.883398438E1
6.662363542E0,1.307101822E1,-1.097064209E1,-3.908428955E1
6.672409542E0,1.288427734E1,-1.089718628E1,-3.895892334E1
6.682455542E0,1.268310547E1,-1.073025513E1,-3.912823486E1
6.692501542E0,1.269500351E1,-1.046884155E1,-3.916375732E1
6.702548542E0,1.247179413E1,-1.041442871E1,-3.918084717E1
6.712594542E0,1.251872635E1,-1.026489258E1,-3.905450439E1
6.722640542E0,1.244947433E1,-1.035324097E1,-3.884869385E1
6.732686542E0,1.247592545E1,-1.022909546E1,-3.869989014E1
6.742732542E0,1.266751099E1,-1.051181030E1,-3.867938232E1
6.752779542E0,1.266088486E1,-1.065753174E1,-3.840814209E1
6.762825542E0,1.278001404E1,-1.101354980E1,-3.823809814E1
6.772871542E0,1.321409988E1,-1.138034058E1,-3.828674316E1
6.782917542E0,1.326783752E1,-1.171447754E1,-3.793945312E1
6.792963542E0,1.337064743E1,-1.196011353E1,-3.787182617E1
6.803010542E0,1.347639847E1,-1.201565552E1,-3.774212646E1
6.813056542E0,1.348979568E1,-1.218969727E1,-3.760174561E1
6.823102542E0,1.359757233E1,-1.243197632E1,-3.730987549E1
6.833148542E0,1.361962128E1,-1.247442627E1,-3.727050781E1
6.843195542E0,1.355135345E1,-1.252899170E1,-3.726312256E1
6.853241542E0,1.367461395E1,-1.266983032E1,-3.718170166E1
6.863287542E0,1.370446777E1,-1.272052002E1,-3.720538330E1
6.873333542E0,1.384749603E1,-1.253582764E1,-3.710107422E1
6.883379542E0,1.378484726E1,-1.267977905E1,-3.714135742E1
6.893426542E0,1.380811691E1,-1.273260498E1,-3.700781250E1
6.903472542E0,1.383871078E1,-1.265447998E1,-3.692950439E1
6.913518542E0,1.397346497E1,-1.264739990E1,-3.690484619E1
6.923564542E0,1.411468124E1,-1.264102173E1,-3.678662109E1
6.933611542E0,1.426481628E1,-1.265084839E1,-3.666888428E1
6.943657542E0,1.438325119E1,-1.262167358E1,-3.642639160E1
6.953703542E0,1.447594833E1,-1.250808716E1,-3.658679199E1
6.963749542E0,1.469690323E1,-1.242761230E1,-3.634173584E1
6.973795542E0,1.492275238E1,-1.240557861E1,-3.617089844E1
6.983842542E0,1.508693314E1,-1.258047485E1,-3.622857666E1
6.993888542E0,1.532241058E1,-1.258819580E1,-3.603137207E1
7.003934542E0,1.556476212E1,-1.256149292E1,-3.590130615E1
7.013980542E0,1.573797607E1,-1.270980835E1,-3.578552246E1
7.024027833E0,1.578451157E1,-1.266027832E1,-3.571221924E1
7.034073833E0,1.576153564E1,-1.268151855E1,-3.552331543E1
7.044119833E0,1.568733978E1,-1.271490479E1,-3.574615479E1
7.054165833E0,1.580328369E1,-1.259475708E1,-3.548419189E1
7.064211833E0,1.582669830E1,-1.254306030E1,-3.569189453E1
7.074258833E0,1.574023819E1,-1.251425171E1,-3.551501465E1
7.084304833E0,1.573426437E1,-1.259207153E1,-3.564147949E1
7.094350833E0,1.559849548E1,-1.248114014E1,-3.581402588E1
7.104396833E0,1.566374207E1,-1.231838989E1,-3.571673584E1
7.114443833E0,1.554800034E1,-1.227529907E1,-3.569641113E1
7.124489833E0,1.563917160E1,-1.240771484E1,-3.568054199E1
7.134535833E0,1.571174240E1,-1.232107544E1,-3.575201416E1
7.144581833E0,1.558250046E1,-1.233407593E1,-3.562646484E1
7.154627833E0,1.559292984E1,-1.248489380E1,-3.573944092E1
7.164674833E0,1.539841461E1,-1.246697998E1,-3.569934082E1
7.174720833E0,1.536806107E1,-1.256771851E1,-3.562261963E1
7.184766833E0,1.521383667E1,-1.251300049E1,-3.580560303E1
7.194812833E0,1.528264999E1,-1.252392578E1,-3.597711182E1
7.204858833E0,1.525528717E1,-1.250463867E1,-3.552416992E1
7.214905833E0,1.516812897E1,-1.237197876E1,-3.541729736E1
7.224951833E0,1.522807312E1,-1.234939575E1,-3.548767090E1
7.234997833E0,1.525210953E1,-1.220690918E1,-3.552105713E1
7.245043833E0,1.514867783E1,-1.192727661E1,-3.558325195E1
7.255090833E0,1.519185638E1,-1.179040527E1,-3.555651855E1
7.265136833E0,1.504077911E1,-1.160037231E1,-3.557574463E1
7.275182833E0,1.491666412E1,-1.112158203E1,-3.580841064E1
7.285228833E0,1.496870041E1,-1.086685181E1,-3.597296143E1
7.295274833E0,1.510108566E1,-1.042031860E1,-3.596215820E1
7.305321833E0,1.510108566E1,-1.042031860E1,-3.596215820E1
7.315367833E0,1.535160828E1,-1.017584229E1,-3.597100830E1
7.325413833E0,1.555918121E1,-9.994293213E0,-3.618371582E1
7.335459833E0,1.574501419E1,-1.000344849E1,-3.603424072E1
7.345505833E0,1.568848419E1,-1.008782959E1,-3.589233398E1
7.355552833E0,1.583301163E1,-1.026095581E1,-3.567572021E1
7.365598833E0,1.559083176E1,-1.020892334E1,-3.560882568E1
7.375644833E0,1.565712357E1,-1.041421509E1,-3.575079346E1
7.385690833E0,1.549889755E1,-1.080673218E1,-3.560021973E1
7.395737833E0,1.537689590E1,-1.087881470E1,-3.562182617E1
7.405783833E0,1.522520065E1,-1.111175537E1,-3.582916260E1
7.415829833E0,1.500051498E1,-1.132015991E1,-3.583801270E1
7.425875833E0,1.484510040E1,-1.138299561E1,-3.567590332E1
7.435921833E0,1.486989594E1,-1.160073853E1,-3.583978271E1
7.445968833E0,1.490416718E1,-1.171893311E1,-3.556396484E1
7.456014833E0,1.495132065E1,-1.159066772E1,-3.577117920E1
7.466060833E0,1.503045273E1,-1.163644409E1,-3.579931641E1
7.476106833E0,1.501983261E1,-1.149929810E1,-3.558563232E1
7.486152833E0,1.507798386E1,-1.144586182E1,-3.556127930E1
7.496199833E0,1.536117935E1,-1.147683716E1,-3.545886230E1
7.506245833E0,1.561660004E1,-1.142562866E1,-3.553765869E1
7.516291833E0,1.557147980E1,-1.130633545E1,-3.532739258E1
7.526337833E0,1.569066620E1,-1.128625488E1,-3.543865967E1
7.536383833E0,1.586506653E1,-1.110629272E1,-3.536431885E1
7.546430833E0,1.585997009E1,-1.095870972E1,-3.528167725E1
7.556476833E0,1.605759430E1,-1.088787842E1,-3.519122314E1
7.566522833E0,1.620610046E1,-1.087872314E1,-3.538989258E1
7.576568833E0,1.628553772E1,-1.085229492E1,-3.538531494E1
7.586615833E0,1.637935638E1,-1.083267212E1,-3.529858398E1
7.596661833E0,1.652215958E1,-1.075521851E1,-3.535040283E1
7.606707833E0,1.652016449E1,-1.061410522E1,-3.524047852E1
7.616753833E0,1.659433746E1,-1.067816162E1,-3.526251221E1
7.626799833E0,1.673304749E1,-1.058944702E1,-3.537316895E1
7.636846833E0,1.672421265E1,-1.044448853E1,-3.533776855E1
7.646892833E0,1.670760345E1,-1.035830688E1,-3.532800293E1
7.656938833E0,1.686347198E1,-1.029251099E1,-3.532409668E1
7.666984833E0,1.674446487E1,-1.026242065E1,-3.542315674E1
7.677030833E0,1.664744568E1,-1.006182861E1,-3.535083008E1
7.687077833E0,1.676861954E1,-9.964904785E0,-3.538629150E1
7.697123833E0,1.681952286E1,-9.779418945E0,-3.541882324E1
7.707169833E0,1.694275665E1,-9.790679932E0,-3.539508057E1
7.717215833E0,1.696818161E1,-9.702362061E0,-3.530755615E1
7.727262833E0,1.696598434E1,-9.654510498E0,-3.541357422E1
7.737308833E0,1.702795029E1,-9.709259033E0,-3.546173096E1
7.747354833E0,1.713143539E1,-9.778839111E0,-3.543310547E1
7.757400833E0,1.721262741E1,-9.967651367E0,-3.532562256E1
7.767446833E0,1.721183777E1,-1.008270264E1,-3.538043213E1
7.777493833E0,1.733081818E1,-1.010031128E1,-3.546923828E1
7.787539833E0,1.738890076E1,-1.026611328E1,-3.546612549E1
7.797585833E0,1.733863831E1,-1.034445190E1,-3.535961914E1
7.807631833E0,1.735497284E1,-1.054537964E1,-3.538104248E1
7.817677833E0,1.735621643E1,-1.084512329E1,-3.537158203E1
7.827724833E0,1.736367416E1,-1.081222534E1,-3.538604736E1
7.837770833E0,1.742799377E1,-1.112493896E1,-3.542663574E1
7.847816833E0,1.746790314E1,-1.111285400E1,-3.524896240E1
7.857862833E0,1.735940552E1,-1.138253784E1,-3.518530273E1
7.867908833E0,1.707853699E1,-1.129595947E1,-3.522851562E1
7.877955833E0,1.713668823E1,-1.137362671E1,-3.543780518E1
7.888001833E0,1.709567642E1,-1.121438599E1,-3.563439941E1
7.898047833E0,1.714252472E1,-1.145294189E1,-3.554193115E1
7.908093833E0,1.727200699E1,-1.150161743E1,-3.528509521E1
7.918140833E0,1.719141769E1,-1.142840576E1,-3.541033936E1
7.928186833E0,1.720158768E1,-1.150170898E1,-3.553497314E1
7.938232833E0,1.733240891E1,-1.148352051E1,-3.532568359E1
7.948278833E0,1.740048981E1,-1.166760254E1,-3.518438721E1
7.958324833E0,1.759296036E1,-1.186517334E1,-3.510339355E1
7.968371833E0,1.788682175E1,-1.206121826E1,-3.492474365E1
7.978417833E0,1.774398422E1,-1.210797119E1,-3.473425293E1
7.988463833E0,1.794608307E1,-1.232562256E1,-3.457525635E1
7.998509833E0,1.793986130E1,-1.249758911E1,-3.471124268E1
8.008555833E0,1.798597717E1,-1.240066528E1,-3.469610596E1
8.018602833E0,1.798597717E1,-1.240066528E1,-3.469610596E1
8.028649042E0,1.818953323E1,-1.249703979E1,-3.451885986E1
8.038695042E0,1.826868820E1,-1.259167480E1,-3.466870117E1
8.048741042E0,1.817662430E1,-1.251531982E1,-3.458581543E1
8.058787042E0,1.819885254E1,-1.253109741E1,-3.470507812E1
8.068834042E0,1.816952515E1,-1.244723511E1,-3.465954590E1
8.078880042E0,1.826269913E1,-1.230215454E1,-3.462786865E1
8.088926042E0,1.810795593E1,-1.211715698E1,-3.463348389E1
8.098972042E0,1.803693008E1,-1.207434082E1,-3.502825928E1
8.109018042E0,1.798109818E1,-1.202728271E1,-3.493054199E1
8.119065042E0,1.803360367E1,-1.178161621E1,-3.497125244E1
8.129111042E0,1.788601303E1,-1.164605713E1,-3.483526611E1
8.139157042E0,1.778739548E1,-1.168359375E1,-3.489483643E1
8.149203042E0,1.786448288E1,-1.154974365E1,-3.503680420E1
8.159249042E0,1.786233139E1,-1.154611206E1,-3.513085938E1
8.169296042E0,1.797775269E1,-1.164950562E1,-3.501745605E1
8.179342042E0,1.812653351E1,-1.157904053E1,-3.502636719E1
8.189388042E0,1.812048721E1,-1.154098511E1,-3.501977539E1
8.199434042E0,1.819517136E1,-1.158251953E1,-3.502874756E1
8.209480042E0,1.815070724E1,-1.176312256E1,-3.502435303E1
8.219527042E0,1.820398712E1,-1.191662598E1,-3.481359863E1
8.229573042E0,1.829437256E1,-1.175851440E1,-3.457586670E1
8.239619042E0,1.810748672E1,-1.188143921E1,-3.465032959E1
8.249665042E0,1.811090469E1,-1.184085083E1,-3.466546631E1
8.259712042E0,1.802301025E1,-1.189166260E1,-3.459863281E1
8.269758042E0,1.801908493E1,-1.179257202E1,-3.460021973E1
8.279804042E0,1.808283234E1,-1.183233643E1,-3.442138672E1
8.289850042E0,1.816101456E1,-1.196038818E1,-3.488439941E1
8.299896042E0,1.802872467E1,-1.178521729E1,-3.487420654E1
8.309942042E0,1.799742889E1,-1.188189697E1,-3.486224365E1
8.319989042E0,1.800708771E1,-1.180068970E1,-3.488470459E1
8.330035042E0,1.773069382E1,-1.165686035E1,-3.504650879E1
8.340081042E0,1.769861984E1,-1.162063599E1,-3.514373779E1
8.350127042E0,1.760013199E1,-1.152819824E1,-3.525640869E1
8.360174042E0,1.755855560E1,-1.169055176E1,-3.524511719E1
8.370220042E0,1.738764572E1,-1.173107910E1,-3.518591309E1
8.380266042E0,1.723976135E1,-1.162789917E1,-3.535473633E1
8.390312042E0,1.713994980E1,-1.165893555E1,-3.527807617E1
8.400358042E0,1.706991959E1,-1.162564087E1,-3.536578369E1
8.410405042E0,1.697761536E1,-1.171124268E1,-3.563024902E1
8.420451042E0,1.687519455E1,-1.164904785E1,-3.558447266E1
8.430497042E0,1.677655411E1,-1.140979004E1,-3.566064453E1
8.440543042E0,1.669054794E1,-1.134143066E1,-3.586694336E1
8.450589042E0,1.658852386E1,-1.125494385E1,-3.587194824E1
8.460636042E0,1.646839905E1,-1.097219849E1,-3.604174805E1
8.470682042E0,1.648590851E1,-1.069482422E1,-3.624066162E1
8.480728042E0,1.647066498E1,-1.035110474E1,-3.643383789E1
8.490774042E0,1.659675980E1,-9.956939697E0,-3.648175049E1
8.500820042E0,1.652394867E1,-9.496948242E0,-3.657934570E1
8.510867042E0,1.664647675E1,-9.311492920E0,-3.653308105E1
8.520913042E0,1.697335052E1,-9.048431396E0,-3.634423828E1
8.530959042E0,1.712865067E1,-8.963470459E0,-3.637640381E1
8.541005042E0,1.735931778E1,-8.775634766E0,-3.632861328E1
8.551051042E0,1.718767929E1,-8.605560303E0,-3.623388672E1
8.561098042E0,1.727751541E1,-8.668334961E0,-3.657073975E1
8.571144042E0,1.736716080E1,-8.373321533E0,-3.654760742E1
8.581190042E0,1.717282486E1,-8.343353271E0,-3.672283936E1
8.591236042E0,1.725207901E1,-8.383026123E0,-3.687353516E1
8.601282042E0,1.730491638E1,-8.342590332E0,-3.692590332E1
8.611329042E0,1.729296875E1,-8.336395264E0,-3.693365479E1
8.621375042E0,1.727780914E1,-8.139160156E0,-3.690820312E1
8.631421042E0,1.724266434E1,-8.127532959E0,-3.694177246E1
8.641467042E0,1.701922226E1,-8.192993164E0,-3.687231445E1
8.651513042E0,1.697681808E1,-8.105865479E0,-3.670239258E1
8.661560042E0,1.694314575E1,-7.964843750E0,-3.691082764E1
8.671606042E0,1.683723831E1,-8.026550293E0,-3.731823730E1
8.681652042E0,1.675049591E1,-7.925720215E0,-3.708154297E1
8.691698042E0,1.678663254E1,-8.055938721E0,-3.718151855E1
8.701744042E0,1.667543411E1,-7.843078613E0,-3.718603516E1
8.711791042E0,1.647025299E1,-7.741790771E0,-3.743670654E1
8.721837042E0,1.641870117E1,-7.709136963E0,-3.727362061E1
8.731883042E0,1.641870117E1,-7.709136963E0,-3.727362061E1
8.741929042E0,1.634408951E1,-7.715728760E0,-3.731787109E1
8.751975042E0,1.633014679E1,-7.703796387E0,-3.746649170E1
8.762022042E0,1.625333405E1,-7.551483154E0,-3.770355225E1
8.772068042E0,1.622933960E1,-7.671020508E0,-3.769586182E1
8.782114042E0,1.610659409E1,-7.553833008E0,-3.744177246E1
8.792160042E0,1.594471741E1,-7.703765869E0,-3.752441406E1
8.802206042E0,1.599497986E1,-7.750671387E0,-3.774987793E1
8.812253042E0,1.588584900E1,-7.662353516E0,-3.767767334E1
8.822299042E0,1.581583023E1,-7.636779785E0,-3.777655029E1
8.832345042E0,1.563858032E1,-7.683013916E0,-3.793383789E1
8.842391042E0,1.562815094E1,-7.585876465E0,-3.785192871E1
8.852437042E0,1.545700836E1,-7.443237305E0,-3.792474365E1
8.862484042E0,1.536066437E1,-7.271301270E0,-3.802868652E1
8.872530042E0,1.527905655E1,-7.180603027E0,-3.821069336E1
8.882576042E0,1.529830551E1,-7.222900391E0,-3.809179688E1
8.892622042E0,1.500720978E1,-6.889770508E0,-3.818621826E1
8.902668042E0,1.492509842E1,-6.827819824E0,-3.853033447E1
8.912715042E0,1.496007538E1,-6.564178467E0,-3.846014404E1
8.922761042E0,1.473832703E1,-6.376892090E0,-3.864709473E1
8.932807042E0,1.468451691E1,-6.054779053E0,-3.891540527E1
8.942853042E0,1.463599396E1,-5.500518799E0,-3.867761230E1
8.952899042E0,1.461643219E1,-5.182434082E0,-3.867913818E1
8.962945042E0,1.447967529E1,-4.930786133E0,-3.886669922E1
8.972992042E0,1.424892807E1,-4.658050537E0,-3.891912842E1
8.983038042E0,1.421303177E1,-4.543365479E0,-3.899267578E1
8.993084042E0,1.425305939E1,-4.581115723E0,-3.896789551E1
9.003130042E0,1.417377090E1,-4.709747314E0,-3.902355957E1
9.013176042E0,1.414937210E1,-5.073669434E0,-3.891778564E1
9.023223042E0,1.435996246E1,-5.433532715E0,-3.911364746E1
9.033267833E0,1.452323914E1,-5.901428223E0,-3.904956055E1
9.043313833E0,1.471979141E1,-6.502380371E0,-3.877496338E1
9.053359833E0,1.474499130E1,-6.836822510E0,-3.857897949E1
9.063405833E0,1.493819046E1,-7.180877686E0,-3.852832031E1
9.073452833E0,1.518226242E1,-7.385192871E0,-3.857757568E1
9.083498833E0,1.517559052E1,-7.420562744E0,-3.849230957E1
9.093544833E0,1.530386353E1,-7.281341553E0,-3.848492432E1
9.103590833E0,1.551856613E1,-7.132934570E0,-3.847827148E1
9.113636833E0,1.560715103E1,-6.832000732E0,-3.833245850E1
9.123683833E0,1.594867325E1,-6.825958252E0,-3.847918701E1
9.133729833E0,1.622901917E1,-6.695281982E0,-3.829351807E1
9.143775833E0,1.651010132E1,-6.754699707E0,-3.811041260E1
9.153821833E0,1.688816071E1,-6.768096924E0,-3.812121582E1
9.163867833E0,1.708687592E1,-6.789398193E0,-3.814013672E1
9.173914833E0,1.724622726E1,-6.791900635E0,-3.800213623E1
9.183960833E0,1.751559830E1,-6.901123047E0,-3.778790283E1
9.194006833E0,1.775248718E1,-6.688110352E0,-3.768682861E1
9.204052833E0,1.807991791E1,-6.569030762E0,-3.766125488E1
9.214098833E0,1.835288239E1,-6.558013916E0,-3.729248047E1
9.224145833E0,1.856309128E1,-6.752288818E0,-3.717449951E1
9.234191833E0,1.880679321E1,-6.883209229E0,-3.721514893E1
9.244237833E0,1.877722168E1,-7.148315430E0,-3.701708984E1
9.254283833E0,1.884517288E1,-7.360534668E0,-3.709155273E1
9.264329833E0,1.866161728E1,-7.691558838E0,-3.704650879E1
9.274376833E0,1.855156326E1,-7.995361328E0,-3.704199219E1
9.284422833E0,1.835757065E1,-8.181549072E0,-3.726727295E1
9.294468833E0,1.852396011E1,-8.308532715E0,-3.707220459E1
9.304514833E0,1.850155640E1,-8.556213379E0,-3.710913086E1
9.314560833E0,1.855273056E1,-8.751220703E0,-3.699890137E1
9.324607833E0,1.867941284E1,-8.864105225E0,-3.691876221E1
9.334653833E0,1.877632523E1,-9.069641113E0,-3.686169434E1
9.344699833E0,1.891622162E1,-9.236968994E0,-3.670208740E1
9.354745833E0,1.920883179E1,-9.304046631E0,-3.675732422E1
9.364791833E0,1.932622147E1,-9.154785156E0,-3.650561523E1
9.374837833E0,1.942024994E1,-9.093139648E0,-3.647930908E1
9.384884833E0,1.960700607E1,-9.015411377E0,-3.631689453E1
9.394930833E0,1.988007355E1,-9.018524170E0,-3.627496338E1
9.404976833E0,2.018545914E1,-9.173736572E0,-3.610614014E1
9.415022833E0,2.055466080E1,-9.162231445E0,-3.582348633E1
9.425068833E0,2.087123871E1,-9.040496826E0,-3.550830078E1
9.435115833E0,2.137986755E1,-9.016082764E0,-3.537628174E1
9.445161833E0,2.137986755E1,-9.016082764E0,-3.537628174E1
9.455207833E0,2.182840729E1,-8.981109619E0,-3.517517090E1
9.465253833E0,2.229296494E1,-8.917572021E0,-3.456097412E1
9.475299833E0,2.277092361E1,-8.790924072E0,-3.445196533E1
9.485346833E0,2.348112488E1,-8.794403076E0,-3.395916748E1
9.495392833E0,2.424163818E1,-8.480072021E0,-3.329956055E1
9.505438833E0,2.509059525E1,-8.328155518E0,-3.307916260E1
9.515484833E0,2.562430573E1,-8.012573242E0,-3.220635986E1
9.525530833E0,2.661060333E1,-7.843078613E0,-3.151196289E1
9.535577833E0,2.760316849E1,-7.677764893E0,-3.064672852E1
9.545623833E0,2.890189743E1,-7.382232666E0,-2.967340088E1
9.555669833E0,3.005652237E1,-6.971801758E0,-2.844525146E1
9.565715833E0,3.156888580E1,-6.623748779E0,-2.661138916E1
9.575761833E0,3.266690826E1,-6.128601074E0,-2.559936523E1
9.585807833E0,3.334333038E1,-5.701995850E0,-2.463354492E1
9.595854833E0,3.365375519E1,-5.440216064E0,-2.383813477E1
9.605900833E0,3.355194092E1,-5.504821777E0,-2.393292236E1
9.615946833E0,3.349060440E1,-5.769592285E0,-2.381671143E1
9.625992833E0,3.330823898E1,-6.106018066E0,-2.410803223E1
9.636038833E0,3.294617844E1,-6.480010986E0,-2.473571777E1
9.646085833E0,3.245006180E1,-7.044921875E0,-2.552575684E1
9.656131833E0,3.161812592E1,-7.529663086E0,-2.656982422E1
9.666177833E0,3.085034943E1,-7.779541016E0,-2.732348633E1
9.676223833E0,3.019232178E1,-8.057800293E0,-2.819799805E1
9.686269833E0,2.963473129E1,-8.361114502E0,-2.887060547E1
9.696316833E0,2.919696808E1,-8.355865479E0,-2.929516602E1
9.706362833E0,2.902180862E1,-8.381927490E0,-2.959362793E1
9.716408833E0,2.892623138E1,-8.162048340E0,-2.959771729E1
9.726454833E0,2.892412567E1,-7.776031494E0,-2.955718994E1
9.736500833E0,2.909960938E1,-7.342895508E0,-2.941418457E1
9.746546833E0,2.922600174E1,-6.948425293E0,-2.954699707E1
9.756593833E0,2.939646149E1,-6.592498779E0,-2.907360840E1
9.766639833E0,2.949834442E1,-6.364105225E0,-2.922277832E1
9.776685833E0,2.946903992E1,-6.109832764E0,-2.913543701E1
9.786731833E0,2.960221481E1,-6.053039551E0,-2.901678467E1
9.796777833E0,2.957515717E1,-5.953338623E0,-2.911553955E1
9.806824833E0,2.958251953E1,-6.067840576E0,-2.898303223E1
9.816870833E0,2.940966415E1,-5.973297119E0,-2.915502930E1
9.826916833E0,2.926310730E1,-6.085083008E0,-2.931890869E1
9.836962833E0,2.908485031E1,-6.227691650E0,-2.955310059E1
9.847008833E0,2.903946304E1,-6.471496582E0,-2.955932617E1
9.857055833E0,2.894345474E1,-6.592285156E0,-2.984558105E1
9.867101833E0,2.884540558E1,-6.744140625E0,-2.964251709E1
9.877147833E0,2.885041046E1,-6.902954102E0,-2.974133301E1
9.887193833E0,2.881136703E1,-7.109161377E0,-2.995172119E1
9.897239833E0,2.879211426E1,-7.278442383E0,-2.986431885E1
9.907286833E0,2.876899338E1,-7.328552246E0,-2.978295898E1
9.917332833E0,2.875864792E1,-7.501739502E0,-2.964709473E1
9.927378833E0,2.886537552E1,-7.659362793E0,-2.969873047E1
9.937424833E0,2.878446198E1,-7.864440918E0,-2.959759521E1
9.947470833E0,2.859599304E1,-7.971343994E0,-2.984918213E1
9.957516833E0,2.853218842E1,-7.973907471E0,-2.991021729E1
9.967563833E0,2.836295319E1,-8.243133545E0,-2.991973877E1
9.977609833E0,2.833903122E1,-8.410766602E0,-3.008154297E1
9.987655833E0,2.814997864E1,-8.529602051E0,-2.995269775E1
9.997701833E0,2.809536743E1,-8.609130859E0,-3.009503174E1
1.000774783E1,2.808304214E1,-8.864044189E0,-3.006127930E1
1.001779483E1,2.791554260E1,-9.018646240E0,-3.019952393E1
1.002784117E1,2.774232864E1,-9.227630615E0,-3.030639648E1
1.003788717E1,2.779124069E1,-9.226837158E0,-3.008496094E1
1.004793317E1,2.767329788E1,-9.432922363E0,-3.008685303E1
1.005797917E1,2.760843658E1,-9.597839355E0,-3.009625244E1
1.006802617E1,2.770380020E1,-9.722534180E0,-3.018328857E1
1.007807217E1,2.757177353E1,-9.854583740E0,-3.025054932E1
1.008811817E1,2.758875656E1,-1.010260010E1,-2.994934082E1
1.009816417E1,2.753392410E1,-1.029064941E1,-2.968524170E1
1.010821017E1,2.755113983E1,-1.062927246E1,-2.990594482E1
1.011825617E1,2.747326660E1,-1.069842529E1,-3.000646973E1
1.012830317E1,2.731840134E1,-1.103509521E1,-2.985644531E1
1.013834917E1,2.736645126E1,-1.121316528E1,-2.979754639E1
1.014839517E1,2.719664001E1,-1.133193970E1,-2.978857422E1
1.015844117E1,2.719664001E1,-1.133193970E1,-2.978857422E1
1.016848717E1,2.704078674E1,-1.134741211E1,-2.973785400E1
1.017853417E1,2.713134003E1,-1.149703979E1,-2.977722168E1
1.018858017E1,2.702489853E1,-1.172412109E1,-3.003967285E1
1.019862617E1,2.689990234E1,-1.192443848E1,-2.992010498E1
1.020867217E1,2.683276749E1,-1.196405029E1,-2.990679932E1
1.021871817E1,2.693488312E1,-1.216699219E1,-2.964166260E1
1.022876517E1,2.706786728E1,-1.224746704E1,-2.959472656E1
1.023881117E1,2.688243866E1,-1.232174683E1,-2.938916016E1
1.024885717E1,2.682308197E1,-1.238845825E1,-2.942803955E1
1.025890317E1,2.693674850E1,-1.239599609E1,-2.937310791E1
1.026894917E1,2.677199173E1,-1.253277588E1,-2.922985840E1
1.027899517E1,2.689872742E1,-1.262619019E1,-2.895928955E1
1.028904217E1,2.683296585E1,-1.274819946E1,-2.903100586E1
1.029908817E1,2.678155518E1,-1.301312256E1,-2.893261719E1
1.030913417E1,2.690400696E1,-1.304348755E1,-2.871948242E1
1.031918017E1,2.688137436E1,-1.301266479E1,-2.874218750E1
1.032922617E1,2.706385803E1,-1.323852539E1,-2.849615479E1
1.033927317E1,2.704576874E1,-1.330395508E1,-2.855175781E1
1.034931917E1,2.712998199E1,-1.359042358E1,-2.846057129E1
1.035936517E1,2.708686829E1,-1.392697144E1,-2.807580566E1
1.036941117E1,2.722597122E1,-1.399795532E1,-2.798449707E1
1.037945717E1,2.721969986E1,-1.408422852E1,-2.794372559E1
1.038950317E1,2.704801178E1,-1.414102173E1,-2.831610107E1
1.039955017E1,2.677236557E1,-1.419165039E1,-2.853442383E1
1.040959617E1,2.661161804E1,-1.423287964E1,-2.873693848E1
1.041964217E1,2.648076630E1,-1.430770874E1,-2.870379639E1
1.042968817E1,2.633727646E1,-1.434350586E1,-2.852655029E1
1.043973417E1,2.638085175E1,-1.444732666E1,-2.833270264E1
1.044978117E1,2.630730057E1,-1.444564819E1,-2.831427002E1
1.045982717E1,2.642454147E1,-1.466815186E1,-2.803015137E1
1.046987317E1,2.652000046E1,-1.479244995E1,-2.793243408E1
1.047991917E1,2.660811234E1,-1.507510376E1,-2.811328125E1
1.048996517E1,2.645949554E1,-1.531585693E1,-2.798468018E1
1.050001117E1,2.637333679E1,-1.557489014E1,-2.800610352E1
1.051005817E1,2.624330139E1,-1.590368652E1,-2.781457520E1
1.052010417E1,2.614581680E1,-1.597784424E1,-2.757202148E1
1.053015017E1,2.617969131E1,-1.625396729E1,-2.763067627E1
1.054019617E1,2.619633102E1,-1.642803955E1,-2.755334473E1
1.055024217E1,2.609222794E1,-1.647204590E1,-2.760345459E1
1.056028917E1,2.611009598E1,-1.663662720E1,-2.762261963E1
1.057033517E1,2.620982361E1,-1.685601807E1,-2.751031494E1
1.058038117E1,2.612603378E1,-1.714581299E1,-2.734899902E1
1.059042717E1,2.609580994E1,-1.741961670E1,-2.737683105E1
1.060047317E1,2.599926376E1,-1.757156372E1,-2.709185791E1
1.061051917E1,2.588240433E1,-1.784918213E1,-2.708074951E1
1.062056617E1,2.579969788E1,-1.787277222E1,-2.713958740E1
1.063061217E1,2.575889969E1,-1.806689453E1,-2.690991211E1
1.064065817E1,2.563344574E1,-1.828872681E1,-2.704327393E1
1.065070417E1,2.552148056E1,-1.849111938E1,-2.709155273E1
1.066075017E1,2.546731949E1,-1.871118164E1,-2.685980225E1
1.067079717E1,2.529551697E1,-1.888986206E1,-2.669512939E1
1.068084317E1,2.521155548E1,-1.926000977E1,-2.689562988E1
1.069088917E1,2.526831818E1,-1.955731201E1,-2.673065186E1
1.070093517E1,2.526268387E1,-1.968695068E1,-2.635638428E1
1.071098117E1,2.511033249E1,-1.989389038E1,-2.630303955E1
1.072102717E1,2.496445084E1,-2.004501343E1,-2.636004639E1
1.073107417E1,2.496272278E1,-2.034875488E1,-2.625091553E1
1.074112017E1,2.491140747E1,-2.044131470E1,-2.636663818E1
1.075116617E1,2.483274841E1,-2.061621094E1,-2.628826904E1
1.076121217E1,2.474617386E1,-2.073278809E1,-2.602832031E1
1.077125817E1,2.454647446E1,-2.092260742E1,-2.597900391E1
1.078130517E1,2.444443512E1,-2.102261353E1,-2.598883057E1
1.079135117E1,2.444723511E1,-2.114593506E1,-2.581378174E1
1.080139717E1,2.443389511E1,-2.118817139E1,-2.586383057E1
1.081144317E1,2.426265717E1,-2.128866577E1,-2.582312012E1
1.082148917E1,2.431682587E1,-2.154290771E1,-2.580554199E1
1.083153517E1,2.414729691E1,-2.172845459E1,-2.565863037E1
1.084158217E1,2.433592224E1,-2.180181885E1,-2.565515137E1
1.085162817E1,2.400246048E1,-2.179104614E1,-2.565441895E1
1.086167417E1,2.407294083E1,-2.195330811E1,-2.553521729E1
1.087172017E1,2.407294083E1,-2.195330811E1,-2.553521729E1
1.088176617E1,2.397617722E1,-2.208297729E1,-2.548095703E1
1.089181317E1,2.396937943E1,-2.219058228E1,-2.550067139E1
1.090185917E1,2.397941971E1,-2.230923462E1,-2.556994629E1
1.091190517E1,2.401226425E1,-2.222525024E1,-2.574566650E1
1.092195117E1,2.402890396E1,-2.240429688E1,-2.549395752E1
1.093199717E1,2.398081589E1,-2.224163818E1,-2.521826172E1
1.094204317E1,2.389497375E1,-2.231015015E1,-2.525115967E1
1.095209017E1,2.380525589E1,-2.241287231E1,-2.508618164E1
1.096213617E1,2.392506790E1,-2.241964722E1,-2.515686035E1
1.097218217E1,2.388708115E1,-2.234509277E1,-2.491668701E1
1.098222817E1,2.385708618E1,-2.252371216E1,-2.518139648E1
1.099227417E1,2.369059372E1,-2.267803955E1,-2.534515381E1
1.100232117E1,2.360452271E1,-2.263964844E1,-2.531567383E1
1.101236717E1,2.343402481E1,-2.263638306E1,-2.530578613E1
1.102241317E1,2.330072784E1,-2.277883911E1,-2.511236572E1
1.103245967E1,2.317472076E1,-2.292807007E1,-2.529101562E1
1.104250567E1,2.315441132E1,-2.313278198E1,-2.557647705E1
1.105255167E1,2.315653610E1,-2.311529541E1,-2.559783936E1
1.106259867E1,2.308597946E1,-2.317358398E1,-2.554040527E1
1.107264467E1,2.315309525E1,-2.325933838E1,-2.555474854E1
1.108269067E1,2.321246338E1,-2.333801270E1,-2.575769043E1
1.109273667E1,2.298264694E1,-2.323522949E1,-2.572845459E1
1.110278267E1,2.300783920E1,-2.328527832E1,-2.573510742E1
1.111282967E1,2.306668472E1,-2.333071899E1,-2.585058594E1
1.112287567E1,2.296479797E1,-2.338592529E1,-2.567022705E1
1.113292167E1,2.291503906E1,-2.351119995E1,-2.561523438E1
1.114296767E1,2.275700378E1,-2.358529663E1,-2.561169434E1
1.115301367E1,2.271880341E1,-2.362054443E1,-2.572222900E1
1.116305967E1,2.264792633E1,-2.384552002E1,-2.595214844E1
1.117310667E1,2.256808853E1,-2.375698853E1,-2.574371338E1
1.118315267E1,2.254471970E1,-2.379675293E1,-2.555889893E1
1.119319867E1,2.248264694E1,-2.389053345E1,-2.555004883E1
1.120324467E1,2.241605759E1,-2.402697754E1,-2.531555176E1
1.121329067E1,2.239468384E1,-2.409194946E1,-2.512316895E1
1.122333767E1,2.236826706E1,-2.408560181E1,-2.499914551E1
1.123338367E1,2.235268021E1,-2.426965332E1,-2.506982422E1
1.124342967E1,2.230899048E1,-2.442166138E1,-2.507781982E1
1.125347567E1,2.220759201E1,-2.446850586E1,-2.485888672E1
1.126352167E1,2.214256668E1,-2.470776367E1,-2.467938232E1
1.127356767E1,2.205170441E1,-2.495025635E1,-2.476922607E1
1.128361467E1,2.195561218E1,-2.521661377E1,-2.483294678E1
1.129366067E1,2.185596466E1,-2.525463867E1,-2.445031738E1
1.130370667E1,2.182514954E1,-2.547726440E1,-2.439874268E1
1.131375267E1,2.186062241E1,-2.564642334E1,-2.406927490E1
1.132379867E1,2.200138092E1,-2.599722290E1,-2.401165771E1
1.133384467E1,2.180026245E1,-2.599343872E1,-2.377124023E1
1.134389167E1,2.173568726E1,-2.597952271E1,-2.370050049E1
1.135393767E1,2.172358704E1,-2.606970215E1,-2.364855957E1
1.136398367E1,2.178690338E1,-2.618005371E1,-2.358282471E1
1.137402967E1,2.176597595E1,-2.625894165E1,-2.356939697E1
1.138407567E1,2.188058853E1,-2.625564575E1,-2.365197754E1
1.139412267E1,2.182757187E1,-2.623764038E1,-2.380639648E1
1.140416867E1,2.172500229E1,-2.615011597E1,-2.383654785E1
1.141421467E1,2.163615799E1,-2.617102051E1,-2.395355225E1