"Time (s)","Gravity X (m/s^2)","Gravity Y (m/s^2)","Gravity Z (m/s^2)"
2.720832708E-5,2.852843361E-1,4.873913278E0,8.508800390E0
1.007320834E-2,2.799687419E-1,4.876639250E0,8.507415184E0
2.011820834E-2,2.745298629E-1,4.880624420E0,8.505306678E0
3.016320834E-2,2.698316617E-1,4.885957080E0,8.502394765E0
4.020820832E-2,2.664982554E-1,4.892425563E0,8.498779432E0
5.025420833E-2,2.647114377E-1,4.899496601E0,8.494761225E0
6.029920833E-2,2.640377471E-1,4.906666456E0,8.490642446E0
7.034420833E-2,2.648336628E-1,4.914210534E0,8.486253526E0
8.038920833E-2,2.678895821E-1,4.922120647E0,8.481572245E0
9.043520832E-2,2.729094533E-1,4.929829617E0,8.476933649E0
1.004802083E-1,2.787662986E-1,4.936530526E0,8.472842352E0
1.105252083E-1,2.844806180E-1,4.941217069E0,8.469919914E0
1.205702083E-1,2.894055998E-1,4.943615597E0,8.468353445E0
1.306162083E-1,2.930817626E-1,4.944106178E0,8.467940632E0
1.406612083E-1,2.945375731E-1,4.944228970E0,8.467818425E0
1.507062083E-1,2.906001677E-1,4.948475803E0,8.465473107E0
1.607512083E-1,2.857872332E-1,4.956436202E0,8.460978937E0
1.707972083E-1,2.825651432E-1,4.966549546E0,8.455154525E0
1.808422083E-1,2.827559086E-1,4.977556930E0,8.448672886E0
1.908872083E-1,2.853871557E-1,4.988767211E0,8.441969638E0
2.009322083E-1,2.874484637E-1,4.999663498E0,8.435451162E0
2.109782083E-1,2.880275207E-1,5.010149310E0,8.429208090E0
2.210232083E-1,2.875310556E-1,5.019781428E0,8.423491852E0
2.310682083E-1,2.870915825E-1,5.027765801E0,8.418743913E0
2.411132083E-1,2.874125398E-1,5.033300191E0,8.415425618E0
2.511592083E-1,2.873474347E-1,5.036137844E0,8.413729926E0
2.612042083E-1,2.855414856E-1,5.036122642E0,8.413800677E0
2.712492083E-1,2.818888579E-1,5.033658040E0,8.415398136E0
2.812942083E-1,2.772616456E-1,5.029281399E0,8.418167962E0
2.913402083E-1,2.735731306E-1,5.023708418E0,8.421616066E0
3.013852083E-1,2.716791991E-1,5.017968791E0,8.425098082E0
3.114302083E-1,2.711557637E-1,5.012601047E0,8.428309373E0
3.214752083E-1,2.743432637E-1,5.008176459E0,8.430836540E0
3.315212083E-1,2.967879289E-1,5.006872530E0,8.430850573E0
3.415662083E-1,3.218278990E-1,5.012785819E0,8.426417214E0
3.516112083E-1,3.418234031E-1,5.017476456E0,8.422837549E0
3.616562083E-1,3.535715557E-1,5.017058380E0,8.422601321E0
3.717022083E-1,3.592406871E-1,5.009694981E0,8.426742904E0
3.817472083E-1,3.588029864E-1,4.995123135E0,8.435407893E0
3.917922083E-1,3.532503974E-1,4.975465965E0,8.447251428E0
4.018372083E-1,3.438059381E-1,4.954154618E0,8.460156233E0
4.118832083E-1,3.325136856E-1,4.934333727E0,8.472182786E0
4.219282083E-1,3.218254505E-1,4.918662604E0,8.481703223E0
4.319732083E-1,3.129003336E-1,4.909258527E0,8.487483196E0
4.420182083E-1,3.074408249E-1,4.906371757E0,8.489351966E0
4.520642083E-1,3.050691759E-1,4.908444595E0,8.488239241E0
4.621092083E-1,3.040303633E-1,4.912795508E0,8.485759436E0
4.721542083E-1,3.030062600E-1,4.917048188E0,8.483332257E0
4.821992083E-1,3.018539200E-1,4.919772990E0,8.481793270E0
4.922452083E-1,3.010791639E-1,4.920451852E0,8.481427234E0
5.022902083E-1,3.010930693E-1,4.919482384E0,8.481988567E0
5.123352083E-1,3.014037574E-1,4.916687415E0,8.483598306E0
5.223802083E-1,3.015426836E-1,4.912027184E0,8.486292703E0
5.324262083E-1,3.013215858E-1,4.905745520E0,8.489933764E0
5.424712083E-1,3.001597623E-1,4.898531810E0,8.494139081E0
5.525162083E-1,2.986636791E-1,4.891109354E0,8.498467775E0
5.625612083E-1,2.980823197E-1,4.883875764E0,8.502646780E0
5.726072083E-1,2.989694154E-1,4.876645974E0,8.506764389E0
5.826522083E-1,3.010068411E-1,4.868894905E0,8.511131090E0
5.926972083E-1,3.026790717E-1,4.860216760E0,8.516030472E0
6.027422083E-1,3.024443974E-1,4.850180599E0,8.521758989E0
6.127882083E-1,2.999175962E-1,4.838815658E0,8.528306701E0
6.228332083E-1,2.955777014E-1,4.826944349E0,8.535182442E0
6.328782083E-1,2.901029351E-1,4.815639050E0,8.541754128E0
6.429232083E-1,2.850691768E-1,4.806081776E0,8.547304305E0
6.529692083E-1,2.818002361E-1,4.798923030E0,8.551434193E0
6.630142083E-1,2.801223044E-1,4.794347291E0,8.554055500E0
6.730592083E-1,2.796082063E-1,4.791505544E0,8.555664654E0
6.831042083E-1,2.796998431E-1,4.789351722E0,8.556867426E0
6.931502083E-1,2.795408171E-1,4.786980969E0,8.558198837E0
7.031952083E-1,2.781784159E-1,4.783679338E0,8.560089242E0
7.132402083E-1,2.759398094E-1,4.778961220E0,8.562796503E0
7.232852083E-1,2.730589410E-1,4.772523436E0,8.566479079E0
7.333312083E-1,2.700722015E-1,4.764725296E0,8.570913023E0
7.433762083E-1,2.674215673E-1,4.756380735E0,8.575629972E0
7.534212083E-1,2.654383745E-1,4.748525293E0,8.580043450E0
7.634662083E-1,2.639755108E-1,4.742476056E0,8.583433666E0
7.735122083E-1,2.633895650E-1,4.738620987E0,8.585580763E0
7.835572083E-1,2.633415264E-1,4.736556920E0,8.586721555E0
7.936022083E-1,2.635609615E-1,4.735085468E0,8.587526132E0
8.036472083E-1,2.636258473E-1,4.733052976E0,8.588644120E0
8.136932083E-1,2.627046367E-1,4.729725618E0,8.590505288E0
8.237382083E-1,2.599800901E-1,4.725118304E0,8.593123087E0
8.337832083E-1,2.549580079E-1,4.719872767E0,8.596156037E0
8.438282083E-1,2.478711277E-1,4.715004083E0,8.599034622E0
8.538742083E-1,2.400062937E-1,4.711266250E0,8.601306265E0
8.639186667E-1,2.323348016E-1,4.708724466E0,8.602908402E0
8.739636667E-1,2.256102113E-1,4.707170568E0,8.603937512E0
8.840086667E-1,2.199703525E-1,4.706170987E0,8.604630407E0
8.940536667E-1,2.151230290E-1,4.705202980E0,8.605282372E0
9.040996667E-1,2.107530393E-1,4.703887064E0,8.606110337E0
9.141446667E-1,2.064871483E-1,4.701796977E0,8.607355794E0
9.241896667E-1,2.015813161E-1,4.699156667E0,8.608913493E0
9.342346667E-1,1.954974344E-1,4.696262003E0,8.610633159E0
9.442806667E-1,1.882438172E-1,4.693411777E0,8.612348732E0
9.543256667E-1,1.806458355E-1,4.690860345E0,8.613901168E0
9.643706667E-1,1.728900887E-1,4.688514442E0,8.615337244E0
9.744156667E-1,1.654292608E-1,4.686455637E0,8.616603751E0
9.844616667E-1,1.582173781E-1,4.684082252E0,8.618029886E0
9.945066667E-1,1.505223052E-1,4.680362254E0,8.620188679E0
1.004551667E0,1.420006462E-1,4.674307462E0,8.623617486E0
1.014596667E0,1.332519143E-1,4.665249540E0,8.628660709E0
1.024642667E0,1.243930445E-1,4.653697781E0,8.635028912E0
1.034687667E0,1.158314326E-1,4.640918399E0,8.642022766E0
1.044732667E0,1.077273013E-1,4.628315018E0,8.648883889E0
1.054777667E0,1.003720979E-1,4.616845412E0,8.655100064E0
1.064823667E0,9.393588491E-2,4.607296616E0,8.660259063E0
1.074868667E0,8.842558765E-2,4.599566013E0,8.664425789E0
1.084913667E0,8.409890388E-2,4.592892001E0,8.668008378E0
1.094958667E0,8.111104977E-2,4.586084087E0,8.671640668E0
1.105004667E0,7.953305072E-2,4.577522302E0,8.676178107E0
1.115049667E0,7.926850076E-2,4.566188352E0,8.682151038E0
1.125094667E0,8.004358574E-2,4.551613582E0,8.689793349E0
1.135139667E0,8.082691164E-2,4.534469253E0,8.698744267E0
1.145185667E0,8.057833188E-2,4.516449596E0,8.708116184E0
1.155230667E0,7.924806291E-2,4.499223407E0,8.717041374E0
1.165275667E0,7.744866452E-2,4.483969190E0,8.724914065E0
1.175320667E0,7.519082615E-2,4.471599113E0,8.731279929E0
1.185366667E0,7.300943099E-2,4.462322506E0,8.736043071E0
1.195411667E0,7.154030435E-2,4.455472785E0,8.739550231E0
1.205456667E0,7.068010584E-2,4.449920269E0,8.742385545E0
1.215501667E0,7.013242730E-2,4.444315420E0,8.745241325E0
1.225547667E0,6.988425411E-2,4.439032753E0,8.747925782E0
1.235592667E0,7.000259627E-2,4.435683468E0,8.749623229E0
1.245637667E0,6.974903725E-2,4.434789429E0,8.750078727E0
1.255682667E0,6.891775961E-2,4.436400337E0,8.749268888E0
1.265727667E0,6.846591602E-2,4.440287566E0,8.747300130E0
1.275773667E0,6.854942614E-2,4.445815524E0,8.744491128E0
1.285818667E0,6.950290601E-2,4.451782022E0,8.741447652E0
1.295863667E0,7.127936322E-2,4.457284545E0,8.738628709E0
1.305908667E0,7.383704955E-2,4.461431390E0,8.736490967E0
1.315954667E0,7.819070360E-2,4.463928151E0,8.735178267E0
1.325999667E0,8.577482552E-2,4.464643266E0,8.734741480E0
1.336044667E0,9.630335857E-2,4.463785187E0,8.735070094E0
1.346089667E0,1.099408470E-1,4.461786024E0,8.735930219E0
1.356135667E0,1.274929276E-1,4.459603550E0,8.736806132E0
1.366180667E0,1.462425819E-1,4.457683325E0,8.737492011E0
1.376225667E0,1.639203320E-1,4.456281163E0,8.737893714E0
1.386270667E0,1.779981615E-1,4.455333036E0,8.738101875E0
1.396316667E0,1.873880772E-1,4.454979280E0,8.738086088E0
1.406361667E0,1.927171564E-1,4.455651417E0,8.737627081E0
1.416406667E0,1.947278677E-1,4.457506154E0,8.736636563E0
1.426451667E0,1.954476965E-1,4.460102610E0,8.735295212E0
1.436497667E0,1.966059386E-1,4.460882044E0,8.734871289E0
1.446542667E0,1.993513159E-1,4.457032822E0,8.736773973E0
1.456587667E0,2.047430335E-1,4.446956315E0,8.741782697E0
1.466632667E0,2.118573773E-1,4.430161358E0,8.750136030E0
1.476677667E0,2.194470815E-1,4.407201973E0,8.761536346E0
1.486723667E0,2.261016880E-1,4.379115750E0,8.775438686E0
1.496768667E0,2.310567647E-1,4.347602766E0,8.790964798E0
1.506813667E0,2.341721247E-1,4.314313690E0,8.807267420E0
1.516858667E0,2.358099115E-1,4.280280556E0,8.823813871E0
1.526904667E0,2.371494538E-1,4.246857579E0,8.839913009E0
1.536949667E0,2.390140395E-1,4.215126786E0,8.855036833E0
1.546994667E0,2.416888483E-1,4.185526426E0,8.868994136E0
1.557039667E0,2.447260200E-1,4.158798511E0,8.881475603E0
1.567085667E0,2.479669855E-1,4.135610501E0,8.892206413E0
1.577130667E0,2.513015612E-1,4.116641548E0,8.900910578E0
1.587175667E0,2.549556690E-1,4.102216175E0,8.907464138E0
1.597220667E0,2.585058974E-1,4.091744981E0,8.912176993E0
1.607266667E0,2.619309770E-1,4.083850363E0,8.915697017E0
1.617311667E0,2.652705411E-1,4.076609756E0,8.918911816E0
1.627356667E0,2.679992722E-1,4.068181871E0,8.922677423E0
1.637401667E0,2.702440549E-1,4.057189106E0,8.927613643E0
1.647446667E0,2.714880500E-1,4.042969555E0,8.934024530E0
1.657492667E0,2.718089525E-1,4.025278511E0,8.941998963E0
1.667537667E0,2.708831007E-1,4.004814426E0,8.951211251E0
1.677582667E0,2.685513042E-1,3.983177682E0,8.960930493E0
1.687627667E0,2.648588241E-1,3.960788400E0,8.970959052E0
1.697673667E0,2.602315569E-1,3.938049164E0,8.981099294E0
1.707718667E0,2.547107072E-1,3.915096503E0,8.991286898E0
1.717763667E0,2.493659318E-1,3.892355220E0,9.001304932E0
1.727808667E0,2.430015300E-1,3.868934490E0,9.011570304E0
1.737854667E0,2.369435953E-1,3.845257359E0,9.021859649E0
1.747899667E0,2.321156041E-1,3.822708742E0,9.031562519E0
1.757944667E0,2.279736376E-1,3.802249627E0,9.040300013E0
1.767989667E0,2.238540366E-1,3.785005018E0,9.047636515E0
1.778035667E0,2.193011935E-1,3.771840597E0,9.053243995E0
1.788080667E0,2.141610707E-1,3.762243269E0,9.057359850E0
1.798125667E0,2.088029198E-1,3.755465469E0,9.060296906E0
1.808170667E0,2.040441450E-1,3.750616666E0,9.062413598E0
1.818216667E0,2.003225750E-1,3.747261826E0,9.063884173E0
1.828261667E0,1.978168969E-1,3.745281959E0,9.064757747E0
1.838306667E0,1.968942246E-1,3.745010355E0,9.064889894E0
1.848351667E0,1.974404641E-1,3.746908946E0,9.064093503E0
1.858396667E0,1.996225537E-1,3.752443921E0,9.061755787E0
1.868443167E0,2.034315030E-1,3.763593099E0,9.057045854E0
1.878488167E0,2.083787956E-1,3.781915349E0,9.049297709E0
1.888533167E0,2.137024480E-1,3.807688707E0,9.038359323E0
1.898578167E0,2.206546229E-1,3.837546636E0,9.025555090E0
1.908624167E0,2.359514872E-1,3.863456818E0,9.014106826E0
1.918669167E0,2.710510803E-1,3.873210266E0,9.008933210E0
1.928714167E0,3.293827574E-1,3.858037911E0,9.013498131E0
1.938759167E0,4.007024162E-1,3.818011673E0,9.027642546E0
1.948805167E0,4.680144664E-1,3.759399768E0,9.048976697E0
1.958850167E0,5.144510432E-1,3.690424258E0,9.074812034E0
1.968895167E0,5.275877267E-1,3.620362628E0,9.102237230E0
1.978940167E0,5.046368206E-1,3.557231410E0,9.128392410E0
1.988985167E0,4.569968503E-1,3.507269876E0,9.150208372E0
1.999031167E0,4.012732872E-1,3.473863271E0,9.165552635E0
2.009076167E0,3.483704939E-1,3.458847621E0,9.173391412E0
2.019121167E0,3.030557055E-1,3.460337200E0,9.174438649E0
2.029166167E0,2.680547477E-1,3.477169579E0,9.169162121E0
2.039212167E0,2.439233801E-1,3.507328056E0,9.158343018E0
2.049257167E0,2.301985214E-1,3.547604554E0,9.143173002E0
2.059302167E0,2.260966082E-1,3.593422459E0,9.125365307E0
2.069347167E0,2.305021381E-1,3.640591363E0,9.106539611E0
2.079393167E0,2.417619385E-1,3.686657774E0,9.087695205E0
2.089438167E0,2.581104794E-1,3.730549606E0,9.069315067E0
2.099483167E0,2.782443615E-1,3.772202539E0,9.051472873E0
2.109528167E0,3.006801828E-1,3.812379051E0,9.033906083E0
2.119574167E0,3.238410588E-1,3.851398105E0,9.016538098E0
2.129619167E0,3.468782114E-1,3.888920565E0,8.999559538E0
2.139664167E0,3.680224741E-1,3.925228851E0,8.982941751E0
2.149709167E0,3.859399874E-1,3.960611230E0,8.966644392E0
2.159754167E0,3.993224733E-1,3.995355678E0,8.950630038E0
2.169800167E0,4.068426870E-1,4.029843433E0,8.934816243E0
2.179845167E0,4.077729790E-1,4.064098761E0,8.919244523E0
2.189890167E0,4.016286517E-1,4.098156453E0,8.903926572E0
2.199935167E0,3.888206913E-1,4.131310458E0,8.889161768E0
2.209981167E0,3.704828728E-1,4.162277897E0,8.875488054E0
2.220026167E0,3.480438538E-1,4.190185196E0,8.863256264E0
2.230071167E0,3.224623219E-1,4.214882665E0,8.852507327E0
2.240116167E0,2.952769170E-1,4.237588280E0,8.842610330E0
2.250162167E0,2.681877536E-1,4.258969794E0,8.833196313E0
2.260207167E0,2.428356700E-1,4.279593508E0,8.823956543E0
2.270252167E0,2.205849680E-1,4.301146930E0,8.814055452E0
2.280297167E0,2.025992981E-1,4.324209225E0,8.803196588E0
2.290342167E0,1.891115988E-1,4.347845425E0,8.791847143E0
2.300388167E0,1.789279053E-1,4.370424156E0,8.780859055E0
2.310433167E0,1.716198542E-1,4.390115532E0,8.771176066E0
2.320478167E0,1.665381670E-1,4.405692222E0,8.763460665E0
2.330523167E0,1.629907891E-1,4.416497292E0,8.758087074E0
2.340569167E0,1.608235917E-1,4.422540097E0,8.755076927E0
2.350614167E0,1.597094596E-1,4.424149251E0,8.754284629E0
2.360659167E0,1.590758773E-1,4.421889887E0,8.755437700E0
2.370704167E0,1.589866341E-1,4.417063595E0,8.757874820E0
2.380750167E0,1.593708876E-1,4.411586800E0,8.760627689E0
2.390795167E0,1.601962403E-1,4.406820442E0,8.763011599E0
2.400840167E0,1.616823467E-1,4.403213880E0,8.764796754E0
2.410885167E0,1.632956849E-1,4.401796515E0,8.765479124E0
2.420930167E0,1.639337075E-1,4.403689258E0,8.764516087E0
2.430976167E0,1.632058753E-1,4.409963028E0,8.761374963E0
2.441021167E0,1.617596213E-1,4.421609513E0,8.755530086E0
2.451066167E0,1.606221003E-1,4.438784539E0,8.746855742E0
2.461111167E0,1.609155940E-1,4.460139740E0,8.735981090E0
2.471157167E0,1.632774123E-1,4.482818166E0,8.724321157E0
2.481202167E0,1.677412681E-1,4.503196882E0,8.713734773E0
2.491247167E0,1.743389374E-1,4.518163708E0,8.705854481E0
2.501292167E0,1.832273264E-1,4.526351856E0,8.701417614E0
2.511338167E0,1.942976405E-1,4.527647891E0,8.700503109E0
2.521383167E0,2.073205775E-1,4.522828031E0,8.702709264E0
2.531428167E0,2.212125204E-1,4.513981779E0,8.706959020E0
2.541473167E0,2.347699842E-1,4.504208158E0,8.711664274E0
2.551518167E0,2.459249916E-1,4.497594665E0,8.714772654E0
2.561564167E0,2.542275810E-1,4.497777975E0,8.714439948E0
2.571609167E0,2.635658220E-1,4.504922395E0,8.710470858E0
2.581654167E0,2.807929253E-1,4.514551882E0,8.704945239E0
2.591699167E0,3.103726188E-1,4.522014099E0,8.700066322E0
2.601745167E0,3.533658433E-1,4.524924843E0,8.696912334E0
2.611790167E0,4.059162688E-1,4.523465086E0,8.695377440E0
2.621835167E0,4.588963914E-1,4.519464421E0,8.694823124E0
2.631880167E0,5.008969049E-1,4.516208106E0,8.694197472E0
2.641926167E0,5.224774795E-1,4.518795207E0,8.691582597E0
2.651971167E0,5.190531308E-1,4.533662922E0,8.684042028E0
2.662016167E0,4.931917365E-1,4.561449476E0,8.670988703E0
2.672061167E0,4.543495600E-1,4.600807377E0,8.652296909E0
2.682106167E0,4.135840515E-1,4.647154747E0,8.629542469E0
2.692152167E0,3.794341194E-1,4.695731952E0,8.604779511E0
2.702197167E0,3.565947124E-1,4.742313211E0,8.580175012E0
2.712242167E0,3.461150036E-1,4.783206591E0,8.557875486E0
2.722287167E0,3.450457305E-1,4.815712432E0,8.539669595E0
2.732333167E0,3.479128762E-1,4.838745492E0,8.526523300E0
2.742378167E0,3.495988112E-1,4.852489372E0,8.518640084E0
2.752423167E0,3.468243439E-1,4.858752325E0,8.515183210E0
2.762468167E0,3.399839787E-1,4.860023802E0,8.514732975E0
2.772514167E0,3.314202563E-1,4.858893827E0,8.515715307E0
2.782559167E0,3.241234062E-1,4.856929455E0,8.517116885E0
2.792604167E0,3.200822128E-1,4.855802112E0,8.517912691E0
2.802649167E0,3.198110116E-1,4.856196507E0,8.517698098E0
2.812694167E0,3.229728935E-1,4.857695148E0,8.516723952E0
2.822740167E0,3.282431351E-1,4.859351080E0,8.515577897E0
2.832785167E0,3.333451231E-1,4.860323472E0,8.514824191E0
2.842830167E0,3.367822992E-1,4.860602676E0,8.514530076E0
2.852875167E0,3.385956304E-1,4.859006386E0,8.515369152E0
2.862920917E0,3.392976617E-1,4.855441047E0,8.517374747E0
2.872965917E0,3.399476163E-1,4.850937814E0,8.519914193E0
2.883010917E0,3.424486532E-1,4.846682210E0,8.522236122E0
2.893055917E0,3.485292093E-1,4.844599724E0,8.523173431E0
2.903101917E0,3.604972903E-1,4.845775892E0,8.522006911E0
2.913146917E0,3.796805796E-1,4.849717500E0,8.518930691E0
2.923191917E0,4.057823675E-1,4.855183769E0,8.514613107E0
2.933236917E0,4.368621094E-1,4.860653547E0,8.509952876E0
2.943281917E0,4.703939908E-1,4.864455114E0,8.505992557E0
2.953327917E0,5.051890901E-1,4.865170814E0,8.503587012E0
2.963372917E0,5.407583242E-1,4.861848133E0,8.503300499E0
2.973417917E0,5.768315152E-1,4.854076014E0,8.505369244E0
2.983462917E0,6.119265766E-1,4.842532441E0,8.509496208E0
2.993508917E0,6.459183781E-1,4.828413169E0,8.515004870E0
3.003553917E0,6.798201690E-1,4.813415354E0,8.520855594E0
3.013598917E0,7.132719436E-1,4.799146686E0,8.526167790E0
3.023643917E0,7.452418875E-1,4.787620362E0,8.529912347E0
3.033688917E0,7.744211016E-1,4.781194856E0,8.530916898E0
3.043734917E0,7.992912832E-1,4.781255083E0,8.528589122E0
3.053779917E0,8.195450149E-1,4.788336353E0,8.522692205E0
3.063824917E0,8.363426768E-1,4.801555738E0,8.513617911E0
3.073869917E0,8.508664296E-1,4.819276310E0,8.502158538E0
3.083915917E0,8.640024919E-1,4.838678834E0,8.489804540E0
3.093960917E0,8.765139254E-1,4.856856073E0,8.478135252E0
3.104005917E0,8.878145467E-1,4.871750978E0,8.468407824E0
3.114050917E0,8.961750419E-1,4.882408990E0,8.461385903E0
3.124096917E0,9.007835249E-1,4.888837419E0,8.457183509E0
3.134141917E0,9.007066340E-1,4.892532567E0,8.455054538E0
3.144186917E0,8.960238913E-1,4.894680834E0,8.454309018E0
3.154231917E0,8.899927808E-1,4.895230472E0,8.454627691E0
3.164276917E0,8.909723356E-1,4.891600813E0,8.456625684E0
3.174322917E0,9.118971815E-1,4.876890973E0,8.462888637E0
3.184367917E0,9.590339258E-1,4.845579425E0,8.475654278E0
3.194412917E0,1.022767480E0,4.799181184E0,8.494581131E0
3.204457917E0,1.087716743E0,4.743253151E0,8.517894564E0
3.214503917E0,1.140853900E0,4.685595804E0,8.542818321E0
3.224548917E0,1.167356259E0,4.637164779E0,8.565633572E0
3.234593917E0,1.154946494E0,4.609481721E0,8.582242003E0
3.244638917E0,1.106591702E0,4.610829504E0,8.587887490E0
3.254683917E0,1.039831629E0,4.641587320E0,8.579656949E0
3.264729917E0,9.742150518E-1,4.695344574E0,8.558080723E0
3.274774917E0,9.265362706E-1,4.764603090E0,8.525033430E0
3.284819917E0,9.084680819E-1,4.842360825E0,8.483061531E0
3.294864917E0,9.234281831E-1,4.921970959E0,8.435495601E0
3.304910917E0,9.664240754E-1,4.997697079E0,8.386008861E0
3.314955917E0,1.024552196E0,5.065261071E0,8.338436499E0
3.325000917E0,1.085275677E0,5.122008884E0,8.295981036E0
3.335045917E0,1.139790292E0,5.166047189E0,8.261291844E0
3.345091917E0,1.181462959E0,5.197430949E0,8.235712030E0
3.355136917E0,1.205540624E0,5.217264705E0,8.219666685E0
3.365181917E0,1.210305081E0,5.227732975E0,8.212312058E0
3.375226917E0,1.198601368E0,5.231906133E0,8.211370656E0
3.385271917E0,1.175552959E0,5.233122354E0,8.213927643E0
3.395317917E0,1.146505454E0,5.234377166E0,8.217233074E0
3.405362917E0,1.115057812E0,5.237266860E0,8.219718726E0
3.415407917E0,1.082284169E0,5.241553454E0,8.221367056E0
3.425452917E0,1.047469554E0,5.246220117E0,8.222899611E0
3.435498917E0,1.010036484E0,5.248728572E0,8.225981678E0
3.445543917E0,9.698332945E-1,5.246501952E0,8.232238199E0
3.455588917E0,9.267906976E-1,5.238515241E0,8.242276699E0
3.465633917E0,8.826599338E-1,5.224835680E0,8.255792538E0
3.475678917E0,8.397543810E-1,5.206292989E0,8.271965936E0
3.485724917E0,8.003088449E-1,5.184622039E0,8.289469576E0
3.495769917E0,7.667899004E-1,5.162082776E0,8.306686118E0
3.505814917E0,7.418242630E-1,5.140674950E0,8.322214569E0
3.515859917E0,7.264014278E-1,5.122014146E0,8.335071427E0
3.525905917E0,7.200692587E-1,5.106524287E0,8.345119282E0
3.535950917E0,7.216808244E-1,5.093155798E0,8.353145755E0
3.545995917E0,7.285946453E-1,5.080506517E0,8.360245444E0
3.556040917E0,7.373731432E-1,5.066759713E0,8.367815250E0
3.566085917E0,7.451166840E-1,5.049573576E0,8.377512272E0
3.576131917E0,7.497155922E-1,5.027396257E0,8.390429941E0
3.586176917E0,7.498638191E-1,5.000097946E0,8.406713267E0
3.596221917E0,7.456758971E-1,4.969052154E0,8.425472889E0
3.606266917E0,7.380324168E-1,4.936980761E0,8.444976277E0
3.616312917E0,7.277957694E-1,4.907497346E0,8.463030140E0
3.626357917E0,7.158196485E-1,4.884723610E0,8.477215485E0
3.636402917E0,7.031977757E-1,4.871521474E0,8.485864102E0
3.646447917E0,6.911606245E-1,4.868782346E0,8.488425182E0
3.656493917E0,6.810701575E-1,4.874783636E0,8.485795689E0
3.666538917E0,6.743229823E-1,4.885442525E0,8.480202827E0
3.676583917E0,6.713181712E-1,4.896688768E0,8.473952739E0
3.686628917E0,6.702845297E-1,4.905180094E0,8.469122354E0
3.696673917E0,6.694585374E-1,4.908025934E0,8.467538343E0
3.706719917E0,6.688637294E-1,4.902706722E0,8.470666019E0
3.716764917E0,6.693157922E-1,4.887583483E0,8.479366091E0
3.726809917E0,6.710417441E-1,4.863182760E0,8.493247966E0
3.736854917E0,6.728888065E-1,4.832429622E0,8.510637000E0
3.746900917E0,6.719715245E-1,4.799972897E0,8.529056899E0
3.756945917E0,6.650372384E-1,4.770878614E0,8.545907990E0
3.766990917E0,6.529744325E-1,4.748684045E0,8.559189355E0
3.777035917E0,6.411850570E-1,4.734976417E0,8.567670742E0
3.787080917E0,6.339212803E-1,4.729605165E0,8.571177317E0
3.797126917E0,6.307653187E-1,4.730225262E0,8.571067974E0
3.807171917E0,6.270998454E-1,4.733753765E0,8.569388654E0
3.817216917E0,6.160498504E-1,4.737542760E0,8.568096419E0
3.827261917E0,5.914098663E-1,4.741792517E0,8.567481292E0
3.837307917E0,5.510485101E-1,4.749591241E0,8.565852258E0
3.847352917E0,4.990544473E-1,4.764829669E0,8.560575145E0
3.857397917E0,4.424378315E-1,4.789444693E0,8.549945492E0
3.867443042E0,3.865546394E-1,4.823481920E0,8.533504876E0
3.877488042E0,3.359347088E-1,4.865286296E0,8.511888304E0
3.887534042E0,2.956473746E-1,4.911929535E0,8.486556412E0
3.897579042E0,2.703200869E-1,4.959221815E0,8.459855102E0
3.907624042E0,2.617600921E-1,5.002812223E0,8.434420883E0
3.917669042E0,2.686685409E-1,5.038587828E0,8.412880325E0
3.927715042E0,2.866420961E-1,5.063350786E0,8.397405084E0
3.937760042E0,3.088014354E-1,5.075245192E0,8.389435914E0
3.947805042E0,3.283277735E-1,5.073610895E0,8.389682667E0
3.957850042E0,3.389360115E-1,5.058326858E0,8.398485065E0
3.967895042E0,3.371182583E-1,5.030117551E0,8.415484090E0
3.977941042E0,3.224636010E-1,4.989578805E0,8.440155832E0
3.987986042E0,2.973068875E-1,4.938558340E0,8.471030300E0
3.998031042E0,2.657178714E-1,4.880981685E0,8.505381523E0
4.008076042E0,2.323121619E-1,4.822131213E0,8.539858460E0
4.018122042E0,2.006163611E-1,4.766321294E0,8.571932777E0
4.028167042E0,1.727872325E-1,4.716876654E0,8.599843876E0
4.038212042E0,1.501882648E-1,4.676381469E0,8.622354487E0
4.048257042E0,1.339143307E-1,4.646372389E0,8.638830187E0
4.058303042E0,1.232258946E-1,4.626576933E0,8.649606605E0
4.068348042E0,1.166665794E-1,4.614808534E0,8.655982409E0
4.078393042E0,1.124006793E-1,4.607673762E0,8.659838648E0
4.088438042E0,1.092197666E-1,4.602694273E0,8.662527198E0
4.098483042E0,1.075176604E-1,4.598600930E0,8.664722242E0
4.108529042E0,1.113887730E-1,4.594379532E0,8.666912025E0
4.118574042E0,1.240673546E-1,4.588376196E0,8.669919832E0
4.128619042E0,1.441173840E-1,4.580000937E0,8.674037442E0
4.138664042E0,1.684978613E-1,4.569053780E0,8.679369518E0
4.148709042E0,1.945168746E-1,4.555213128E0,8.686097909E0
4.158755042E0,2.192362528E-1,4.538174926E0,8.694423759E0
4.168800042E0,2.413800240E-1,4.518106697E0,8.704283334E0
4.178845042E0,2.605382433E-1,4.495420962E0,8.715469642E0
4.188890042E0,2.765241838E-1,4.471277224E0,8.727388607E0
4.198936042E0,2.896325266E-1,4.447616174E0,8.739046201E0
4.208981042E0,3.012089903E-1,4.426994798E0,8.749119199E0
4.219026042E0,3.118803965E-1,4.412061886E0,8.756286131E0
4.229071042E0,3.213605968E-1,4.405427636E0,8.759282829E0
4.239117042E0,3.297846804E-1,4.407980238E0,8.757685370E0
4.249162042E0,3.376128596E-1,4.419612688E0,8.751522405E0
4.259207042E0,3.465963756E-1,4.438297758E0,8.741709607E0
4.269252042E0,3.587357069E-1,4.460193534E0,8.730067801E0
4.279297042E0,3.748259653E-1,4.481404602E0,8.718521889E0
4.289343042E0,3.956093817E-1,4.498426139E0,8.708832468E0
4.299388042E0,4.196986677E-1,4.509087075E0,8.702188861E0
4.309433042E0,4.446312683E-1,4.513297070E0,8.698767655E0
4.319478042E0,4.667207334E-1,4.512805319E0,8.697864845E0
4.329524042E0,4.856146221E-1,4.509486732E0,8.698551893E0
4.339569042E0,5.059355603E-1,4.503081400E0,8.700711855E0
4.349614042E0,5.334601585E-1,4.490492344E0,8.705572645E0
4.359659042E0,5.739490206E-1,4.465863287E0,8.715661431E0
4.369704042E0,6.276562080E-1,4.424217371E0,8.733180858E0
4.379750042E0,6.855653507E-1,4.367247656E0,8.757468438E0
4.389795042E0,7.351911816E-1,4.301229668E0,8.786069509E0
4.399840042E0,7.636715072E-1,4.235884402E0,8.815338331E0
4.409885042E0,7.637278598E-1,4.182228012E0,8.840915807E0
4.419931042E0,7.389805428E-1,4.150117443E0,8.858133518E0
4.429976042E0,7.010090167E-1,4.146667001E0,8.862834679E0
4.440021042E0,6.640432117E-1,4.171247526E0,8.854142793E0
4.450066042E0,6.363056286E-1,4.220165917E0,8.832972949E0
4.460111042E0,6.233859133E-1,4.288060277E0,8.801137784E0
4.470157042E0,6.290491609E-1,4.368583745E0,8.761042841E0
4.480202042E0,6.524913063E-1,4.453686168E0,8.716366020E0
4.490247042E0,6.888647883E-1,4.535554204E0,8.671234871E0
4.500292042E0,7.318039627E-1,4.608173114E0,8.629327877E0
4.510338042E0,7.739766401E-1,4.668089825E0,8.593369839E0
4.520383042E0,8.091301006E-1,4.714367029E0,8.564820809E0
4.530428042E0,8.327076090E-1,4.747856079E0,8.544036881E0
4.540473042E0,8.421703774E-1,4.770220802E0,8.530641494E0
4.550518042E0,8.376376158E-1,4.783532281E0,8.523630683E0
4.560564042E0,8.222799770E-1,4.790772011E0,8.521059662E0
4.570609042E0,7.997706087E-1,4.794000259E0,8.521386521E0
4.580654042E0,7.737895292E-1,4.795208878E0,8.523105018E0
4.590699042E0,7.463670380E-1,4.795886278E0,8.525169670E0
4.600745042E0,7.174089217E-1,4.797162725E0,8.526936699E0
4.610790042E0,6.853650836E-1,4.799370049E0,8.528330090E0
4.620835042E0,6.492453707E-1,4.801996034E0,8.529678458E0
4.630880042E0,6.093183530E-1,4.804769953E0,8.531061909E0
4.640925042E0,5.668369791E-1,4.807760219E0,8.532305612E0
4.650971042E0,5.239529513E-1,4.810415147E0,8.533550484E0
4.661016042E0,4.837071507E-1,4.812035118E0,8.535012873E0
4.671061042E0,4.486156707E-1,4.812427174E0,8.536708565E0
4.681106042E0,4.199142838E-1,4.812035703E0,8.538389055E0
4.691152042E0,3.972172564E-1,4.810734698E0,8.540207539E0
4.701197042E0,3.798444843E-1,4.808187943E0,8.542432405E0
4.711242042E0,3.667630569E-1,4.804250720E0,8.545218603E0
4.721287042E0,3.566275664E-1,4.798250015E0,8.549018124E0
4.731332042E0,3.482075759E-1,4.789230100E0,8.554421536E0
4.741378042E0,3.399745135E-1,4.776376166E0,8.561935793E0
4.751423042E0,3.304727881E-1,4.759548756E0,8.571673161E0
4.761468042E0,3.189949596E-1,4.738998717E0,8.583486291E0
4.771513042E0,3.054634975E-1,4.715700194E0,8.596799816E0
4.781559042E0,2.900509497E-1,4.692443478E0,8.610049022E0
4.791604042E0,2.736581710E-1,4.672094876E0,8.621644050E0
4.801649042E0,2.577358191E-1,4.657493793E0,8.630030127E0
4.811694042E0,2.440931138E-1,4.650658691E0,8.634112068E0
4.821739042E0,2.347896820E-1,4.652209080E0,8.633534948E0
4.831785042E0,2.314854753E-1,4.661480717E0,8.628621533E0
4.841830042E0,2.347395422E-1,4.676530866E0,8.620386314E0
4.851875042E0,2.443418397E-1,4.694226587E0,8.610495749E0
4.861920042E0,2.587980754E-1,4.711554226E0,8.600603430E0
4.871966167E0,2.754491001E-1,4.726113208E0,8.592093977E0
4.882011167E0,2.923083039E-1,4.736907460E0,8.585590119E0
4.892056167E0,3.088883397E-1,4.744062698E0,8.581058527E0
4.902101167E0,3.252285665E-1,4.748232932E0,8.578147198E0
4.912146167E0,3.402435220E-1,4.751400077E0,8.575811235E0
4.922192167E0,3.534702161E-1,4.754896127E0,8.573337863E0
4.932237167E0,3.684953677E-1,4.757516849E0,8.571250992E0
4.942282167E0,3.919431775E-1,4.754456709E0,8.571908804E0
4.952327167E0,4.261843993E-1,4.741574123E0,8.577408695E0
4.962372167E0,4.670106457E-1,4.719059419E0,8.587693362E0
4.972418167E0,5.062305889E-1,4.691358235E0,8.600638513E0
4.982463167E0,5.361309839E-1,4.664370996E0,8.613495371E0
4.992508167E0,5.516845044E-1,4.645072553E0,8.622936870E0
5.002553167E0,5.506827668E-1,4.641181816E0,8.625096247E0
5.012599167E0,5.351401001E-1,4.658804739E0,8.616569252E0
5.022644167E0,5.133409127E-1,4.697133530E0,8.597064695E0
5.032689167E0,4.933142722E-1,4.752041224E0,8.568012804E0
5.042734167E0,4.807194428E-1,4.816595069E0,8.532609082E0
5.052779167E0,4.784795206E-1,4.884351143E0,8.494131480E0
5.062825167E0,4.864612258E-1,4.950050458E0,8.455557983E0
5.072870167E0,5.010843082E-1,5.008684582E0,8.420100467E0
5.082915167E0,5.156845133E-1,5.057967255E0,8.389704301E0
5.092960167E0,5.254867856E-1,5.097906076E0,8.364885795E0
5.103006167E0,5.288924598E-1,5.129767554E0,8.345169568E0
5.113051167E0,5.254357687E-1,5.155597045E0,8.329455761E0
5.123096167E0,5.167493644E-1,5.177578483E0,8.316354489E0
5.133141167E0,5.066156280E-1,5.196978375E0,8.304869973E0
5.143186167E0,4.995664806E-1,5.214487277E0,8.294314579E0
5.153232167E0,4.977424417E-1,5.229532163E0,8.284946755E0
5.163277167E0,5.009860750E-1,5.241010247E0,8.277495064E0
5.173322167E0,5.073779953E-1,5.248449660E0,8.272390444E0
5.183367167E0,5.144073718E-1,5.251919982E0,8.269753350E0
5.193413167E0,5.200346225E-1,5.251520033E0,8.269655117E0
5.203458167E0,5.227107834E-1,5.247831025E0,8.271828527E0
5.213503167E0,5.214097414E-1,5.242279093E0,8.275429827E0
5.223548167E0,5.166569784E-1,5.236065842E0,8.279660872E0
5.233593167E0,5.099605277E-1,5.230085894E0,8.283854495E0
5.243639167E0,5.034829457E-1,5.225037408E0,8.287435915E0
5.253684167E0,4.992163055E-1,5.220514587E0,8.290543125E0
5.263729167E0,4.993629610E-1,5.214929327E0,8.294049116E0
5.273774167E0,5.047572001E-1,5.206643237E0,8.298926863E0
5.283820167E0,5.138249891E-1,5.194504418E0,8.305973927E0
5.293865167E0,5.248510836E-1,5.177723494E0,8.315756904E0
5.303910167E0,5.361512299E-1,5.155347369E0,8.328927757E0
5.313955167E0,5.466262609E-1,5.126556264E0,8.346000457E0
5.324000167E0,5.560804412E-1,5.091365966E0,8.366891389E0
5.334046167E0,5.639338365E-1,5.050719046E0,8.390966130E0
5.344091167E0,5.700753498E-1,5.006845048E0,8.416805561E0
5.354136167E0,5.744744295E-1,4.962473452E0,8.442744395E0
5.364181167E0,5.778306216E-1,4.921041251E0,8.466732597E0
5.374227167E0,5.819528355E-1,4.885802422E0,8.486834739E0
5.384272167E0,5.862669113E-1,4.859027144E0,8.501896582E0
5.394317167E0,5.879485339E-1,4.841688688E0,8.511666110E0
5.404362167E0,5.854263375E-1,4.833506679E0,8.516489478E0
5.414407167E0,5.800451083E-1,4.832882489E0,8.517211609E0
5.424453167E0,5.740263866E-1,4.837988570E0,8.514720111E0
5.434498167E0,5.691066124E-1,4.847297045E0,8.509754655E0
5.444543167E0,5.665382229E-1,4.858889150E0,8.503312778E0
5.454588167E0,5.665103756E-1,4.869902088E0,8.497012403E0
5.464633167E0,5.674880300E-1,4.877791151E0,8.492420585E0
5.474679167E0,5.654764782E-1,4.882111074E0,8.490072343E0
5.484724167E0,5.555847069E-1,4.884401429E0,8.489408099E0
5.494769167E0,5.373704840E-1,4.886420472E0,8.489418624E0
5.504814167E0,5.185245059E-1,4.889011958E0,8.489098781E0
5.514860167E0,5.085157173E-1,4.891449078E0,8.488300052E0
5.524905167E0,5.141211871E-1,4.890992410E0,8.488225207E0
5.534950167E0,5.346916552E-1,4.884171633E0,8.490881597E0
5.544995167E0,5.606559971E-1,4.870593814E0,8.497004217E0
5.555040167E0,5.805775704E-1,4.853248341E0,8.505586760E0
5.565086167E0,5.876307743E-1,4.835618109E0,8.515138772E0
5.575131167E0,5.802726381E-1,4.822498711E0,8.523079875E0
5.585176167E0,5.607207184E-1,4.820683735E0,8.525415253E0
5.595221167E0,5.355011291E-1,4.835562268E0,8.518607925E0
5.605267167E0,5.151694467E-1,4.867107996E0,8.501879625E0
5.615312167E0,5.072261139E-1,4.912956306E0,8.475947224E0
5.625357167E0,5.144800965E-1,4.968467433E0,8.443088211E0
5.635402167E0,5.357032966E-1,5.027543607E0,8.406719114E0
5.645447167E0,5.661275291E-1,5.083500876E0,8.370998474E0
5.655493167E0,5.987485971E-1,5.131138142E0,8.339605358E0
5.665538167E0,6.266050979E-1,5.167280366E0,8.315207850E0
5.675583167E0,6.452359349E-1,5.191328210E0,8.298787699E0
5.685628167E0,6.512666070E-1,5.204838787E0,8.289849645E0
5.695674167E0,6.435784686E-1,5.210391303E0,8.286961706E0
5.705719167E0,6.254123390E-1,5.211054962E0,8.287934682E0
5.715764167E0,6.019397150E-1,5.209270976E0,8.290793971E0
5.725809167E0,5.779208149E-1,5.206287727E0,8.294375975E0
5.735854167E0,5.570276901E-1,5.202508087E0,8.298176665E0
5.745900167E0,5.374967473E-1,5.198874042E0,8.301741128E0
5.755945167E0,5.194389008E-1,5.194466411E0,8.305648822E0
5.765990167E0,5.080857277E-1,5.190737057E0,8.308682358E0
5.776035167E0,5.004749552E-1,5.186247565E0,8.311946858E0
5.786081167E0,4.912051450E-1,5.179031516E0,8.316997683E0
5.796126167E0,4.597380250E-1,5.165127422E0,8.327436717E0
5.806171167E0,3.830383066E-1,5.139894347E0,8.346907945E0
5.816216167E0,2.927949567E-1,5.109073089E0,8.369453055E0
5.826261167E0,2.165267079E-1,5.078255923E0,8.390502446E0
5.836307167E0,1.617045661E-1,5.048817531E0,8.409482508E0
5.846352167E0,1.176904726E-1,5.020252714E0,8.427296051E0
5.856397167E0,7.677698390E-2,4.992106556E0,8.444470493E0
5.866442167E0,4.679278180E-2,4.964842744E0,8.460747387E0
5.876487167E0,3.179244212E-2,4.939031380E0,8.475910971E0
5.886533167E0,2.474632113E-2,4.914152647E0,8.490382245E0
5.896578167E0,2.129520081E-2,4.890189003E0,8.504216757E0
5.906623167E0,2.227836444E-2,4.869324676E0,8.516177822E0
5.916668167E0,2.908275559E-2,4.853076140E0,8.525426947E0
5.926714167E0,4.420455747E-2,4.843148153E0,8.531006361E0
5.936759167E0,6.711393926E-2,4.840917148E0,8.532122594E0
5.946804167E0,9.335437017E-2,4.844615512E0,8.529776106E0
5.956849167E0,1.234562840E-1,4.852279457E0,8.525036353E0
5.966894167E0,1.581388975E-1,4.862857655E0,8.518433093E0
5.976940167E0,1.868928728E-1,4.873870301E0,8.511554428E0
5.986985167E0,2.077728962E-1,4.884563397E0,8.504938304E0
5.997030167E0,2.297809388E-1,4.891110524E0,8.500608441E0
6.007075167E0,2.480919697E-1,4.891715418E0,8.499745392E0
6.017121167E0,2.558290968E-1,4.886210850E0,8.502681863E0
6.027166167E0,2.580593345E-1,4.878093452E0,8.507273682E0
6.037211167E0,2.358034430E-1,4.868289718E0,8.513533711E0
6.047256167E0,1.766932822E-1,4.853387505E0,8.523468130E0
6.057301167E0,9.291409311E-2,4.828154138E0,8.539110017E0
6.067347167E0,-1.052522001E-2,4.785172425E0,8.563767725E0
6.077392167E0,-1.243915919E-1,4.717917458E0,8.600109340E0
6.087437167E0,-2.401327398E-1,4.627711293E0,8.646543834E0
6.097482167E0,-3.653652800E-1,4.521734017E0,8.698076515E0
6.107527167E0,-4.989728421E-1,4.406420785E0,8.750461720E0
6.117573167E0,-6.163388490E-1,4.291245255E0,8.800081776E0
6.127618167E0,-6.935563749E-1,4.183665550E0,8.846017503E0
6.137663167E0,-7.095748222E-1,4.099111011E0,8.884249522E0
6.147708167E0,-7.036032070E-1,4.051825747E0,8.906388250E0
6.157754167E0,-7.125533208E-1,4.032215940E0,8.914572598E0
6.167799167E0,-7.185300522E-1,4.035309995E0,8.912692718E0
6.177844167E0,-7.090889186E-1,4.065250662E0,8.899832937E0
6.187889167E0,-6.896486076E-1,4.126359621E0,8.873198285E0
6.197934167E0,-6.591824944E-1,4.217283532E0,8.832671818E0
6.207980167E0,-6.061130190E-1,4.331513860E0,8.781042657E0
6.218025167E0,-5.287762464E-1,4.462438865E0,8.720271376E0
6.228070167E0,-4.163439008E-1,4.600874327E0,8.654173281E0
6.238115167E0,-2.517700876E-1,4.740049169E0,8.585141053E0
6.248161167E0,-3.353329069E-2,4.877819510E0,8.511277855E0
6.258206167E0,2.298687932E-1,5.011088957E0,8.430436006E0
6.268251167E0,5.336708045E-1,5.134322535E0,8.342064112E0
6.278296167E0,8.434314025E-1,5.214952716E0,8.266135093E0
6.288341167E0,1.092568763E0,5.198179393E0,8.247504110E0
6.298387167E0,1.290639685E0,5.117488402E0,8.269320656E0
6.308432167E0,1.468422230E0,5.020586005E0,8.299008724E0
6.318477167E0,1.639779855E0,4.918895323E0,8.327766500E0
6.328522167E0,1.823633711E0,4.821066143E0,8.346723173E0
6.338567167E0,2.028603178E0,4.725124736E0,8.354284793E0
6.348613167E0,2.250682913E0,4.625896317E0,8.352940518E0
6.358658167E0,2.475405006E0,4.523992504E0,8.345176000E0
6.368703167E0,2.685530547E0,4.428168919E0,8.331587656E0
6.378748167E0,2.865117251E0,4.350205069E0,8.312816924E0
6.388794167E0,3.005882244E0,4.300071042E0,8.289159674E0
6.398839167E0,3.106519842E0,4.281909006E0,8.261409373E0
6.408884167E0,3.173576295E0,4.291424472E0,8.230929008E0
6.418929167E0,3.212880110E0,4.317545446E0,8.201969503E0
6.428974167E0,3.224131030E0,4.350968423E0,8.179862934E0
6.439020167E0,3.217103846E0,4.385484537E0,8.164182456E0
6.449065167E0,3.198165591E0,4.414767978E0,8.155836141E0
6.459110167E0,3.140484271E0,4.433291372E0,8.168193646E0
6.469155167E0,3.053318073E0,4.448005306E0,8.193204526E0
6.479201167E0,2.943892402E0,4.464614907E0,8.224160271E0
6.489246167E0,2.812923250E0,4.484684597E0,8.259004998E0
6.499291167E0,2.660754140E0,4.500931963E0,8.300488070E0
6.509336167E0,2.481536103E0,4.511367781E0,8.350187649E0
6.519381167E0,2.279841662E0,4.524248613E0,8.400571352E0
6.529427167E0,2.072537987E0,4.538895011E0,8.446248631E0
6.539472167E0,1.919472499E0,4.531191596E0,8.486461687E0
6.549517167E0,1.797645907E0,4.536392695E0,8.510330021E0
6.559562167E0,1.750949604E0,4.546111937E0,8.514877401E0
6.569608167E0,1.722263310E0,4.554928953E0,8.516015854E0
6.579653167E0,1.679759023E0,4.565519430E0,8.518834212E0
6.589698167E0,1.656456699E0,4.589750584E0,8.510372121E0
6.599743167E0,1.655928111E0,4.631861939E0,8.487629376E0
6.609788167E0,1.674447412E0,4.687571286E0,8.453342473E0
6.619834167E0,1.712373037E0,4.748486702E0,8.411643639E0
6.629879167E0,1.764016085E0,4.809825456E0,8.365998520E0
6.639924167E0,1.820760681E0,4.868225984E0,8.319934739E0
6.649969167E0,1.876503796E0,4.920420277E0,8.276732002E0
6.660014167E0,1.925668209E0,4.964386076E0,8.239099907E0
6.670060167E0,1.963616346E0,4.999950596E0,8.208580949E0
6.680105167E0,1.992131609E0,5.026572384E0,8.185418959E0
6.690150167E0,2.014611960E0,5.042566858E0,8.170064755E0
6.700195167E0,2.027908090E0,5.045649510E0,8.164870089E0
6.710241167E0,2.026499642E0,5.033520046E0,8.172703019E0
6.720286167E0,2.009705123E0,5.006778390E0,8.193250719E0
6.730331167E0,1.983137568E0,4.970130966E0,8.221986861E0
6.740376167E0,1.953293525E0,4.929538425E0,8.253508031E0
6.750421167E0,1.922913878E0,4.890765246E0,8.283653936E0
6.760467167E0,1.888316780E0,4.858664909E0,8.310459327E0
6.770512167E0,1.844024121E0,4.836757731E0,8.333153540E0
6.780557167E0,1.786599493E0,4.825870215E0,8.351954092E0
6.790602167E0,1.719720356E0,4.824711297E0,8.366649315E0
6.800647167E0,1.649351601E0,4.832899153E0,8.376086721E0
6.810693167E0,1.581316177E0,4.850680536E0,8.378928468E0
6.820738167E0,1.523456955E0,4.878003698E0,8.373784087E0
6.830783167E0,1.481247075E0,4.913329943E0,8.360693926E0
6.840828167E0,1.457224374E0,4.953062943E0,8.341448985E0
6.850874167E0,1.449059907E0,4.993378326E0,8.318803888E0
6.860919167E0,1.452010996E0,5.030350855E0,8.295982790E0
6.870964292E0,1.460866604E0,5.061062770E0,8.275724527E0
6.881009292E0,1.471426530E0,5.084846320E0,8.259258183E0
6.891054292E0,1.482824653E0,5.102266345E0,8.246466814E0
6.901100292E0,1.496549823E0,5.113901719E0,8.236774469E0
6.911145292E0,1.512003429E0,5.119844245E0,8.230257747E0
6.921190292E0,1.528984036E0,5.120366401E0,8.226795026E0
6.931235292E0,1.547530234E0,5.115429597E0,8.226398000E0
6.941281292E0,1.566292487E0,5.104685338E0,8.229520998E0
6.951326292E0,1.583236549E0,5.088424816E0,8.236345868E0
6.961371292E0,1.594854236E0,5.068201636E0,8.246566801E0
6.971416292E0,1.598058510E0,5.046020223E0,8.259539434E0
6.981461292E0,1.592398697E0,5.023665149E0,8.274246351E0
6.991507292E0,1.576974327E0,5.003161302E0,8.289609910E0
7.001552292E0,1.554099581E0,4.987037605E0,8.303633872E0
7.011597292E0,1.528162356E0,4.977489102E0,8.314169970E0
7.021642292E0,1.505675134E0,4.975793994E0,8.319285699E0
7.031687292E0,1.487870654E0,4.980577601E0,8.319626591E0
7.041733292E0,1.474524677E0,4.987897146E0,8.317617488E0
7.051778292E0,1.478664359E0,4.998771797E0,8.310350568E0
7.061823292E0,1.489784594E0,5.007040345E0,8.303384196E0
7.071868292E0,1.500957746E0,5.009097980E0,8.300130220E0
7.081914292E0,1.509865248E0,5.007371297E0,8.299556608E0
7.091959292E0,1.515830870E0,5.003736668E0,8.300661147E0
7.102004292E0,1.517535333E0,4.998781153E0,8.303335079E0
7.112049292E0,1.514490834E0,4.992267355E0,8.307808784E0
7.122094292E0,1.506849255E0,4.983963724E0,8.314181079E0
7.132140292E0,1.495226452E0,4.974385400E0,8.322012255E0
7.142185292E0,1.480159492E0,4.965218720E0,8.330176138E0
7.152230292E0,1.463238674E0,4.958676270E0,8.337059480E0
7.162275292E0,1.446377643E0,4.956305809E0,8.341410393E0
7.172320292E0,1.429824321E0,4.957536648E0,8.343532348E0
7.182366292E0,1.412717707E0,4.959943947E0,8.345015786E0
7.192411292E0,1.393950630E0,4.960712271E0,8.347714276E0
7.202456292E0,1.372097977E0,4.957806205E0,8.353059801E0
7.212501292E0,1.345251217E0,4.949611917E0,8.362280860E0
7.222547292E0,1.310884207E0,4.936177939E0,8.375669230E0
7.232592292E0,1.268013299E0,4.918652664E0,8.392561836E0
7.242637292E0,1.217725564E0,4.899306274E0,8.411304501E0
7.252682292E0,1.163491177E0,4.880828195E0,8.429703934E0
7.262727292E0,1.110167128E0,4.866535554E0,8.445144092E0
7.272773292E0,1.071646987E0,4.857813847E0,8.455135814E0
7.282818292E0,1.040750738E0,4.852673559E0,8.461943727E0
7.292863292E0,1.016596109E0,4.848083203E0,8.467509692E0
7.302908292E0,9.964783254E-1,4.836266857E0,8.476653568E0
7.312954292E0,9.692142206E-1,4.808493167E0,8.495593868E0
7.322999292E0,9.311650727E-1,4.764537309E0,8.524565653E0
7.333044292E0,8.871812202E-1,4.713250503E0,8.557702993E0
7.343089292E0,8.490420252E-1,4.666716022E0,8.587024441E0
7.353134292E0,8.202605680E-1,4.633428993E0,8.607822402E0
7.363180292E0,7.903543257E-1,4.617979479E0,8.618915740E0
7.373225292E0,7.654431405E-1,4.621866416E0,8.619080631E0
7.383270292E0,7.403088840E-1,4.637957369E0,8.612629983E0
7.393315292E0,7.043592520E-1,4.658128216E0,8.604755538E0
7.403360292E0,6.561096364E-1,4.678015181E0,8.597778640E0
7.413406292E0,6.007222151E-1,4.695831063E0,8.592112688E0
7.423451292E0,5.435102066E-1,4.709970507E0,8.588182189E0
7.433496292E0,4.882618393E-1,4.718755949E0,8.586678286E0
7.443541292E0,4.387401620E-1,4.721443914E0,8.587874041E0
7.453587292E0,3.970266006E-1,4.717432724E0,8.592106841E0
7.463632292E0,3.641962023E-1,4.706936972E0,8.599314703E0
7.473677292E0,3.400245437E-1,4.691455299E0,8.608759126E0
7.483722292E0,3.244018068E-1,4.672741285E0,8.619533206E0
7.493767292E0,3.160824249E-1,4.652840287E0,8.630600815E0
7.503813292E0,3.122645220E-1,4.634599605E0,8.640548683E0
7.513858292E0,3.088799708E-1,4.621632235E0,8.647612705E0
7.523903292E0,3.027234009E-1,4.614296318E0,8.651747271E0
7.533948292E0,2.906208340E-1,4.611122157E0,8.653854023E0
7.543993292E0,2.712655086E-1,4.610768985E0,8.654670294E0
7.554039292E0,2.452801168E-1,4.612021167E0,8.654779052E0
7.564084292E0,2.145486314E-1,4.614500094E0,8.654274437E0
7.574129292E0,1.814813661E-1,4.618301953E0,8.653002668E0
7.584174292E0,1.489408435E-1,4.624538301E0,8.650292484E0
7.594220292E0,1.193145367E-1,4.634546396E0,8.645394271E0
7.604265292E0,9.438490539E-2,4.648608364E0,8.638150156E0
7.614310292E0,7.413554534E-2,4.666276311E0,8.628816245E0
7.624355292E0,5.756734102E-2,4.686660874E0,8.617888384E0
7.634400292E0,4.429317934E-2,4.709298662E0,8.605616832E0
7.644446292E0,3.411559800E-2,4.733229269E0,8.592524332E0
7.654491292E0,2.687380999E-2,4.756899091E0,8.579469253E0
7.664536292E0,2.206591636E-2,4.778515662E0,8.567461996E0
7.674581292E0,1.963006454E-2,4.796908079E0,8.557183176E0
7.684626292E0,1.885747376E-2,4.811534597E0,8.548969592E0
7.694672292E0,1.845432537E-2,4.822758912E0,8.542643489E0
7.704717292E0,1.739015268E-2,4.831906588E0,8.537475135E0
7.714762292E0,1.609041942E-2,4.840369848E0,8.532682173E0
7.724807292E0,1.505074108E-2,4.848846264E0,8.527869914E0
7.734853292E0,1.349576088E-2,4.857505991E0,8.522942466E0
7.744898292E0,1.083652371E-2,4.865664026E0,8.518292175E0
7.754943292E0,7.697641278E-3,4.871798048E0,8.514788523E0
7.764988292E0,5.348381348E-3,4.874128163E0,8.513456528E0
7.775033292E0,4.844023024E-3,4.872335114E0,8.514483299E0
7.785079292E0,7.362913878E-3,4.866740791E0,8.517680556E0
7.795124292E0,1.279569270E-2,4.858131058E0,8.522587540E0
7.805169292E0,2.009770018E-2,4.847402587E0,8.528679754E0
7.815214292E0,2.748686314E-2,4.835883280E0,8.535196475E0
7.825259292E0,3.383357948E-2,4.824857770E0,8.541411481E0
7.835305292E0,3.894432461E-2,4.815910945E0,8.546437163E0
7.845350292E0,4.269559668E-2,4.810144714E0,8.549665995E0
7.855395292E0,4.508243468E-2,4.807659939E0,8.551051201E0
7.865440083E0,4.650516274E-2,4.807102407E0,8.551356425E0
7.875486083E0,4.717122913E-2,4.805131603E0,8.552460380E0
7.885531083E0,4.677240334E-2,4.798335677E0,8.556277442E0
7.895576083E0,4.340273062E-2,4.783983101E0,8.564328473E0
7.905621083E0,3.558248853E-2,4.759579454E0,8.577950732E0
7.915666083E0,2.213735746E-2,4.724710753E0,8.597250636E0
7.925712083E0,2.570310092E-3,4.682673658E0,8.620247151E0
7.935757083E0,-2.110754858E-2,4.639279132E0,8.643653555E0
7.945802083E0,-4.588097247E-2,4.599836154E0,8.664612315E0
7.955847083E0,-7.030988116E-2,4.568467011E0,8.681028957E0
7.965892083E0,-9.302251328E-2,4.547233433E0,8.691956819E0
7.975938083E0,-1.127125552E-1,4.535878140E0,8.697655515E0
7.985983083E0,-1.288987262E-1,4.532201411E0,8.699347115E0
7.996028083E0,-1.427685044E-1,4.532883781E0,8.698774672E0
8.006073083E0,-1.569661836E-1,4.534189464E0,8.697849643E0
8.016119083E0,-1.730858425E-1,4.533996798E0,8.697643821E0
8.026164083E0,-1.911256174E-1,4.530993668E0,8.698831390E0
8.036209083E0,-2.123531481E-1,4.525308713E0,8.701298330E0
8.046254083E0,-2.376026861E-1,4.518101142E0,8.704390338E0
8.056299083E0,-2.666240619E-1,4.510434566E0,8.707525030E0
8.066345083E0,-2.991702490E-1,4.503217640E0,8.710202470E0
8.076390083E0,-3.332476939E-1,4.496423760E0,8.712474698E0
8.086435083E0,-3.660526933E-1,4.490494683E0,8.714215999E0
8.096480083E0,-3.943830379E-1,4.485882107E0,8.715355622E0
8.106525083E0,-4.156981489E-1,4.482626085E0,8.716040331E0
8.116571083E0,-4.286526552E-1,4.480816664E0,8.716343216E0
8.126616083E0,-4.334549369E-1,4.479818252E0,8.716619205E0
8.136661083E0,-4.312357723E-1,4.478916027E0,8.717192817E0
8.146706083E0,-4.242605557E-1,4.478121682E0,8.717943015E0
8.156752083E0,-4.146254041E-1,4.478172553E0,8.718380386E0
8.166797083E0,-4.042003302E-1,4.480259132E0,8.717798004E0
8.176842083E0,-3.934103901E-1,4.486006068E0,8.715335741E0
8.186887083E0,-3.829326182E-1,4.496690393E0,8.710294856E0
8.196932083E0,-3.749016502E-1,4.512941267E0,8.702235639E0
8.206978083E0,-3.729711554E-1,4.534846106E0,8.690924200E0
8.217023083E0,-3.807996270E-1,4.562071035E0,8.676324288E0
8.227068083E0,-4.001383791E-1,4.593571447E0,8.658815970E0
8.237113083E0,-4.279947703E-1,4.626475191E0,8.639944666E0
8.247158083E0,-4.625367583E-1,4.656945617E0,8.621775613E0
8.257204083E0,-5.026419699E-1,4.682836211E0,8.605492287E0
8.267249083E0,-5.452851289E-1,4.703014075E0,8.591881138E0
8.277294083E0,-5.870323849E-1,4.717265201E0,8.581311126E0
8.287339083E0,-6.237346997E-1,4.727178278E0,8.573263019E0
8.297385083E0,-6.496907824E-1,4.735155927E0,8.566931069E0
8.307430083E0,-6.563857712E-1,4.742235736E0,8.562503557E0
8.317475083E0,-6.588007443E-1,4.749000672E0,8.558567212E0
8.327520083E0,-6.566395403E-1,4.757506616E0,8.554008138E0
8.337565083E0,-6.478160188E-1,4.767881331E0,8.548902934E0
8.347611083E0,-6.364271045E-1,4.778883744E0,8.543613542E0
8.357656083E0,-6.267634112E-1,4.791173715E0,8.537442391E0
8.367701083E0,-6.201101569E-1,4.805694398E0,8.529763243E0
8.377746083E0,-6.166515289E-1,4.822333527E0,8.520618197E0
8.387791083E0,-6.163034002E-1,4.839782495E0,8.510744589E0
8.397837083E0,-6.191441238E-1,4.856037755E0,8.501273854E0
8.407882083E0,-6.246010378E-1,4.869410045E0,8.493222238E0
8.417927083E0,-6.311165171E-1,4.879112037E0,8.487170370E0
8.427972083E0,-6.369225099E-1,4.885934861E0,8.482810101E0
8.438018083E0,-6.411183257E-1,4.891033633E0,8.479554956E0
8.448063083E0,-6.433131512E-1,4.895598847E0,8.476754140E0
8.458108083E0,-6.431503062E-1,4.899814982E0,8.474329884E0
8.468153083E0,-6.405714648E-1,4.903136492E0,8.472604371E0
8.478198083E0,-6.361868571E-1,4.904698868E0,8.472030174E0
8.488244083E0,-6.301592548E-1,4.903985508E0,8.472893808E0
8.498289083E0,-6.224252158E-1,4.901109263E0,8.475129198E0
8.508334083E0,-6.143482375E-1,4.896694030E0,8.478269738E0
8.518379083E0,-6.074848123E-1,4.891763366E0,8.481610252E0
8.528424083E0,-6.028921533E-1,4.887156637E0,8.484593502E0
8.538470083E0,-6.004068309E-1,4.883334604E0,8.486969810E0
8.548515083E0,-5.988350262E-1,4.880154011E0,8.488909916E0
8.558560083E0,-5.960475489E-1,4.877053818E0,8.490887445E0
8.568605083E0,-5.906603264E-1,4.873031226E0,8.493573071E0
8.578651083E0,-5.832627580E-1,4.866337333E0,8.497921060E0
8.588696083E0,-5.752911393E-1,4.855734577E0,8.504527245E0
8.598741083E0,-5.679150229E-1,4.840727990E0,8.513572887E0
8.608786083E0,-5.622304695E-1,4.822402232E0,8.524343458E0
8.618831083E0,-5.592107115E-1,4.802237524E0,8.535918022E0
8.628877083E0,-5.591746415E-1,4.782222505E0,8.547149938E0
8.638922083E0,-5.614854611E-1,4.764101691E0,8.557112424E0
8.648967083E0,-5.656734197E-1,4.747861049E0,8.565858105E0
8.659012083E0,-5.719150301E-1,4.732441357E0,8.573972871E0
8.669057083E0,-5.809042836E-1,4.716456824E0,8.582172421E0
8.679103083E0,-5.922280014E-1,4.698923070E0,8.591011657E0
8.689148083E0,-6.040198620E-1,4.679358579E0,8.600864215E0
8.699193083E0,-6.139267994E-1,4.658123538E0,8.611682734E0
8.709238083E0,-6.200487611E-1,4.636818331E0,8.622734556E0
8.719284083E0,-6.226409780E-1,4.617298864E0,8.633016300E0
8.729329083E0,-6.216942407E-1,4.601621017E0,8.641451494E0
8.739374083E0,-6.169838700E-1,4.591521998E0,8.647158376E0
8.749419083E0,-6.085877799E-1,4.587190673E0,8.650052163E0
8.759464083E0,-5.981589419E-1,4.587272534E0,8.650736287E0
8.769510083E0,-5.865435942E-1,4.590023941E0,8.650072044E0
8.779555083E0,-5.741274703E-1,4.594068460E0,8.648758174E0
8.789600083E0,-5.604281749E-1,4.598481939E0,8.647310988E0
8.799645083E0,-5.446289982E-1,4.602748067E0,8.646050329E0
8.809690083E0,-5.258252298E-1,4.606415149E0,8.645261539E0
8.819736083E0,-5.029767961E-1,4.609267128E0,8.645100741E0
8.829781083E0,-4.755804711E-1,4.611058715E0,8.645695987E0
8.839826083E0,-4.438195286E-1,4.611465096E0,8.647167732E0
8.849871083E0,-4.090057182E-1,4.609542824E0,8.649909491E0
8.859916083E0,-3.731122195E-1,4.604674433E0,8.654124164E0
8.869961542E0,-3.392955421E-1,4.596355307E0,8.659936296E0
8.880006542E0,-3.098012727E-1,4.585365465E0,8.666864662E0
8.890051542E0,-2.854153502E-1,4.573406447E0,8.674018146E0
8.900096542E0,-2.663560036E-1,4.562428592E0,8.680403305E0
8.910142542E0,-2.524800858E-1,4.553861251E0,8.685314966E0
8.920187542E0,-2.435855572E-1,4.547977491E0,8.688651388E0
8.930232542E0,-2.394717669E-1,4.544123299E0,8.690782113E0
8.940277542E0,-2.399008246E-1,4.541067251E0,8.692367878E0
8.950322542E0,-2.444496112E-1,4.537532317E0,8.694086959E0
8.960368542E0,-2.518233887E-1,4.533214148E0,8.696128807E0
8.970413542E0,-2.609031096E-1,4.528776989E0,8.698172994E0
8.980458542E0,-2.710383078E-1,4.525611014E0,8.699510252E0
8.990503542E0,-2.822790499E-1,4.524968989E0,8.699487448E0
9.000548542E0,-2.947062653E-1,4.527564861E0,8.697724512E0
9.010594542E0,-3.080890253E-1,4.533245723E0,8.694300967E0
9.020639542E0,-3.226732967E-1,4.540749747E0,8.689854745E0
9.030684542E0,-3.382737412E-1,4.549026774E0,8.684931389E0
9.040729542E0,-3.549544953E-1,4.557199135E0,8.679979382E0
9.050775542E0,-3.736882799E-1,4.565449848E0,8.674856052E0
9.060820542E0,-3.944288654E-1,4.574675000E0,8.669075494E0
9.070865542E0,-4.153746517E-1,4.585551114E0,8.662348273E0
9.080910542E0,-4.352480952E-1,4.597840207E0,8.654855651E0
9.090955542E0,-4.532571905E-1,4.610990010E0,8.646932089E0
9.101001542E0,-4.693817282E-1,4.624196531E0,8.639015543E0
9.111046542E0,-4.838184671E-1,4.636364003E0,8.631694245E0
9.121091542E0,-4.968063390E-1,4.645856080E0,8.625851122E0
9.131136542E0,-5.086939112E-1,4.651164767E0,8.622296600E0
9.141181542E0,-5.201035100E-1,4.652049743E0,8.621138266E0
9.151227542E0,-5.308711942E-1,4.649447732E0,8.621885540E0
9.161272542E0,-5.412230682E-1,4.644715873E0,8.623792318E0
9.171317542E0,-5.522881929E-1,4.639810644E0,8.625730669E0
9.181362542E0,-5.636130071E-1,4.636507844E0,8.626774397E0
9.191408542E0,-5.745871711E-1,4.636046791E0,8.626297849E0
9.201453542E0,-5.849641151E-1,4.639119211E0,8.623948438E0
9.211498542E0,-5.940757216E-1,4.646194634E0,8.619515664E0
9.221543542E0,-6.012400591E-1,4.657391467E0,8.612973799E0
9.231588542E0,-6.057421228E-1,4.672440154E0,8.604503523E0
9.241634542E0,-6.078640774E-1,4.690642828E0,8.594444557E0
9.251679542E0,-6.071596706E-1,4.710998740E0,8.583352974E0
9.261724542E0,-6.051527235E-1,4.732598355E0,8.571604748E0
9.271769542E0,-6.081481789E-1,4.755702458E0,8.558595278E0
9.281814542E0,-6.133178119E-1,4.781170591E0,8.544024602E0
9.291860542E0,-6.198072711E-1,4.809029065E0,8.527906167E0
9.301905542E0,-6.294006517E-1,4.838620361E0,8.510446966E0
9.311950542E0,-6.435700632E-1,4.869407414E0,8.491807212E0
9.321995542E0,-6.611505941E-1,4.901596920E0,8.471913815E0
9.332041542E0,-6.792719194E-1,4.934720812E0,8.451225781E0
9.342086542E0,-6.961569241E-1,4.968017197E0,8.430319061E0
9.352131542E0,-7.104362632E-1,5.000126597E0,8.410119855E0
9.362176542E0,-7.217699944E-1,5.028686153E0,8.392106922E0
9.372221542E0,-7.308305474E-1,5.051107886E0,8.377845563E0
9.382267542E0,-7.378072259E-1,5.067062014E0,8.367593640E0
9.392312542E0,-7.418234590E-1,5.078864619E0,8.360079383E0
9.402357542E0,-7.414657556E-1,5.089469714E0,8.353659140E0
9.412402542E0,-7.360302570E-1,5.100131527E0,8.347635339E0
9.422447542E0,-7.262819984E-1,5.109544374E0,8.342731864E0
9.432493542E0,-7.140787131E-1,5.115231961E0,8.340299422E0
9.442538542E0,-7.015349007E-1,5.115733652E0,8.341056052E0
9.452583542E0,-6.918279380E-1,5.111113767E0,8.344698282E0
9.462628542E0,-6.879331076E-1,5.103276744E0,8.349815181E0
9.472673542E0,-6.900282381E-1,5.094241626E0,8.355158367E0
9.482719542E0,-6.945642156E-1,5.085878938E0,8.359875315E0
9.492764542E0,-6.959035204E-1,5.079229485E0,8.363805814E0
9.502809542E0,-6.918591475E-1,5.073511493E0,8.367611182E0
9.512854542E0,-6.817338896E-1,5.068256015E0,8.371626465E0
9.522900542E0,-6.625364573E-1,5.063894577E0,8.375805470E0
9.532945542E0,-6.310394800E-1,5.060510793E0,8.380281513E0
9.542990542E0,-5.853273733E-1,5.057236353E0,8.385573828E0
9.553035542E0,-5.234447552E-1,5.053308778E0,8.392030324E0
9.563080542E0,-4.452309368E-1,5.049204032E0,8.399012484E0
9.573126542E0,-3.546139315E-1,5.046281009E0,8.405081309E0
9.583171542E0,-2.593331505E-1,5.045704474E0,8.408906558E0
9.593216542E0,-1.681160929E-1,5.047113653E0,8.410379471E0
9.603261542E0,-9.090038513E-2,5.047272697E0,8.411472901E0
9.613306542E0,-3.467974467E-2,5.042162815E0,8.414956087E0
9.623352542E0,9.749175005E-4,5.030258469E0,8.422149332E0
9.633397542E0,2.279638663E-2,5.012659519E0,8.432605323E0
9.643442542E0,4.000293103E-2,4.992134623E0,8.444707890E0
9.653487542E0,6.105285256E-2,4.971555932E0,8.456713393E0
9.663532542E0,9.182073687E-2,4.952820284E0,8.467422568E0
9.673578542E0,1.343795041E-1,4.936231148E0,8.476536039E0
9.683623542E0,1.879988554E-1,4.920644225E0,8.484574791E0
9.693668542E0,2.489640089E-1,4.904005681E0,8.492635177E0
9.703713542E0,3.130557964E-1,4.884618068E0,8.501682574E0
9.713759542E0,3.756134391E-1,4.860986838E0,8.512685865E0
9.723804542E0,4.306212665E-1,4.831189135E0,8.527032008E0
9.733849542E0,4.731894350E-1,4.793501491E0,8.546024349E0
9.743894542E0,5.008085023E-1,4.746646583E0,8.570568037E0
9.753939542E0,5.118154107E-1,4.690408940E0,8.600826209E0
9.763985542E0,5.050157202E-1,4.626524308E0,8.635759229E0
9.774030542E0,4.799876272E-1,4.559828627E0,8.672581485E0
9.784075542E0,4.401161946E-1,4.496916972E0,8.707475914E0
9.794120542E0,3.916478566E-1,4.444254902E0,8.736779235E0
9.804165542E0,3.409076560E-1,4.405722920E0,8.758395222E0
9.814211542E0,2.940573157E-1,4.381486796E0,8.772240259E0
9.824256542E0,2.551031833E-1,4.366767015E0,8.780795320E0
9.834301542E0,2.237662187E-1,4.355387164E0,8.787299178E0
9.844346542E0,1.978524370E-1,4.342857458E0,8.794119955E0
9.854392542E0,1.739327751E-1,4.326496656E0,8.802685542E0
9.864437542E0,1.473106490E-1,4.304727765E0,8.813836766E0
9.874482583E0,1.148358254E-1,4.278358576E0,8.827149122E0
9.884527583E0,7.775867659E-2,4.250727851E0,8.840891833E0
9.894572583E0,4.073292393E-2,4.225112661E0,8.853409553E0
9.904618583E0,7.881962189E-3,4.203239104E0,8.863905305E0
9.914663583E0,-1.905003102E-2,4.185073267E0,8.872479662E0
9.924708583E0,-3.979012893E-2,4.170350563E0,8.879340785E0
9.934753583E0,-5.556608121E-2,4.159510702E0,8.884338984E0
9.944798583E0,-6.626987084E-2,4.153436030E0,8.887107641E0
9.954844583E0,-7.056106932E-2,4.152173616E0,8.887664296E0
9.964889583E0,-6.789461107E-2,4.154779720E0,8.886466786E0
9.974934583E0,-5.798295014E-2,4.159279737E0,8.884431955E0
9.984979583E0,-4.115031006E-2,4.162413845E0,8.883057860E0
9.995025583E0,-1.945161254E-2,4.161034779E0,8.883777652E0
1.000507058E1,5.974667252E-3,4.155476416E0,8.886398374E0
1.001511558E1,3.429906581E-2,4.150620303E0,8.888603359E0
1.002516058E1,6.395162799E-2,4.152330906E0,8.887640907E0
1.003520558E1,9.229483643E-2,4.162600663E0,8.882586574E0
1.004525158E1,1.181556369E-1,4.179977419E0,8.874115713E0
1.005529658E1,1.414184737E-1,4.200806370E0,8.863933956E0
1.006534158E1,1.623093327E-1,4.220865244E0,8.854041637E0
1.007538658E1,1.819767349E-1,4.237955193E0,8.845491253E0
1.008543158E1,2.011985427E-1,4.252319463E0,8.838178725E0
1.009547758E1,2.209020332E-1,4.265758119E0,8.831229309E0
1.010552258E1,2.424677523E-1,4.281429826E0,8.823075952E0
1.011556758E1,2.657273000E-1,4.302062311E0,8.812363268E0
1.012561258E1,2.898267821E-1,4.328854254E0,8.798472623E0
1.013565758E1,3.136641261E-1,4.361450727E0,8.781540840E0
1.014570358E1,3.360031577E-1,4.399584221E0,8.761669663E0
1.015574858E1,3.568542922E-1,4.443705848E0,8.738548602E0
1.016579358E1,3.763348393E-1,4.494761981E0,8.711577736E0
1.017583858E1,3.940411219E-1,4.551261872E0,8.681407857E0
1.018588458E1,4.088098365E-1,4.609848049E0,8.649756294E0
1.019592958E1,4.195163807E-1,4.667706540E0,8.618156771E0
1.020597458E1,4.254334341E-1,4.723800634E0,8.587247220E0
1.021601958E1,4.263286793E-1,4.777294764E0,8.557557982E0
1.022606458E1,4.219005098E-1,4.827181453E0,8.529737515E0
1.023611058E1,4.097018293E-1,4.871798048E0,8.504929533E0
1.024615558E1,3.870170080E-1,4.908520024E0,8.484854288E0
1.025620058E1,3.528572818E-1,4.933107566E0,8.472074028E0
1.026624558E1,3.089236057E-1,4.940453423E0,8.469509439E0
1.027629058E1,2.622363661E-1,4.929304537E0,8.477575673E0
1.028633658E1,2.255873340E-1,4.904497432E0,8.493003552E0
1.029638158E1,2.097312018E-1,4.873573847E0,8.511191901E0
1.030642658E1,2.173995876E-1,4.844353556E0,8.527665262E0
1.031647158E1,2.442306695E-1,4.821847039E0,8.539686552E0
1.032651758E1,2.833978598E-1,4.808616544E0,8.545934302E0
1.033656258E1,3.277196997E-1,4.806564171E0,8.545503947E0
1.034660758E1,3.713287091E-1,4.816418484E0,8.538169200E0
1.035665258E1,4.105802638E-1,4.836758900E0,8.524863276E0
1.036669758E1,4.415922145E-1,4.864265080E0,8.507644980E0
1.037674358E1,4.614851365E-1,4.896865061E0,8.487864434E0
1.038678858E1,4.702771562E-1,4.934903830E0,8.465321079E0
1.039683358E1,4.703837582E-1,4.979578312E0,8.439113274E0
1.040687858E1,4.655454065E-1,5.031064215E0,8.408790783E0
1.041692358E1,4.577661977E-1,5.088336523E0,8.374686897E0
1.042696958E1,4.470699958E-1,5.149254570E0,8.337949426E0
1.043701458E1,4.324938008E-1,5.211498765E0,8.299959481E0
1.044705958E1,4.112640956E-1,5.272077674E0,8.262696930E0
1.045710458E1,3.798563615E-1,5.327944311E0,8.228294252E0
1.046714958E1,3.368074788E-1,5.376989002E0,8.198210328E0
1.047719558E1,2.841317219E-1,5.417466937E0,8.173519290E0
1.048724058E1,2.255038833E-1,5.447890000E0,8.155105239E0
1.049728558E1,1.656896629E-1,5.467089332E0,8.143683872E0
1.050733058E1,1.084112063E-1,5.474862036E0,8.139424760E0
1.051737558E1,5.589101738E-2,5.472006256E0,8.141874159E0
1.052742158E1,8.706203180E-3,5.460691309E0,8.149655049E0
1.053746658E1,-3.360031440E-2,5.443913893E0,8.160806859E0
1.054751158E1,-7.284996646E-2,5.425398100E0,8.172872588E0
1.055755658E1,-1.096916460E-1,5.407176422E0,8.184529012E0
1.056760258E1,-1.434566029E-1,5.389243011E0,8.195827003E0
1.057764758E1,-1.728918977E-1,5.370651789E0,8.207454776E0
1.058769258E1,-1.963676828E-1,5.350706937E0,8.219943259E0
1.059773758E1,-2.132437887E-1,5.330095502E0,8.232903612E0
1.060778258E1,-2.243087672E-1,5.310955226E0,8.244970511E0
1.061782858E1,-2.324776930E-1,5.296048919E0,8.254327226E0
1.062787358E1,-2.410696647E-1,5.287490349E0,8.259566331E0
1.063791858E1,-2.516082842E-1,5.285829155E0,8.260314775E0
1.064796358E1,-2.636027873E-1,5.289937994E0,8.257309890E0
1.065800858E1,-2.757856987E-1,5.297631176E0,8.251978399E0
1.066805458E1,-2.870824828E-1,5.306185067E0,8.246094931E0
1.067809958E1,-2.967929538E-1,5.312881883E0,8.241438208E0
1.068814458E1,-3.052729149E-1,5.315818940E0,8.239234393E0
1.069818958E1,-3.138567553E-1,5.315916588E0,8.238848476E0
1.070823458E1,-3.234021156E-1,5.315700241E0,8.238618681E0
1.071828058E1,-3.358222229E-1,5.318111633E0,8.236565139E0
1.072832558E1,-3.518014939E-1,5.325392001E0,8.231192717E0
1.073837058E1,-3.695642387E-1,5.337705068E0,8.222434173E0
1.074841558E1,-3.869937653E-1,5.352935311E0,8.211724412E0
1.075846158E1,-4.026867785E-1,5.367933419E0,8.201173112E0
1.076850658E1,-4.154500808E-1,5.379835426E0,8.192732656E0
1.077855158E1,-4.235489495E-1,5.386824603E0,8.187723931E0
1.078859658E1,-4.274641721E-1,5.388484043E0,8.186428773E0
1.079864158E1,-4.294257302E-1,5.386635738E0,8.187542667E0
1.080868758E1,-4.318134772E-1,5.383713884E0,8.189338347E0
1.081873258E1,-4.373329930E-1,5.381503052E0,8.190498435E0
1.082877758E1,-4.481663853E-1,5.381145787E0,8.190147017E0
1.083882258E1,-4.636934106E-1,5.382928019E0,8.188111601E0
1.084886758E1,-4.814244343E-1,5.386619366E0,8.184659990E0
1.085891358E1,-4.993881771E-1,5.391499452E0,8.180369303E0
1.086895921E1,-5.170496554E-1,5.398269943E0,8.174805093E0
1.087900421E1,-5.341198341E-1,5.407558245E0,8.167565655E0
1.088904921E1,-5.515605069E-1,5.419239228E0,8.158659761E0
1.089909421E1,-5.704532992E-1,5.432693671E0,8.148406084E0
1.090914021E1,-5.909169460E-1,5.446874338E0,8.137473544E0
1.091918521E1,-6.111797775E-1,5.459897842E0,8.127242671E0
1.092923021E1,-6.284598347E-1,5.470461422E0,8.118816833E0
1.093927521E1,-6.414695971E-1,5.478417143E0,8.112432259E0
1.094932121E1,-6.505372399E-1,5.485751306E0,8.106752273E0
1.095936621E1,-6.574800045E-1,5.495448913E0,8.099621009E0
1.096941121E1,-6.648807523E-1,5.510209039E0,8.088982000E0
1.097945621E1,-6.744702590E-1,5.530915200E0,8.074042949E0
1.098950121E1,-6.860364901E-1,5.555687513E0,8.056040542E0
1.099954721E1,-6.975306543E-1,5.579260563E0,8.038743893E0
1.100959221E1,-7.009536874E-1,5.599103090E0,8.024637485E0
1.101963721E1,-6.964500888E-1,5.614248548E0,8.014441110E0
1.102968221E1,-6.889941580E-1,5.622324722E0,8.009423030E0
1.103972721E1,-6.803334814E-1,5.625329021E0,8.008053612E0
1.104977321E1,-6.721185820E-1,5.626603130E0,8.007852468E0
1.105981821E1,-6.656985585E-1,5.628633283E0,8.006961937E0
1.106986321E1,-6.604871544E-1,5.633095878E0,8.004254091E0
1.107990821E1,-6.565597259E-1,5.640764501E0,7.999175200E0
1.108995321E1,-6.541157359E-1,5.650707107E0,7.992355008E0
1.109999921E1,-6.533373984E-1,5.661350793E0,7.984883435E0
1.111004421E1,-6.543652658E-1,5.671662943E0,7.977477352E0
1.112008921E1,-6.569938085E-1,5.681559355E0,7.970215695E0
1.113013421E1,-6.604631077E-1,5.690915485E0,7.963251076E0
1.114018021E1,-6.643148880E-1,5.699063580E0,7.957100975E0
1.115022521E1,-6.674659525E-1,5.706146897E0,7.951759543E0
1.116027021E1,-6.702217452E-1,5.712456627E0,7.946995817E0
1.117031521E1,-6.727730316E-1,5.718427804E0,7.942484690E0
1.118036021E1,-6.750364888E-1,5.724267418E0,7.938084660E0
1.119040621E1,-6.764320730E-1,5.730397639E0,7.933541374E0
1.120045121E1,-6.757328191E-1,5.737395002E0,7.928542589E0
1.121049621E1,-6.732339384E-1,5.745979300E0,7.922536329E0
1.122054121E1,-6.710787278E-1,5.755508507E0,7.915799167E0
1.123058621E1,-6.706218410E-1,5.765541160E0,7.908533417E0
1.124063221E1,-6.718078756E-1,5.776060300E0,7.900753697E0
1.125067721E1,-6.743213743E-1,5.786934952E0,7.892576950E0
1.126072221E1,-6.773694547E-1,5.798065127E0,7.884142926E0
1.127076721E1,-6.799200102E-1,5.808954397E0,7.875904199E0
1.128081221E1,-6.807499494E-1,5.819150771E0,7.868301065E0
1.129085821E1,-6.797548994E-1,5.828995144E0,7.861097295E0
1.130090321E1,-6.776068517E-1,5.839265193E0,7.853657298E0
1.131094821E1,-6.761668286E-1,5.850825723E0,7.845172988E0
1.132099321E1,-6.767009718E-1,5.864520487E0,7.834894753E0
1.133103821E1,-6.796305730E-1,5.880284581E0,7.822816159E0
1.134108421E1,-6.839078844E-1,5.897480072E0,7.809488016E0
1.135112921E1,-6.878597981E-1,5.914278538E0,7.796425921E0
1.136117421E1,-6.908606623E-1,5.928229410E0,7.785557701E0
1.137121921E1,-6.918767622E-1,5.937825860E0,7.778151033E0
1.138126521E1,-6.904666331E-1,5.942048135E0,7.775051424E0
1.139131021E1,-6.871035339E-1,5.940924300E0,7.776208003E0
1.140135521E1,-6.817099160E-1,5.935653620E0,7.780705681E0
1.141140021E1,-6.746621208E-1,5.926956471E0,7.787946873E0
1.142144521E1,-6.651366410E-1,5.914041141E0,7.798577111E0
1.143149121E1,-6.500803531E-1,5.902468917E0,7.808608010E0
1.144153621E1,-6.302037667E-1,5.896381381E0,7.814834125E0
1.145158121E1,-6.096134912E-1,5.894739482E0,7.817705693E0
1.146162621E1,-5.905986017E-1,5.896332264E0,7.817964140E0
1.147167121E1,-5.726118354E-1,5.900649848E0,7.816044499E0